song,songLabel,contributor,contributorLabel,role,album,albumLabel,genre,genreLabel,recordLabel,recordLabelLabel,country,countryLabel,releaseDate
http://dbpedia.org/resource/Che_t'o_dico_a_fa',Che t'o dico a fa',http://dbpedia.org/resource/Angelina_Mango,Angelina Mango,performer,http://dbpedia.org/resource/Poké_melodrama,Poké melodrama,http://dbpedia.org/resource/Dance-pop,Dance-pop,http://dbpedia.org/resource/BMG_Rights_Management,BMG Rights Management,http://dbpedia.org/resource/Italy,Italy,10/6/2023
http://dbpedia.org/resource/La_noia_(song),La noia (song),http://dbpedia.org/resource/Angelina_Mango,Angelina Mango,performer,http://dbpedia.org/resource/Poké_melodrama,Poké melodrama,http://dbpedia.org/resource/Folk_music,Folk music,http://dbpedia.org/resource/List_of_Warner_Music_Group_labels,Warner Music Japan,http://dbpedia.org/resource/Italy,Italy,2/7/2024
http://dbpedia.org/resource/La_noia_(song),La noia (song),http://dbpedia.org/resource/Angelina_Mango,Angelina Mango,performer,http://dbpedia.org/resource/Poké_melodrama,Poké melodrama,http://dbpedia.org/resource/Folk_music,Folk music,http://dbpedia.org/resource/List_of_Warner_Music_Group_labels,Warner Music Germany,http://dbpedia.org/resource/Italy,Italy,2/7/2024
http://dbpedia.org/resource/La_noia_(song),La noia (song),http://dbpedia.org/resource/Angelina_Mango,Angelina Mango,performer,http://dbpedia.org/resource/Poké_melodrama,Poké melodrama,http://dbpedia.org/resource/Folk_music,Folk music,http://dbpedia.org/resource/List_of_Warner_Music_Group_labels,Warner Music Argentina,http://dbpedia.org/resource/Italy,Italy,2/7/2024
http://dbpedia.org/resource/La_noia_(song),La noia (song),http://dbpedia.org/resource/Angelina_Mango,Angelina Mango,performer,http://dbpedia.org/resource/Poké_melodrama,Poké melodrama,http://dbpedia.org/resource/Folk_music,Folk music,http://dbpedia.org/resource/List_of_Warner_Music_Group_labels,Warner Music Brasil,http://dbpedia.org/resource/Italy,Italy,2/7/2024
http://dbpedia.org/resource/La_noia_(song),La noia (song),http://dbpedia.org/resource/Angelina_Mango,Angelina Mango,performer,http://dbpedia.org/resource/Poké_melodrama,Poké melodrama,http://dbpedia.org/resource/Folk_music,Folk music,http://dbpedia.org/resource/List_of_Warner_Music_Group_labels,Warner Music Chile,http://dbpedia.org/resource/Italy,Italy,2/7/2024
http://dbpedia.org/resource/La_noia_(song),La noia (song),http://dbpedia.org/resource/Angelina_Mango,Angelina Mango,performer,http://dbpedia.org/resource/Poké_melodrama,Poké melodrama,http://dbpedia.org/resource/Folk_music,Folk music,http://dbpedia.org/resource/List_of_Warner_Music_Group_labels,Warner Music Finland,http://dbpedia.org/resource/Italy,Italy,2/7/2024
http://dbpedia.org/resource/La_noia_(song),La noia (song),http://dbpedia.org/resource/Angelina_Mango,Angelina Mango,performer,http://dbpedia.org/resource/Poké_melodrama,Poké melodrama,http://dbpedia.org/resource/Folk_music,Folk music,http://dbpedia.org/resource/List_of_Warner_Music_Group_labels,Warner Music Denmark,http://dbpedia.org/resource/Italy,Italy,2/7/2024
http://dbpedia.org/resource/La_noia_(song),La noia (song),http://dbpedia.org/resource/Angelina_Mango,Angelina Mango,performer,http://dbpedia.org/resource/Poké_melodrama,Poké melodrama,http://dbpedia.org/resource/Folk_music,Folk music,http://dbpedia.org/resource/List_of_Warner_Music_Group_labels,Warner Music Malaysia,http://dbpedia.org/resource/Italy,Italy,2/7/2024
http://dbpedia.org/resource/La_noia_(song),La noia (song),http://dbpedia.org/resource/Angelina_Mango,Angelina Mango,performer,http://dbpedia.org/resource/Poké_melodrama,Poké melodrama,http://dbpedia.org/resource/Folk_music,Folk music,http://dbpedia.org/resource/List_of_Warner_Music_Group_labels,Warner Music Taiwan,http://dbpedia.org/resource/Italy,Italy,2/7/2024
http://dbpedia.org/resource/La_noia_(song),La noia (song),http://dbpedia.org/resource/Angelina_Mango,Angelina Mango,performer,http://dbpedia.org/resource/Poké_melodrama,Poké melodrama,http://dbpedia.org/resource/Folk_music,Folk music,http://dbpedia.org/resource/List_of_Warner_Music_Group_labels,Warner Music Hong Kong,http://dbpedia.org/resource/Italy,Italy,2/7/2024
http://dbpedia.org/resource/La_noia_(song),La noia (song),http://dbpedia.org/resource/Angelina_Mango,Angelina Mango,performer,http://dbpedia.org/resource/Poké_melodrama,Poké melodrama,http://dbpedia.org/resource/Folk_music,Folk music,http://dbpedia.org/resource/List_of_Warner_Music_Group_labels,Warner Music Portugal,http://dbpedia.org/resource/Italy,Italy,2/7/2024
http://dbpedia.org/resource/La_noia_(song),La noia (song),http://dbpedia.org/resource/Angelina_Mango,Angelina Mango,performer,http://dbpedia.org/resource/Poké_melodrama,Poké melodrama,http://dbpedia.org/resource/Folk_music,Folk music,http://dbpedia.org/resource/List_of_Warner_Music_Group_labels,Warner Music Nashville,http://dbpedia.org/resource/Italy,Italy,2/7/2024
http://dbpedia.org/resource/La_noia_(song),La noia (song),http://dbpedia.org/resource/Angelina_Mango,Angelina Mango,performer,http://dbpedia.org/resource/Poké_melodrama,Poké melodrama,http://dbpedia.org/resource/Folk_music,Folk music,http://dbpedia.org/resource/List_of_Warner_Music_Group_labels,Warner Music Norway,http://dbpedia.org/resource/Italy,Italy,2/7/2024
http://dbpedia.org/resource/La_noia_(song),La noia (song),http://dbpedia.org/resource/Angelina_Mango,Angelina Mango,performer,http://dbpedia.org/resource/Poké_melodrama,Poké melodrama,http://dbpedia.org/resource/Folk_music,Folk music,http://dbpedia.org/resource/List_of_Warner_Music_Group_labels,Warner Music France,http://dbpedia.org/resource/Italy,Italy,2/7/2024
http://dbpedia.org/resource/La_noia_(song),La noia (song),http://dbpedia.org/resource/Angelina_Mango,Angelina Mango,performer,http://dbpedia.org/resource/Poké_melodrama,Poké melodrama,http://dbpedia.org/resource/Folk_music,Folk music,http://dbpedia.org/resource/List_of_Warner_Music_Group_labels,Warner Music Italy,http://dbpedia.org/resource/Italy,Italy,2/7/2024
http://dbpedia.org/resource/La_noia_(song),La noia (song),http://dbpedia.org/resource/Angelina_Mango,Angelina Mango,performer,http://dbpedia.org/resource/Poké_melodrama,Poké melodrama,http://dbpedia.org/resource/Folk_music,Folk music,http://dbpedia.org/resource/List_of_Warner_Music_Group_labels,Warner Music Thailand,http://dbpedia.org/resource/Italy,Italy,2/7/2024
http://dbpedia.org/resource/La_noia_(song),La noia (song),http://dbpedia.org/resource/Angelina_Mango,Angelina Mango,performer,http://dbpedia.org/resource/Poké_melodrama,Poké melodrama,http://dbpedia.org/resource/Folk_music,Folk music,http://dbpedia.org/resource/List_of_Warner_Music_Group_labels,Warner Music Russia,http://dbpedia.org/resource/Italy,Italy,2/7/2024
http://dbpedia.org/resource/La_noia_(song),La noia (song),http://dbpedia.org/resource/Angelina_Mango,Angelina Mango,performer,http://dbpedia.org/resource/Poké_melodrama,Poké melodrama,http://dbpedia.org/resource/Folk_music,Folk music,http://dbpedia.org/resource/List_of_Warner_Music_Group_labels,Warner Music Indonesia,http://dbpedia.org/resource/Italy,Italy,2/7/2024
http://dbpedia.org/resource/La_noia_(song),La noia (song),http://dbpedia.org/resource/Angelina_Mango,Angelina Mango,performer,http://dbpedia.org/resource/Poké_melodrama,Poké melodrama,http://dbpedia.org/resource/Folk_music,Folk music,http://dbpedia.org/resource/List_of_Warner_Music_Group_labels,Warner Music Spain,http://dbpedia.org/resource/Italy,Italy,2/7/2024
http://dbpedia.org/resource/La_noia_(song),La noia (song),http://dbpedia.org/resource/Angelina_Mango,Angelina Mango,performer,http://dbpedia.org/resource/Poké_melodrama,Poké melodrama,http://dbpedia.org/resource/Folk_music,Folk music,http://dbpedia.org/resource/List_of_Warner_Music_Group_labels,Warner Music India,http://dbpedia.org/resource/Italy,Italy,2/7/2024
http://dbpedia.org/resource/La_noia_(song),La noia (song),http://dbpedia.org/resource/Angelina_Mango,Angelina Mango,performer,http://dbpedia.org/resource/Poké_melodrama,Poké melodrama,http://dbpedia.org/resource/Folk_music,Folk music,http://dbpedia.org/resource/List_of_Warner_Music_Group_labels,Warner Music UK,http://dbpedia.org/resource/Italy,Italy,2/7/2024
http://dbpedia.org/resource/La_noia_(song),La noia (song),http://dbpedia.org/resource/Angelina_Mango,Angelina Mango,performer,http://dbpedia.org/resource/Poké_melodrama,Poké melodrama,http://dbpedia.org/resource/Folk_music,Folk music,http://dbpedia.org/resource/List_of_Warner_Music_Group_labels,Warner Music Austria,http://dbpedia.org/resource/Italy,Italy,2/7/2024
http://dbpedia.org/resource/La_noia_(song),La noia (song),http://dbpedia.org/resource/Angelina_Mango,Angelina Mango,performer,http://dbpedia.org/resource/Poké_melodrama,Poké melodrama,http://dbpedia.org/resource/Folk_music,Folk music,http://dbpedia.org/resource/List_of_Warner_Music_Group_labels,Warner Music Belgium,http://dbpedia.org/resource/Italy,Italy,2/7/2024
http://dbpedia.org/resource/La_noia_(song),La noia (song),http://dbpedia.org/resource/Angelina_Mango,Angelina Mango,performer,http://dbpedia.org/resource/Poké_melodrama,Poké melodrama,http://dbpedia.org/resource/Folk_music,Folk music,http://dbpedia.org/resource/List_of_Warner_Music_Group_labels,Warner Music Benelux,http://dbpedia.org/resource/Italy,Italy,2/7/2024
http://dbpedia.org/resource/La_noia_(song),La noia (song),http://dbpedia.org/resource/Angelina_Mango,Angelina Mango,performer,http://dbpedia.org/resource/Poké_melodrama,Poké melodrama,http://dbpedia.org/resource/Folk_music,Folk music,http://dbpedia.org/resource/List_of_Warner_Music_Group_labels,Warner Music Central Europe,http://dbpedia.org/resource/Italy,Italy,2/7/2024
http://dbpedia.org/resource/La_noia_(song),La noia (song),http://dbpedia.org/resource/Angelina_Mango,Angelina Mango,performer,http://dbpedia.org/resource/Poké_melodrama,Poké melodrama,http://dbpedia.org/resource/Folk_music,Folk music,http://dbpedia.org/resource/List_of_Warner_Music_Group_labels,Warner Music China,http://dbpedia.org/resource/Italy,Italy,2/7/2024
http://dbpedia.org/resource/La_noia_(song),La noia (song),http://dbpedia.org/resource/Angelina_Mango,Angelina Mango,performer,http://dbpedia.org/resource/Poké_melodrama,Poké melodrama,http://dbpedia.org/resource/Folk_music,Folk music,http://dbpedia.org/resource/List_of_Warner_Music_Group_labels,Warner Music Colombia,http://dbpedia.org/resource/Italy,Italy,2/7/2024
http://dbpedia.org/resource/La_noia_(song),La noia (song),http://dbpedia.org/resource/Angelina_Mango,Angelina Mango,performer,http://dbpedia.org/resource/Poké_melodrama,Poké melodrama,http://dbpedia.org/resource/Folk_music,Folk music,http://dbpedia.org/resource/List_of_Warner_Music_Group_labels,Warner Music Greece,http://dbpedia.org/resource/Italy,Italy,2/7/2024
http://dbpedia.org/resource/La_noia_(song),La noia (song),http://dbpedia.org/resource/Angelina_Mango,Angelina Mango,performer,http://dbpedia.org/resource/Poké_melodrama,Poké melodrama,http://dbpedia.org/resource/Folk_music,Folk music,http://dbpedia.org/resource/List_of_Warner_Music_Group_labels,Warner Music Hungary,http://dbpedia.org/resource/Italy,Italy,2/7/2024
http://dbpedia.org/resource/La_noia_(song),La noia (song),http://dbpedia.org/resource/Angelina_Mango,Angelina Mango,performer,http://dbpedia.org/resource/Poké_melodrama,Poké melodrama,http://dbpedia.org/resource/Folk_music,Folk music,http://dbpedia.org/resource/List_of_Warner_Music_Group_labels,Warner Music Ireland,http://dbpedia.org/resource/Italy,Italy,2/7/2024
http://dbpedia.org/resource/La_noia_(song),La noia (song),http://dbpedia.org/resource/Angelina_Mango,Angelina Mango,performer,http://dbpedia.org/resource/Poké_melodrama,Poké melodrama,http://dbpedia.org/resource/Folk_music,Folk music,http://dbpedia.org/resource/List_of_Warner_Music_Group_labels,Warner Music Korea,http://dbpedia.org/resource/Italy,Italy,2/7/2024
http://dbpedia.org/resource/La_noia_(song),La noia (song),http://dbpedia.org/resource/Angelina_Mango,Angelina Mango,performer,http://dbpedia.org/resource/Poké_melodrama,Poké melodrama,http://dbpedia.org/resource/Folk_music,Folk music,http://dbpedia.org/resource/List_of_Warner_Music_Group_labels,Warner Music México,http://dbpedia.org/resource/Italy,Italy,2/7/2024
http://dbpedia.org/resource/La_noia_(song),La noia (song),http://dbpedia.org/resource/Angelina_Mango,Angelina Mango,performer,http://dbpedia.org/resource/Poké_melodrama,Poké melodrama,http://dbpedia.org/resource/Pop_music,Pop music,http://dbpedia.org/resource/List_of_Warner_Music_Group_labels,Warner Music Japan,http://dbpedia.org/resource/Italy,Italy,2/7/2024
http://dbpedia.org/resource/La_noia_(song),La noia (song),http://dbpedia.org/resource/Angelina_Mango,Angelina Mango,performer,http://dbpedia.org/resource/Poké_melodrama,Poké melodrama,http://dbpedia.org/resource/Pop_music,Pop music,http://dbpedia.org/resource/List_of_Warner_Music_Group_labels,Warner Music Germany,http://dbpedia.org/resource/Italy,Italy,2/7/2024
http://dbpedia.org/resource/La_noia_(song),La noia (song),http://dbpedia.org/resource/Angelina_Mango,Angelina Mango,performer,http://dbpedia.org/resource/Poké_melodrama,Poké melodrama,http://dbpedia.org/resource/Pop_music,Pop music,http://dbpedia.org/resource/List_of_Warner_Music_Group_labels,Warner Music Argentina,http://dbpedia.org/resource/Italy,Italy,2/7/2024
http://dbpedia.org/resource/La_noia_(song),La noia (song),http://dbpedia.org/resource/Angelina_Mango,Angelina Mango,performer,http://dbpedia.org/resource/Poké_melodrama,Poké melodrama,http://dbpedia.org/resource/Pop_music,Pop music,http://dbpedia.org/resource/List_of_Warner_Music_Group_labels,Warner Music Brasil,http://dbpedia.org/resource/Italy,Italy,2/7/2024
http://dbpedia.org/resource/La_noia_(song),La noia (song),http://dbpedia.org/resource/Angelina_Mango,Angelina Mango,performer,http://dbpedia.org/resource/Poké_melodrama,Poké melodrama,http://dbpedia.org/resource/Pop_music,Pop music,http://dbpedia.org/resource/List_of_Warner_Music_Group_labels,Warner Music Chile,http://dbpedia.org/resource/Italy,Italy,2/7/2024
http://dbpedia.org/resource/La_noia_(song),La noia (song),http://dbpedia.org/resource/Angelina_Mango,Angelina Mango,performer,http://dbpedia.org/resource/Poké_melodrama,Poké melodrama,http://dbpedia.org/resource/Pop_music,Pop music,http://dbpedia.org/resource/List_of_Warner_Music_Group_labels,Warner Music Finland,http://dbpedia.org/resource/Italy,Italy,2/7/2024
http://dbpedia.org/resource/La_noia_(song),La noia (song),http://dbpedia.org/resource/Angelina_Mango,Angelina Mango,performer,http://dbpedia.org/resource/Poké_melodrama,Poké melodrama,http://dbpedia.org/resource/Pop_music,Pop music,http://dbpedia.org/resource/List_of_Warner_Music_Group_labels,Warner Music Denmark,http://dbpedia.org/resource/Italy,Italy,2/7/2024
http://dbpedia.org/resource/La_noia_(song),La noia (song),http://dbpedia.org/resource/Angelina_Mango,Angelina Mango,performer,http://dbpedia.org/resource/Poké_melodrama,Poké melodrama,http://dbpedia.org/resource/Pop_music,Pop music,http://dbpedia.org/resource/List_of_Warner_Music_Group_labels,Warner Music Malaysia,http://dbpedia.org/resource/Italy,Italy,2/7/2024
http://dbpedia.org/resource/La_noia_(song),La noia (song),http://dbpedia.org/resource/Angelina_Mango,Angelina Mango,performer,http://dbpedia.org/resource/Poké_melodrama,Poké melodrama,http://dbpedia.org/resource/Pop_music,Pop music,http://dbpedia.org/resource/List_of_Warner_Music_Group_labels,Warner Music Taiwan,http://dbpedia.org/resource/Italy,Italy,2/7/2024
http://dbpedia.org/resource/La_noia_(song),La noia (song),http://dbpedia.org/resource/Angelina_Mango,Angelina Mango,performer,http://dbpedia.org/resource/Poké_melodrama,Poké melodrama,http://dbpedia.org/resource/Pop_music,Pop music,http://dbpedia.org/resource/List_of_Warner_Music_Group_labels,Warner Music Hong Kong,http://dbpedia.org/resource/Italy,Italy,2/7/2024
http://dbpedia.org/resource/La_noia_(song),La noia (song),http://dbpedia.org/resource/Angelina_Mango,Angelina Mango,performer,http://dbpedia.org/resource/Poké_melodrama,Poké melodrama,http://dbpedia.org/resource/Pop_music,Pop music,http://dbpedia.org/resource/List_of_Warner_Music_Group_labels,Warner Music Portugal,http://dbpedia.org/resource/Italy,Italy,2/7/2024
http://dbpedia.org/resource/La_noia_(song),La noia (song),http://dbpedia.org/resource/Angelina_Mango,Angelina Mango,performer,http://dbpedia.org/resource/Poké_melodrama,Poké melodrama,http://dbpedia.org/resource/Pop_music,Pop music,http://dbpedia.org/resource/List_of_Warner_Music_Group_labels,Warner Music Nashville,http://dbpedia.org/resource/Italy,Italy,2/7/2024
http://dbpedia.org/resource/La_noia_(song),La noia (song),http://dbpedia.org/resource/Angelina_Mango,Angelina Mango,performer,http://dbpedia.org/resource/Poké_melodrama,Poké melodrama,http://dbpedia.org/resource/Pop_music,Pop music,http://dbpedia.org/resource/List_of_Warner_Music_Group_labels,Warner Music Norway,http://dbpedia.org/resource/Italy,Italy,2/7/2024
http://dbpedia.org/resource/La_noia_(song),La noia (song),http://dbpedia.org/resource/Angelina_Mango,Angelina Mango,performer,http://dbpedia.org/resource/Poké_melodrama,Poké melodrama,http://dbpedia.org/resource/Pop_music,Pop music,http://dbpedia.org/resource/List_of_Warner_Music_Group_labels,Warner Music France,http://dbpedia.org/resource/Italy,Italy,2/7/2024
http://dbpedia.org/resource/La_noia_(song),La noia (song),http://dbpedia.org/resource/Angelina_Mango,Angelina Mango,performer,http://dbpedia.org/resource/Poké_melodrama,Poké melodrama,http://dbpedia.org/resource/Pop_music,Pop music,http://dbpedia.org/resource/List_of_Warner_Music_Group_labels,Warner Music Italy,http://dbpedia.org/resource/Italy,Italy,2/7/2024
http://dbpedia.org/resource/La_noia_(song),La noia (song),http://dbpedia.org/resource/Angelina_Mango,Angelina Mango,performer,http://dbpedia.org/resource/Poké_melodrama,Poké melodrama,http://dbpedia.org/resource/Pop_music,Pop music,http://dbpedia.org/resource/List_of_Warner_Music_Group_labels,Warner Music Thailand,http://dbpedia.org/resource/Italy,Italy,2/7/2024
http://dbpedia.org/resource/La_noia_(song),La noia (song),http://dbpedia.org/resource/Angelina_Mango,Angelina Mango,performer,http://dbpedia.org/resource/Poké_melodrama,Poké melodrama,http://dbpedia.org/resource/Pop_music,Pop music,http://dbpedia.org/resource/List_of_Warner_Music_Group_labels,Warner Music Russia,http://dbpedia.org/resource/Italy,Italy,2/7/2024
http://dbpedia.org/resource/La_noia_(song),La noia (song),http://dbpedia.org/resource/Angelina_Mango,Angelina Mango,performer,http://dbpedia.org/resource/Poké_melodrama,Poké melodrama,http://dbpedia.org/resource/Pop_music,Pop music,http://dbpedia.org/resource/List_of_Warner_Music_Group_labels,Warner Music Indonesia,http://dbpedia.org/resource/Italy,Italy,2/7/2024
http://dbpedia.org/resource/La_noia_(song),La noia (song),http://dbpedia.org/resource/Angelina_Mango,Angelina Mango,performer,http://dbpedia.org/resource/Poké_melodrama,Poké melodrama,http://dbpedia.org/resource/Pop_music,Pop music,http://dbpedia.org/resource/List_of_Warner_Music_Group_labels,Warner Music Spain,http://dbpedia.org/resource/Italy,Italy,2/7/2024
http://dbpedia.org/resource/La_noia_(song),La noia (song),http://dbpedia.org/resource/Angelina_Mango,Angelina Mango,performer,http://dbpedia.org/resource/Poké_melodrama,Poké melodrama,http://dbpedia.org/resource/Pop_music,Pop music,http://dbpedia.org/resource/List_of_Warner_Music_Group_labels,Warner Music India,http://dbpedia.org/resource/Italy,Italy,2/7/2024
http://dbpedia.org/resource/La_noia_(song),La noia (song),http://dbpedia.org/resource/Angelina_Mango,Angelina Mango,performer,http://dbpedia.org/resource/Poké_melodrama,Poké melodrama,http://dbpedia.org/resource/Pop_music,Pop music,http://dbpedia.org/resource/List_of_Warner_Music_Group_labels,Warner Music UK,http://dbpedia.org/resource/Italy,Italy,2/7/2024
http://dbpedia.org/resource/La_noia_(song),La noia (song),http://dbpedia.org/resource/Angelina_Mango,Angelina Mango,performer,http://dbpedia.org/resource/Poké_melodrama,Poké melodrama,http://dbpedia.org/resource/Pop_music,Pop music,http://dbpedia.org/resource/List_of_Warner_Music_Group_labels,Warner Music Austria,http://dbpedia.org/resource/Italy,Italy,2/7/2024
http://dbpedia.org/resource/La_noia_(song),La noia (song),http://dbpedia.org/resource/Angelina_Mango,Angelina Mango,performer,http://dbpedia.org/resource/Poké_melodrama,Poké melodrama,http://dbpedia.org/resource/Pop_music,Pop music,http://dbpedia.org/resource/List_of_Warner_Music_Group_labels,Warner Music Belgium,http://dbpedia.org/resource/Italy,Italy,2/7/2024
http://dbpedia.org/resource/La_noia_(song),La noia (song),http://dbpedia.org/resource/Angelina_Mango,Angelina Mango,performer,http://dbpedia.org/resource/Poké_melodrama,Poké melodrama,http://dbpedia.org/resource/Pop_music,Pop music,http://dbpedia.org/resource/List_of_Warner_Music_Group_labels,Warner Music Benelux,http://dbpedia.org/resource/Italy,Italy,2/7/2024
http://dbpedia.org/resource/La_noia_(song),La noia (song),http://dbpedia.org/resource/Angelina_Mango,Angelina Mango,performer,http://dbpedia.org/resource/Poké_melodrama,Poké melodrama,http://dbpedia.org/resource/Pop_music,Pop music,http://dbpedia.org/resource/List_of_Warner_Music_Group_labels,Warner Music Central Europe,http://dbpedia.org/resource/Italy,Italy,2/7/2024
http://dbpedia.org/resource/La_noia_(song),La noia (song),http://dbpedia.org/resource/Angelina_Mango,Angelina Mango,performer,http://dbpedia.org/resource/Poké_melodrama,Poké melodrama,http://dbpedia.org/resource/Pop_music,Pop music,http://dbpedia.org/resource/List_of_Warner_Music_Group_labels,Warner Music China,http://dbpedia.org/resource/Italy,Italy,2/7/2024
http://dbpedia.org/resource/La_noia_(song),La noia (song),http://dbpedia.org/resource/Angelina_Mango,Angelina Mango,performer,http://dbpedia.org/resource/Poké_melodrama,Poké melodrama,http://dbpedia.org/resource/Pop_music,Pop music,http://dbpedia.org/resource/List_of_Warner_Music_Group_labels,Warner Music Colombia,http://dbpedia.org/resource/Italy,Italy,2/7/2024
http://dbpedia.org/resource/La_noia_(song),La noia (song),http://dbpedia.org/resource/Angelina_Mango,Angelina Mango,performer,http://dbpedia.org/resource/Poké_melodrama,Poké melodrama,http://dbpedia.org/resource/Pop_music,Pop music,http://dbpedia.org/resource/List_of_Warner_Music_Group_labels,Warner Music Greece,http://dbpedia.org/resource/Italy,Italy,2/7/2024
http://dbpedia.org/resource/La_noia_(song),La noia (song),http://dbpedia.org/resource/Angelina_Mango,Angelina Mango,performer,http://dbpedia.org/resource/Poké_melodrama,Poké melodrama,http://dbpedia.org/resource/Pop_music,Pop music,http://dbpedia.org/resource/List_of_Warner_Music_Group_labels,Warner Music Hungary,http://dbpedia.org/resource/Italy,Italy,2/7/2024
http://dbpedia.org/resource/La_noia_(song),La noia (song),http://dbpedia.org/resource/Angelina_Mango,Angelina Mango,performer,http://dbpedia.org/resource/Poké_melodrama,Poké melodrama,http://dbpedia.org/resource/Pop_music,Pop music,http://dbpedia.org/resource/List_of_Warner_Music_Group_labels,Warner Music Ireland,http://dbpedia.org/resource/Italy,Italy,2/7/2024
http://dbpedia.org/resource/La_noia_(song),La noia (song),http://dbpedia.org/resource/Angelina_Mango,Angelina Mango,performer,http://dbpedia.org/resource/Poké_melodrama,Poké melodrama,http://dbpedia.org/resource/Pop_music,Pop music,http://dbpedia.org/resource/List_of_Warner_Music_Group_labels,Warner Music Korea,http://dbpedia.org/resource/Italy,Italy,2/7/2024
http://dbpedia.org/resource/La_noia_(song),La noia (song),http://dbpedia.org/resource/Angelina_Mango,Angelina Mango,performer,http://dbpedia.org/resource/Poké_melodrama,Poké melodrama,http://dbpedia.org/resource/Pop_music,Pop music,http://dbpedia.org/resource/List_of_Warner_Music_Group_labels,Warner Music México,http://dbpedia.org/resource/Italy,Italy,2/7/2024
http://dbpedia.org/resource/Quema,Quema,http://dbpedia.org/resource/Ryan_Castro,Ryan Castro,performer,http://dbpedia.org/resource/El_Cantante_del_Ghetto,El Cantante del Ghetto,http://dbpedia.org/resource/Reggaeton,Reggaeton,http://dbpedia.org/resource/Sony_Music,Sony Music,http://dbpedia.org/resource/Colombia,Colombia,7/13/2023
http://dbpedia.org/resource/Quema,Quema,http://dbpedia.org/resource/Ryan_Castro,Ryan Castro,performer,http://dbpedia.org/resource/El_Cantante_del_Ghetto,El Cantante del Ghetto,http://dbpedia.org/resource/Reggaeton,Reggaeton,http://dbpedia.org/resource/Sony_Music,Sony Music Canada,http://dbpedia.org/resource/Colombia,Colombia,7/13/2023
http://dbpedia.org/resource/Quema,Quema,http://dbpedia.org/resource/Ryan_Castro,Ryan Castro,performer,http://dbpedia.org/resource/El_Cantante_del_Ghetto,El Cantante del Ghetto,http://dbpedia.org/resource/Reggaeton,Reggaeton,http://dbpedia.org/resource/Sony_Music,Higher Ground Records,http://dbpedia.org/resource/Colombia,Colombia,7/13/2023
http://dbpedia.org/resource/Quema,Quema,http://dbpedia.org/resource/Ryan_Castro,Ryan Castro,performer,http://dbpedia.org/resource/El_Cantante_del_Ghetto,El Cantante del Ghetto,http://dbpedia.org/resource/Reggaeton,Reggaeton,http://dbpedia.org/resource/Sony_Music,Sony Music UK,http://dbpedia.org/resource/Colombia,Colombia,7/13/2023
http://dbpedia.org/resource/La_noia_(song),La noia (song),http://dbpedia.org/resource/Angelina_Mango,Angelina Mango,performer,http://dbpedia.org/resource/Poké_melodrama,Poké melodrama,http://dbpedia.org/resource/Dance_music,Dance music,http://dbpedia.org/resource/List_of_Warner_Music_Group_labels,Warner Music Japan,http://dbpedia.org/resource/Italy,Italy,2/7/2024
http://dbpedia.org/resource/La_noia_(song),La noia (song),http://dbpedia.org/resource/Angelina_Mango,Angelina Mango,performer,http://dbpedia.org/resource/Poké_melodrama,Poké melodrama,http://dbpedia.org/resource/Dance_music,Dance music,http://dbpedia.org/resource/List_of_Warner_Music_Group_labels,Warner Music Germany,http://dbpedia.org/resource/Italy,Italy,2/7/2024
http://dbpedia.org/resource/La_noia_(song),La noia (song),http://dbpedia.org/resource/Angelina_Mango,Angelina Mango,performer,http://dbpedia.org/resource/Poké_melodrama,Poké melodrama,http://dbpedia.org/resource/Dance_music,Dance music,http://dbpedia.org/resource/List_of_Warner_Music_Group_labels,Warner Music Argentina,http://dbpedia.org/resource/Italy,Italy,2/7/2024
http://dbpedia.org/resource/La_noia_(song),La noia (song),http://dbpedia.org/resource/Angelina_Mango,Angelina Mango,performer,http://dbpedia.org/resource/Poké_melodrama,Poké melodrama,http://dbpedia.org/resource/Dance_music,Dance music,http://dbpedia.org/resource/List_of_Warner_Music_Group_labels,Warner Music Brasil,http://dbpedia.org/resource/Italy,Italy,2/7/2024
http://dbpedia.org/resource/La_noia_(song),La noia (song),http://dbpedia.org/resource/Angelina_Mango,Angelina Mango,performer,http://dbpedia.org/resource/Poké_melodrama,Poké melodrama,http://dbpedia.org/resource/Dance_music,Dance music,http://dbpedia.org/resource/List_of_Warner_Music_Group_labels,Warner Music Chile,http://dbpedia.org/resource/Italy,Italy,2/7/2024
http://dbpedia.org/resource/La_noia_(song),La noia (song),http://dbpedia.org/resource/Angelina_Mango,Angelina Mango,performer,http://dbpedia.org/resource/Poké_melodrama,Poké melodrama,http://dbpedia.org/resource/Dance_music,Dance music,http://dbpedia.org/resource/List_of_Warner_Music_Group_labels,Warner Music Finland,http://dbpedia.org/resource/Italy,Italy,2/7/2024
http://dbpedia.org/resource/La_noia_(song),La noia (song),http://dbpedia.org/resource/Angelina_Mango,Angelina Mango,performer,http://dbpedia.org/resource/Poké_melodrama,Poké melodrama,http://dbpedia.org/resource/Dance_music,Dance music,http://dbpedia.org/resource/List_of_Warner_Music_Group_labels,Warner Music Denmark,http://dbpedia.org/resource/Italy,Italy,2/7/2024
http://dbpedia.org/resource/La_noia_(song),La noia (song),http://dbpedia.org/resource/Angelina_Mango,Angelina Mango,performer,http://dbpedia.org/resource/Poké_melodrama,Poké melodrama,http://dbpedia.org/resource/Dance_music,Dance music,http://dbpedia.org/resource/List_of_Warner_Music_Group_labels,Warner Music Malaysia,http://dbpedia.org/resource/Italy,Italy,2/7/2024
http://dbpedia.org/resource/La_noia_(song),La noia (song),http://dbpedia.org/resource/Angelina_Mango,Angelina Mango,performer,http://dbpedia.org/resource/Poké_melodrama,Poké melodrama,http://dbpedia.org/resource/Dance_music,Dance music,http://dbpedia.org/resource/List_of_Warner_Music_Group_labels,Warner Music Taiwan,http://dbpedia.org/resource/Italy,Italy,2/7/2024
http://dbpedia.org/resource/La_noia_(song),La noia (song),http://dbpedia.org/resource/Angelina_Mango,Angelina Mango,performer,http://dbpedia.org/resource/Poké_melodrama,Poké melodrama,http://dbpedia.org/resource/Dance_music,Dance music,http://dbpedia.org/resource/List_of_Warner_Music_Group_labels,Warner Music Hong Kong,http://dbpedia.org/resource/Italy,Italy,2/7/2024
http://dbpedia.org/resource/La_noia_(song),La noia (song),http://dbpedia.org/resource/Angelina_Mango,Angelina Mango,performer,http://dbpedia.org/resource/Poké_melodrama,Poké melodrama,http://dbpedia.org/resource/Dance_music,Dance music,http://dbpedia.org/resource/List_of_Warner_Music_Group_labels,Warner Music Portugal,http://dbpedia.org/resource/Italy,Italy,2/7/2024
http://dbpedia.org/resource/La_noia_(song),La noia (song),http://dbpedia.org/resource/Angelina_Mango,Angelina Mango,performer,http://dbpedia.org/resource/Poké_melodrama,Poké melodrama,http://dbpedia.org/resource/Dance_music,Dance music,http://dbpedia.org/resource/List_of_Warner_Music_Group_labels,Warner Music Nashville,http://dbpedia.org/resource/Italy,Italy,2/7/2024
http://dbpedia.org/resource/La_noia_(song),La noia (song),http://dbpedia.org/resource/Angelina_Mango,Angelina Mango,performer,http://dbpedia.org/resource/Poké_melodrama,Poké melodrama,http://dbpedia.org/resource/Dance_music,Dance music,http://dbpedia.org/resource/List_of_Warner_Music_Group_labels,Warner Music Norway,http://dbpedia.org/resource/Italy,Italy,2/7/2024
http://dbpedia.org/resource/La_noia_(song),La noia (song),http://dbpedia.org/resource/Angelina_Mango,Angelina Mango,performer,http://dbpedia.org/resource/Poké_melodrama,Poké melodrama,http://dbpedia.org/resource/Dance_music,Dance music,http://dbpedia.org/resource/List_of_Warner_Music_Group_labels,Warner Music France,http://dbpedia.org/resource/Italy,Italy,2/7/2024
http://dbpedia.org/resource/La_noia_(song),La noia (song),http://dbpedia.org/resource/Angelina_Mango,Angelina Mango,performer,http://dbpedia.org/resource/Poké_melodrama,Poké melodrama,http://dbpedia.org/resource/Dance_music,Dance music,http://dbpedia.org/resource/List_of_Warner_Music_Group_labels,Warner Music Italy,http://dbpedia.org/resource/Italy,Italy,2/7/2024
http://dbpedia.org/resource/La_noia_(song),La noia (song),http://dbpedia.org/resource/Angelina_Mango,Angelina Mango,performer,http://dbpedia.org/resource/Poké_melodrama,Poké melodrama,http://dbpedia.org/resource/Dance_music,Dance music,http://dbpedia.org/resource/List_of_Warner_Music_Group_labels,Warner Music Thailand,http://dbpedia.org/resource/Italy,Italy,2/7/2024
http://dbpedia.org/resource/La_noia_(song),La noia (song),http://dbpedia.org/resource/Angelina_Mango,Angelina Mango,performer,http://dbpedia.org/resource/Poké_melodrama,Poké melodrama,http://dbpedia.org/resource/Dance_music,Dance music,http://dbpedia.org/resource/List_of_Warner_Music_Group_labels,Warner Music Russia,http://dbpedia.org/resource/Italy,Italy,2/7/2024
http://dbpedia.org/resource/La_noia_(song),La noia (song),http://dbpedia.org/resource/Angelina_Mango,Angelina Mango,performer,http://dbpedia.org/resource/Poké_melodrama,Poké melodrama,http://dbpedia.org/resource/Dance_music,Dance music,http://dbpedia.org/resource/List_of_Warner_Music_Group_labels,Warner Music Indonesia,http://dbpedia.org/resource/Italy,Italy,2/7/2024
http://dbpedia.org/resource/La_noia_(song),La noia (song),http://dbpedia.org/resource/Angelina_Mango,Angelina Mango,performer,http://dbpedia.org/resource/Poké_melodrama,Poké melodrama,http://dbpedia.org/resource/Dance_music,Dance music,http://dbpedia.org/resource/List_of_Warner_Music_Group_labels,Warner Music Spain,http://dbpedia.org/resource/Italy,Italy,2/7/2024
http://dbpedia.org/resource/La_noia_(song),La noia (song),http://dbpedia.org/resource/Angelina_Mango,Angelina Mango,performer,http://dbpedia.org/resource/Poké_melodrama,Poké melodrama,http://dbpedia.org/resource/Dance_music,Dance music,http://dbpedia.org/resource/List_of_Warner_Music_Group_labels,Warner Music India,http://dbpedia.org/resource/Italy,Italy,2/7/2024
http://dbpedia.org/resource/La_noia_(song),La noia (song),http://dbpedia.org/resource/Angelina_Mango,Angelina Mango,performer,http://dbpedia.org/resource/Poké_melodrama,Poké melodrama,http://dbpedia.org/resource/Dance_music,Dance music,http://dbpedia.org/resource/List_of_Warner_Music_Group_labels,Warner Music UK,http://dbpedia.org/resource/Italy,Italy,2/7/2024
http://dbpedia.org/resource/La_noia_(song),La noia (song),http://dbpedia.org/resource/Angelina_Mango,Angelina Mango,performer,http://dbpedia.org/resource/Poké_melodrama,Poké melodrama,http://dbpedia.org/resource/Dance_music,Dance music,http://dbpedia.org/resource/List_of_Warner_Music_Group_labels,Warner Music Austria,http://dbpedia.org/resource/Italy,Italy,2/7/2024
http://dbpedia.org/resource/La_noia_(song),La noia (song),http://dbpedia.org/resource/Angelina_Mango,Angelina Mango,performer,http://dbpedia.org/resource/Poké_melodrama,Poké melodrama,http://dbpedia.org/resource/Dance_music,Dance music,http://dbpedia.org/resource/List_of_Warner_Music_Group_labels,Warner Music Belgium,http://dbpedia.org/resource/Italy,Italy,2/7/2024
http://dbpedia.org/resource/La_noia_(song),La noia (song),http://dbpedia.org/resource/Angelina_Mango,Angelina Mango,performer,http://dbpedia.org/resource/Poké_melodrama,Poké melodrama,http://dbpedia.org/resource/Dance_music,Dance music,http://dbpedia.org/resource/List_of_Warner_Music_Group_labels,Warner Music Benelux,http://dbpedia.org/resource/Italy,Italy,2/7/2024
http://dbpedia.org/resource/La_noia_(song),La noia (song),http://dbpedia.org/resource/Angelina_Mango,Angelina Mango,performer,http://dbpedia.org/resource/Poké_melodrama,Poké melodrama,http://dbpedia.org/resource/Dance_music,Dance music,http://dbpedia.org/resource/List_of_Warner_Music_Group_labels,Warner Music Central Europe,http://dbpedia.org/resource/Italy,Italy,2/7/2024
http://dbpedia.org/resource/La_noia_(song),La noia (song),http://dbpedia.org/resource/Angelina_Mango,Angelina Mango,performer,http://dbpedia.org/resource/Poké_melodrama,Poké melodrama,http://dbpedia.org/resource/Dance_music,Dance music,http://dbpedia.org/resource/List_of_Warner_Music_Group_labels,Warner Music China,http://dbpedia.org/resource/Italy,Italy,2/7/2024
http://dbpedia.org/resource/La_noia_(song),La noia (song),http://dbpedia.org/resource/Angelina_Mango,Angelina Mango,performer,http://dbpedia.org/resource/Poké_melodrama,Poké melodrama,http://dbpedia.org/resource/Dance_music,Dance music,http://dbpedia.org/resource/List_of_Warner_Music_Group_labels,Warner Music Colombia,http://dbpedia.org/resource/Italy,Italy,2/7/2024
http://dbpedia.org/resource/La_noia_(song),La noia (song),http://dbpedia.org/resource/Angelina_Mango,Angelina Mango,performer,http://dbpedia.org/resource/Poké_melodrama,Poké melodrama,http://dbpedia.org/resource/Dance_music,Dance music,http://dbpedia.org/resource/List_of_Warner_Music_Group_labels,Warner Music Greece,http://dbpedia.org/resource/Italy,Italy,2/7/2024
http://dbpedia.org/resource/La_noia_(song),La noia (song),http://dbpedia.org/resource/Angelina_Mango,Angelina Mango,performer,http://dbpedia.org/resource/Poké_melodrama,Poké melodrama,http://dbpedia.org/resource/Dance_music,Dance music,http://dbpedia.org/resource/List_of_Warner_Music_Group_labels,Warner Music Hungary,http://dbpedia.org/resource/Italy,Italy,2/7/2024
http://dbpedia.org/resource/La_noia_(song),La noia (song),http://dbpedia.org/resource/Angelina_Mango,Angelina Mango,performer,http://dbpedia.org/resource/Poké_melodrama,Poké melodrama,http://dbpedia.org/resource/Dance_music,Dance music,http://dbpedia.org/resource/List_of_Warner_Music_Group_labels,Warner Music Ireland,http://dbpedia.org/resource/Italy,Italy,2/7/2024
http://dbpedia.org/resource/La_noia_(song),La noia (song),http://dbpedia.org/resource/Angelina_Mango,Angelina Mango,performer,http://dbpedia.org/resource/Poké_melodrama,Poké melodrama,http://dbpedia.org/resource/Dance_music,Dance music,http://dbpedia.org/resource/List_of_Warner_Music_Group_labels,Warner Music Korea,http://dbpedia.org/resource/Italy,Italy,2/7/2024
http://dbpedia.org/resource/La_noia_(song),La noia (song),http://dbpedia.org/resource/Angelina_Mango,Angelina Mango,performer,http://dbpedia.org/resource/Poké_melodrama,Poké melodrama,http://dbpedia.org/resource/Dance_music,Dance music,http://dbpedia.org/resource/List_of_Warner_Music_Group_labels,Warner Music México,http://dbpedia.org/resource/Italy,Italy,2/7/2024
http://dbpedia.org/resource/La_noia_(song),La noia (song),http://dbpedia.org/resource/Angelina_Mango,Angelina Mango,performer,http://dbpedia.org/resource/Poké_melodrama,Poké melodrama,http://dbpedia.org/resource/Cumbia,Cumbia,http://dbpedia.org/resource/List_of_Warner_Music_Group_labels,Warner Music Japan,http://dbpedia.org/resource/Italy,Italy,2/7/2024
http://dbpedia.org/resource/La_noia_(song),La noia (song),http://dbpedia.org/resource/Angelina_Mango,Angelina Mango,performer,http://dbpedia.org/resource/Poké_melodrama,Poké melodrama,http://dbpedia.org/resource/Cumbia,Cumbia,http://dbpedia.org/resource/List_of_Warner_Music_Group_labels,Warner Music Germany,http://dbpedia.org/resource/Italy,Italy,2/7/2024
http://dbpedia.org/resource/La_noia_(song),La noia (song),http://dbpedia.org/resource/Angelina_Mango,Angelina Mango,performer,http://dbpedia.org/resource/Poké_melodrama,Poké melodrama,http://dbpedia.org/resource/Cumbia,Cumbia,http://dbpedia.org/resource/List_of_Warner_Music_Group_labels,Warner Music Argentina,http://dbpedia.org/resource/Italy,Italy,2/7/2024
http://dbpedia.org/resource/La_noia_(song),La noia (song),http://dbpedia.org/resource/Angelina_Mango,Angelina Mango,performer,http://dbpedia.org/resource/Poké_melodrama,Poké melodrama,http://dbpedia.org/resource/Cumbia,Cumbia,http://dbpedia.org/resource/List_of_Warner_Music_Group_labels,Warner Music Brasil,http://dbpedia.org/resource/Italy,Italy,2/7/2024
http://dbpedia.org/resource/La_noia_(song),La noia (song),http://dbpedia.org/resource/Angelina_Mango,Angelina Mango,performer,http://dbpedia.org/resource/Poké_melodrama,Poké melodrama,http://dbpedia.org/resource/Cumbia,Cumbia,http://dbpedia.org/resource/List_of_Warner_Music_Group_labels,Warner Music Chile,http://dbpedia.org/resource/Italy,Italy,2/7/2024
http://dbpedia.org/resource/La_noia_(song),La noia (song),http://dbpedia.org/resource/Angelina_Mango,Angelina Mango,performer,http://dbpedia.org/resource/Poké_melodrama,Poké melodrama,http://dbpedia.org/resource/Cumbia,Cumbia,http://dbpedia.org/resource/List_of_Warner_Music_Group_labels,Warner Music Finland,http://dbpedia.org/resource/Italy,Italy,2/7/2024
http://dbpedia.org/resource/La_noia_(song),La noia (song),http://dbpedia.org/resource/Angelina_Mango,Angelina Mango,performer,http://dbpedia.org/resource/Poké_melodrama,Poké melodrama,http://dbpedia.org/resource/Cumbia,Cumbia,http://dbpedia.org/resource/List_of_Warner_Music_Group_labels,Warner Music Denmark,http://dbpedia.org/resource/Italy,Italy,2/7/2024
http://dbpedia.org/resource/La_noia_(song),La noia (song),http://dbpedia.org/resource/Angelina_Mango,Angelina Mango,performer,http://dbpedia.org/resource/Poké_melodrama,Poké melodrama,http://dbpedia.org/resource/Cumbia,Cumbia,http://dbpedia.org/resource/List_of_Warner_Music_Group_labels,Warner Music Malaysia,http://dbpedia.org/resource/Italy,Italy,2/7/2024
http://dbpedia.org/resource/La_noia_(song),La noia (song),http://dbpedia.org/resource/Angelina_Mango,Angelina Mango,performer,http://dbpedia.org/resource/Poké_melodrama,Poké melodrama,http://dbpedia.org/resource/Cumbia,Cumbia,http://dbpedia.org/resource/List_of_Warner_Music_Group_labels,Warner Music Taiwan,http://dbpedia.org/resource/Italy,Italy,2/7/2024
http://dbpedia.org/resource/La_noia_(song),La noia (song),http://dbpedia.org/resource/Angelina_Mango,Angelina Mango,performer,http://dbpedia.org/resource/Poké_melodrama,Poké melodrama,http://dbpedia.org/resource/Cumbia,Cumbia,http://dbpedia.org/resource/List_of_Warner_Music_Group_labels,Warner Music Hong Kong,http://dbpedia.org/resource/Italy,Italy,2/7/2024
http://dbpedia.org/resource/La_noia_(song),La noia (song),http://dbpedia.org/resource/Angelina_Mango,Angelina Mango,performer,http://dbpedia.org/resource/Poké_melodrama,Poké melodrama,http://dbpedia.org/resource/Cumbia,Cumbia,http://dbpedia.org/resource/List_of_Warner_Music_Group_labels,Warner Music Portugal,http://dbpedia.org/resource/Italy,Italy,2/7/2024
http://dbpedia.org/resource/La_noia_(song),La noia (song),http://dbpedia.org/resource/Angelina_Mango,Angelina Mango,performer,http://dbpedia.org/resource/Poké_melodrama,Poké melodrama,http://dbpedia.org/resource/Cumbia,Cumbia,http://dbpedia.org/resource/List_of_Warner_Music_Group_labels,Warner Music Nashville,http://dbpedia.org/resource/Italy,Italy,2/7/2024
http://dbpedia.org/resource/La_noia_(song),La noia (song),http://dbpedia.org/resource/Angelina_Mango,Angelina Mango,performer,http://dbpedia.org/resource/Poké_melodrama,Poké melodrama,http://dbpedia.org/resource/Cumbia,Cumbia,http://dbpedia.org/resource/List_of_Warner_Music_Group_labels,Warner Music Norway,http://dbpedia.org/resource/Italy,Italy,2/7/2024
http://dbpedia.org/resource/La_noia_(song),La noia (song),http://dbpedia.org/resource/Angelina_Mango,Angelina Mango,performer,http://dbpedia.org/resource/Poké_melodrama,Poké melodrama,http://dbpedia.org/resource/Cumbia,Cumbia,http://dbpedia.org/resource/List_of_Warner_Music_Group_labels,Warner Music France,http://dbpedia.org/resource/Italy,Italy,2/7/2024
http://dbpedia.org/resource/La_noia_(song),La noia (song),http://dbpedia.org/resource/Angelina_Mango,Angelina Mango,performer,http://dbpedia.org/resource/Poké_melodrama,Poké melodrama,http://dbpedia.org/resource/Cumbia,Cumbia,http://dbpedia.org/resource/List_of_Warner_Music_Group_labels,Warner Music Italy,http://dbpedia.org/resource/Italy,Italy,2/7/2024
http://dbpedia.org/resource/La_noia_(song),La noia (song),http://dbpedia.org/resource/Angelina_Mango,Angelina Mango,performer,http://dbpedia.org/resource/Poké_melodrama,Poké melodrama,http://dbpedia.org/resource/Cumbia,Cumbia,http://dbpedia.org/resource/List_of_Warner_Music_Group_labels,Warner Music Thailand,http://dbpedia.org/resource/Italy,Italy,2/7/2024
http://dbpedia.org/resource/La_noia_(song),La noia (song),http://dbpedia.org/resource/Angelina_Mango,Angelina Mango,performer,http://dbpedia.org/resource/Poké_melodrama,Poké melodrama,http://dbpedia.org/resource/Cumbia,Cumbia,http://dbpedia.org/resource/List_of_Warner_Music_Group_labels,Warner Music Russia,http://dbpedia.org/resource/Italy,Italy,2/7/2024
http://dbpedia.org/resource/La_noia_(song),La noia (song),http://dbpedia.org/resource/Angelina_Mango,Angelina Mango,performer,http://dbpedia.org/resource/Poké_melodrama,Poké melodrama,http://dbpedia.org/resource/Cumbia,Cumbia,http://dbpedia.org/resource/List_of_Warner_Music_Group_labels,Warner Music Indonesia,http://dbpedia.org/resource/Italy,Italy,2/7/2024
http://dbpedia.org/resource/La_noia_(song),La noia (song),http://dbpedia.org/resource/Angelina_Mango,Angelina Mango,performer,http://dbpedia.org/resource/Poké_melodrama,Poké melodrama,http://dbpedia.org/resource/Cumbia,Cumbia,http://dbpedia.org/resource/List_of_Warner_Music_Group_labels,Warner Music Spain,http://dbpedia.org/resource/Italy,Italy,2/7/2024
http://dbpedia.org/resource/La_noia_(song),La noia (song),http://dbpedia.org/resource/Angelina_Mango,Angelina Mango,performer,http://dbpedia.org/resource/Poké_melodrama,Poké melodrama,http://dbpedia.org/resource/Cumbia,Cumbia,http://dbpedia.org/resource/List_of_Warner_Music_Group_labels,Warner Music India,http://dbpedia.org/resource/Italy,Italy,2/7/2024
http://dbpedia.org/resource/La_noia_(song),La noia (song),http://dbpedia.org/resource/Angelina_Mango,Angelina Mango,performer,http://dbpedia.org/resource/Poké_melodrama,Poké melodrama,http://dbpedia.org/resource/Cumbia,Cumbia,http://dbpedia.org/resource/List_of_Warner_Music_Group_labels,Warner Music UK,http://dbpedia.org/resource/Italy,Italy,2/7/2024
http://dbpedia.org/resource/La_noia_(song),La noia (song),http://dbpedia.org/resource/Angelina_Mango,Angelina Mango,performer,http://dbpedia.org/resource/Poké_melodrama,Poké melodrama,http://dbpedia.org/resource/Cumbia,Cumbia,http://dbpedia.org/resource/List_of_Warner_Music_Group_labels,Warner Music Austria,http://dbpedia.org/resource/Italy,Italy,2/7/2024
http://dbpedia.org/resource/La_noia_(song),La noia (song),http://dbpedia.org/resource/Angelina_Mango,Angelina Mango,performer,http://dbpedia.org/resource/Poké_melodrama,Poké melodrama,http://dbpedia.org/resource/Cumbia,Cumbia,http://dbpedia.org/resource/List_of_Warner_Music_Group_labels,Warner Music Belgium,http://dbpedia.org/resource/Italy,Italy,2/7/2024
http://dbpedia.org/resource/La_noia_(song),La noia (song),http://dbpedia.org/resource/Angelina_Mango,Angelina Mango,performer,http://dbpedia.org/resource/Poké_melodrama,Poké melodrama,http://dbpedia.org/resource/Cumbia,Cumbia,http://dbpedia.org/resource/List_of_Warner_Music_Group_labels,Warner Music Benelux,http://dbpedia.org/resource/Italy,Italy,2/7/2024
http://dbpedia.org/resource/La_noia_(song),La noia (song),http://dbpedia.org/resource/Angelina_Mango,Angelina Mango,performer,http://dbpedia.org/resource/Poké_melodrama,Poké melodrama,http://dbpedia.org/resource/Cumbia,Cumbia,http://dbpedia.org/resource/List_of_Warner_Music_Group_labels,Warner Music Central Europe,http://dbpedia.org/resource/Italy,Italy,2/7/2024
http://dbpedia.org/resource/La_noia_(song),La noia (song),http://dbpedia.org/resource/Angelina_Mango,Angelina Mango,performer,http://dbpedia.org/resource/Poké_melodrama,Poké melodrama,http://dbpedia.org/resource/Cumbia,Cumbia,http://dbpedia.org/resource/List_of_Warner_Music_Group_labels,Warner Music China,http://dbpedia.org/resource/Italy,Italy,2/7/2024
http://dbpedia.org/resource/La_noia_(song),La noia (song),http://dbpedia.org/resource/Angelina_Mango,Angelina Mango,performer,http://dbpedia.org/resource/Poké_melodrama,Poké melodrama,http://dbpedia.org/resource/Cumbia,Cumbia,http://dbpedia.org/resource/List_of_Warner_Music_Group_labels,Warner Music Colombia,http://dbpedia.org/resource/Italy,Italy,2/7/2024
http://dbpedia.org/resource/La_noia_(song),La noia (song),http://dbpedia.org/resource/Angelina_Mango,Angelina Mango,performer,http://dbpedia.org/resource/Poké_melodrama,Poké melodrama,http://dbpedia.org/resource/Cumbia,Cumbia,http://dbpedia.org/resource/List_of_Warner_Music_Group_labels,Warner Music Greece,http://dbpedia.org/resource/Italy,Italy,2/7/2024
http://dbpedia.org/resource/La_noia_(song),La noia (song),http://dbpedia.org/resource/Angelina_Mango,Angelina Mango,performer,http://dbpedia.org/resource/Poké_melodrama,Poké melodrama,http://dbpedia.org/resource/Cumbia,Cumbia,http://dbpedia.org/resource/List_of_Warner_Music_Group_labels,Warner Music Hungary,http://dbpedia.org/resource/Italy,Italy,2/7/2024
http://dbpedia.org/resource/La_noia_(song),La noia (song),http://dbpedia.org/resource/Angelina_Mango,Angelina Mango,performer,http://dbpedia.org/resource/Poké_melodrama,Poké melodrama,http://dbpedia.org/resource/Cumbia,Cumbia,http://dbpedia.org/resource/List_of_Warner_Music_Group_labels,Warner Music Ireland,http://dbpedia.org/resource/Italy,Italy,2/7/2024
http://dbpedia.org/resource/La_noia_(song),La noia (song),http://dbpedia.org/resource/Angelina_Mango,Angelina Mango,performer,http://dbpedia.org/resource/Poké_melodrama,Poké melodrama,http://dbpedia.org/resource/Cumbia,Cumbia,http://dbpedia.org/resource/List_of_Warner_Music_Group_labels,Warner Music Korea,http://dbpedia.org/resource/Italy,Italy,2/7/2024
http://dbpedia.org/resource/La_noia_(song),La noia (song),http://dbpedia.org/resource/Angelina_Mango,Angelina Mango,performer,http://dbpedia.org/resource/Poké_melodrama,Poké melodrama,http://dbpedia.org/resource/Cumbia,Cumbia,http://dbpedia.org/resource/List_of_Warner_Music_Group_labels,Warner Music México,http://dbpedia.org/resource/Italy,Italy,2/7/2024
http://dbpedia.org/resource/Che_t'o_dico_a_fa',Che t'o dico a fa',http://dbpedia.org/resource/Angelina_Mango,Angelina Mango,performer,http://dbpedia.org/resource/Poké_melodrama,Poké melodrama,http://dbpedia.org/resource/Folk-pop,Folk-pop,http://dbpedia.org/resource/BMG_Rights_Management,BMG Rights Management,http://dbpedia.org/resource/Italy,Italy,10/6/2023
http://dbpedia.org/resource/Good_Enough_(G_Flip_song),Good Enough (G Flip song),http://dbpedia.org/resource/G_Flip,G Flip,performer,http://dbpedia.org/resource/Drummer_(album),Drummer (album),,,http://dbpedia.org/resource/Future_Classic,Future Classic,http://dbpedia.org/resource/Australia,Australia,8/11/2023
http://dbpedia.org/resource/American_Town,American Town,http://dbpedia.org/resource/Ed_Sheeran,Ed Sheeran,performer,http://dbpedia.org/resource/Autumn_Variations,Autumn Variations,,,http://dbpedia.org/resource/Gingerbread_Man_Records,Gingerbread Man Records,http://dbpedia.org/resource/England,England,9/29/2023
http://dbpedia.org/resource/Life_Goes_On_(Ed_Sheeran_song),Life Goes On (Ed Sheeran song),http://dbpedia.org/resource/Ed_Sheeran,Ed Sheeran,performer,http://dbpedia.org/resource/−_(album),− (album),,,http://dbpedia.org/resource/Atlantic_Records,Atlantic Records,http://dbpedia.org/resource/England,England,5/12/2023
http://dbpedia.org/resource/Life_Goes_On_(Ed_Sheeran_song),Life Goes On (Ed Sheeran song),http://dbpedia.org/resource/Ed_Sheeran,Ed Sheeran,performer,http://dbpedia.org/resource/−_(album),− (album),,,http://dbpedia.org/resource/Asylum_Records,Asylum Records,http://dbpedia.org/resource/England,England,5/12/2023
http://dbpedia.org/resource/Looking_for_Love_(Lena_song),Looking for Love (Lena song),http://dbpedia.org/resource/Lena_Meyer-Landrut,Lena Meyer-Landrut,performer,http://dbpedia.org/resource/Loyal_to_Myself,Loyal to Myself,,,http://dbpedia.org/resource/Polydor_Records,Polydor Records,http://dbpedia.org/resource/Germany,Germany,6/23/2022
http://dbpedia.org/resource/Fila_indiana,Fila indiana,http://dbpedia.org/resource/Angelina_Mango,Angelina Mango,performer,http://dbpedia.org/resource/Poké_melodrama,Poké melodrama,,,http://dbpedia.org/resource/BMG_Rights_Management,BMG Rights Management,http://dbpedia.org/resource/Italy,Italy,12/1/2023
http://dbpedia.org/resource/Che_t'o_dico_a_fa',Che t'o dico a fa',http://dbpedia.org/resource/Angelina_Mango,Angelina Mango,performer,http://dbpedia.org/resource/Poké_melodrama,Poké melodrama,http://dbpedia.org/resource/Dance-pop,Dance-pop,http://dbpedia.org/resource/BMG_Rights_Management,BMG Rights Management,http://dbpedia.org/resource/Italy,Italy,10/6/2023
http://dbpedia.org/resource/La_noia_(song),La noia (song),http://dbpedia.org/resource/Angelina_Mango,Angelina Mango,performer,http://dbpedia.org/resource/Poké_melodrama,Poké melodrama,http://dbpedia.org/resource/Folk_music,Folk music,http://dbpedia.org/resource/List_of_Warner_Music_Group_labels,Warner Music Netherlands,http://dbpedia.org/resource/Italy,Italy,2/7/2024
http://dbpedia.org/resource/La_noia_(song),La noia (song),http://dbpedia.org/resource/Angelina_Mango,Angelina Mango,performer,http://dbpedia.org/resource/Poké_melodrama,Poké melodrama,http://dbpedia.org/resource/Folk_music,Folk music,http://dbpedia.org/resource/List_of_Warner_Music_Group_labels,Warner Music New Zealand,http://dbpedia.org/resource/Italy,Italy,2/7/2024
http://dbpedia.org/resource/La_noia_(song),La noia (song),http://dbpedia.org/resource/Angelina_Mango,Angelina Mango,performer,http://dbpedia.org/resource/Poké_melodrama,Poké melodrama,http://dbpedia.org/resource/Folk_music,Folk music,http://dbpedia.org/resource/List_of_Warner_Music_Group_labels,Warner Music Perú,http://dbpedia.org/resource/Italy,Italy,2/7/2024
http://dbpedia.org/resource/La_noia_(song),La noia (song),http://dbpedia.org/resource/Angelina_Mango,Angelina Mango,performer,http://dbpedia.org/resource/Poké_melodrama,Poké melodrama,http://dbpedia.org/resource/Folk_music,Folk music,http://dbpedia.org/resource/List_of_Warner_Music_Group_labels,Warner Music Singapore,http://dbpedia.org/resource/Italy,Italy,2/7/2024
http://dbpedia.org/resource/La_noia_(song),La noia (song),http://dbpedia.org/resource/Angelina_Mango,Angelina Mango,performer,http://dbpedia.org/resource/Poké_melodrama,Poké melodrama,http://dbpedia.org/resource/Folk_music,Folk music,http://dbpedia.org/resource/List_of_Warner_Music_Group_labels,Warner Music Switzerland,http://dbpedia.org/resource/Italy,Italy,2/7/2024
http://dbpedia.org/resource/La_noia_(song),La noia (song),http://dbpedia.org/resource/Angelina_Mango,Angelina Mango,performer,http://dbpedia.org/resource/Poké_melodrama,Poké melodrama,http://dbpedia.org/resource/Folk_music,Folk music,http://dbpedia.org/resource/List_of_Warner_Music_Group_labels,List of Warner Music Group labels,http://dbpedia.org/resource/Italy,Italy,2/7/2024
http://dbpedia.org/resource/La_noia_(song),La noia (song),http://dbpedia.org/resource/Angelina_Mango,Angelina Mango,performer,http://dbpedia.org/resource/Poké_melodrama,Poké melodrama,http://dbpedia.org/resource/Folk_music,Folk music,http://dbpedia.org/resource/List_of_Warner_Music_Group_labels,Play On (record label),http://dbpedia.org/resource/Italy,Italy,2/7/2024
http://dbpedia.org/resource/La_noia_(song),La noia (song),http://dbpedia.org/resource/Angelina_Mango,Angelina Mango,performer,http://dbpedia.org/resource/Poké_melodrama,Poké melodrama,http://dbpedia.org/resource/Folk_music,Folk music,http://dbpedia.org/resource/List_of_Warner_Music_Group_labels,Warner Music Japan,http://dbpedia.org/resource/Italy,Italy,2/7/2024
http://dbpedia.org/resource/La_noia_(song),La noia (song),http://dbpedia.org/resource/Angelina_Mango,Angelina Mango,performer,http://dbpedia.org/resource/Poké_melodrama,Poké melodrama,http://dbpedia.org/resource/Folk_music,Folk music,http://dbpedia.org/resource/List_of_Warner_Music_Group_labels,Warner Music Germany,http://dbpedia.org/resource/Italy,Italy,2/7/2024
http://dbpedia.org/resource/La_noia_(song),La noia (song),http://dbpedia.org/resource/Angelina_Mango,Angelina Mango,performer,http://dbpedia.org/resource/Poké_melodrama,Poké melodrama,http://dbpedia.org/resource/Folk_music,Folk music,http://dbpedia.org/resource/List_of_Warner_Music_Group_labels,Warner Music Argentina,http://dbpedia.org/resource/Italy,Italy,2/7/2024
http://dbpedia.org/resource/La_noia_(song),La noia (song),http://dbpedia.org/resource/Angelina_Mango,Angelina Mango,performer,http://dbpedia.org/resource/Poké_melodrama,Poké melodrama,http://dbpedia.org/resource/Folk_music,Folk music,http://dbpedia.org/resource/List_of_Warner_Music_Group_labels,Warner Music Brasil,http://dbpedia.org/resource/Italy,Italy,2/7/2024
http://dbpedia.org/resource/La_noia_(song),La noia (song),http://dbpedia.org/resource/Angelina_Mango,Angelina Mango,performer,http://dbpedia.org/resource/Poké_melodrama,Poké melodrama,http://dbpedia.org/resource/Folk_music,Folk music,http://dbpedia.org/resource/List_of_Warner_Music_Group_labels,Warner Music Chile,http://dbpedia.org/resource/Italy,Italy,2/7/2024
http://dbpedia.org/resource/La_noia_(song),La noia (song),http://dbpedia.org/resource/Angelina_Mango,Angelina Mango,performer,http://dbpedia.org/resource/Poké_melodrama,Poké melodrama,http://dbpedia.org/resource/Folk_music,Folk music,http://dbpedia.org/resource/List_of_Warner_Music_Group_labels,Warner Music Finland,http://dbpedia.org/resource/Italy,Italy,2/7/2024
http://dbpedia.org/resource/La_noia_(song),La noia (song),http://dbpedia.org/resource/Angelina_Mango,Angelina Mango,performer,http://dbpedia.org/resource/Poké_melodrama,Poké melodrama,http://dbpedia.org/resource/Folk_music,Folk music,http://dbpedia.org/resource/List_of_Warner_Music_Group_labels,Warner Music Denmark,http://dbpedia.org/resource/Italy,Italy,2/7/2024
http://dbpedia.org/resource/La_noia_(song),La noia (song),http://dbpedia.org/resource/Angelina_Mango,Angelina Mango,performer,http://dbpedia.org/resource/Poké_melodrama,Poké melodrama,http://dbpedia.org/resource/Folk_music,Folk music,http://dbpedia.org/resource/List_of_Warner_Music_Group_labels,Warner Music Malaysia,http://dbpedia.org/resource/Italy,Italy,2/7/2024
http://dbpedia.org/resource/La_noia_(song),La noia (song),http://dbpedia.org/resource/Angelina_Mango,Angelina Mango,performer,http://dbpedia.org/resource/Poké_melodrama,Poké melodrama,http://dbpedia.org/resource/Folk_music,Folk music,http://dbpedia.org/resource/List_of_Warner_Music_Group_labels,Warner Music Taiwan,http://dbpedia.org/resource/Italy,Italy,2/7/2024
http://dbpedia.org/resource/La_noia_(song),La noia (song),http://dbpedia.org/resource/Angelina_Mango,Angelina Mango,performer,http://dbpedia.org/resource/Poké_melodrama,Poké melodrama,http://dbpedia.org/resource/Folk_music,Folk music,http://dbpedia.org/resource/List_of_Warner_Music_Group_labels,Warner Music Hong Kong,http://dbpedia.org/resource/Italy,Italy,2/7/2024
http://dbpedia.org/resource/La_noia_(song),La noia (song),http://dbpedia.org/resource/Angelina_Mango,Angelina Mango,performer,http://dbpedia.org/resource/Poké_melodrama,Poké melodrama,http://dbpedia.org/resource/Folk_music,Folk music,http://dbpedia.org/resource/List_of_Warner_Music_Group_labels,Warner Music Portugal,http://dbpedia.org/resource/Italy,Italy,2/7/2024
http://dbpedia.org/resource/La_noia_(song),La noia (song),http://dbpedia.org/resource/Angelina_Mango,Angelina Mango,performer,http://dbpedia.org/resource/Poké_melodrama,Poké melodrama,http://dbpedia.org/resource/Folk_music,Folk music,http://dbpedia.org/resource/List_of_Warner_Music_Group_labels,Warner Music Nashville,http://dbpedia.org/resource/Italy,Italy,2/7/2024
http://dbpedia.org/resource/La_noia_(song),La noia (song),http://dbpedia.org/resource/Angelina_Mango,Angelina Mango,performer,http://dbpedia.org/resource/Poké_melodrama,Poké melodrama,http://dbpedia.org/resource/Folk_music,Folk music,http://dbpedia.org/resource/List_of_Warner_Music_Group_labels,Warner Music Norway,http://dbpedia.org/resource/Italy,Italy,2/7/2024
http://dbpedia.org/resource/La_noia_(song),La noia (song),http://dbpedia.org/resource/Angelina_Mango,Angelina Mango,performer,http://dbpedia.org/resource/Poké_melodrama,Poké melodrama,http://dbpedia.org/resource/Folk_music,Folk music,http://dbpedia.org/resource/List_of_Warner_Music_Group_labels,Warner Music France,http://dbpedia.org/resource/Italy,Italy,2/7/2024
http://dbpedia.org/resource/La_noia_(song),La noia (song),http://dbpedia.org/resource/Angelina_Mango,Angelina Mango,performer,http://dbpedia.org/resource/Poké_melodrama,Poké melodrama,http://dbpedia.org/resource/Folk_music,Folk music,http://dbpedia.org/resource/List_of_Warner_Music_Group_labels,Warner Music Italy,http://dbpedia.org/resource/Italy,Italy,2/7/2024
http://dbpedia.org/resource/La_noia_(song),La noia (song),http://dbpedia.org/resource/Angelina_Mango,Angelina Mango,performer,http://dbpedia.org/resource/Poké_melodrama,Poké melodrama,http://dbpedia.org/resource/Folk_music,Folk music,http://dbpedia.org/resource/List_of_Warner_Music_Group_labels,Warner Music Thailand,http://dbpedia.org/resource/Italy,Italy,2/7/2024
http://dbpedia.org/resource/La_noia_(song),La noia (song),http://dbpedia.org/resource/Angelina_Mango,Angelina Mango,performer,http://dbpedia.org/resource/Poké_melodrama,Poké melodrama,http://dbpedia.org/resource/Folk_music,Folk music,http://dbpedia.org/resource/List_of_Warner_Music_Group_labels,Warner Music Russia,http://dbpedia.org/resource/Italy,Italy,2/7/2024
http://dbpedia.org/resource/La_noia_(song),La noia (song),http://dbpedia.org/resource/Angelina_Mango,Angelina Mango,performer,http://dbpedia.org/resource/Poké_melodrama,Poké melodrama,http://dbpedia.org/resource/Folk_music,Folk music,http://dbpedia.org/resource/List_of_Warner_Music_Group_labels,Warner Music Indonesia,http://dbpedia.org/resource/Italy,Italy,2/7/2024
http://dbpedia.org/resource/La_noia_(song),La noia (song),http://dbpedia.org/resource/Angelina_Mango,Angelina Mango,performer,http://dbpedia.org/resource/Poké_melodrama,Poké melodrama,http://dbpedia.org/resource/Folk_music,Folk music,http://dbpedia.org/resource/List_of_Warner_Music_Group_labels,Warner Music Spain,http://dbpedia.org/resource/Italy,Italy,2/7/2024
http://dbpedia.org/resource/La_noia_(song),La noia (song),http://dbpedia.org/resource/Angelina_Mango,Angelina Mango,performer,http://dbpedia.org/resource/Poké_melodrama,Poké melodrama,http://dbpedia.org/resource/Folk_music,Folk music,http://dbpedia.org/resource/List_of_Warner_Music_Group_labels,Warner Music India,http://dbpedia.org/resource/Italy,Italy,2/7/2024
http://dbpedia.org/resource/La_noia_(song),La noia (song),http://dbpedia.org/resource/Angelina_Mango,Angelina Mango,performer,http://dbpedia.org/resource/Poké_melodrama,Poké melodrama,http://dbpedia.org/resource/Folk_music,Folk music,http://dbpedia.org/resource/List_of_Warner_Music_Group_labels,Warner Music UK,http://dbpedia.org/resource/Italy,Italy,2/7/2024
http://dbpedia.org/resource/La_noia_(song),La noia (song),http://dbpedia.org/resource/Angelina_Mango,Angelina Mango,performer,http://dbpedia.org/resource/Poké_melodrama,Poké melodrama,http://dbpedia.org/resource/Folk_music,Folk music,http://dbpedia.org/resource/List_of_Warner_Music_Group_labels,Warner Music Austria,http://dbpedia.org/resource/Italy,Italy,2/7/2024
http://dbpedia.org/resource/La_noia_(song),La noia (song),http://dbpedia.org/resource/Angelina_Mango,Angelina Mango,performer,http://dbpedia.org/resource/Poké_melodrama,Poké melodrama,http://dbpedia.org/resource/Folk_music,Folk music,http://dbpedia.org/resource/List_of_Warner_Music_Group_labels,Warner Music Belgium,http://dbpedia.org/resource/Italy,Italy,2/7/2024
http://dbpedia.org/resource/La_noia_(song),La noia (song),http://dbpedia.org/resource/Angelina_Mango,Angelina Mango,performer,http://dbpedia.org/resource/Poké_melodrama,Poké melodrama,http://dbpedia.org/resource/Folk_music,Folk music,http://dbpedia.org/resource/List_of_Warner_Music_Group_labels,Warner Music Benelux,http://dbpedia.org/resource/Italy,Italy,2/7/2024
http://dbpedia.org/resource/La_noia_(song),La noia (song),http://dbpedia.org/resource/Angelina_Mango,Angelina Mango,performer,http://dbpedia.org/resource/Poké_melodrama,Poké melodrama,http://dbpedia.org/resource/Folk_music,Folk music,http://dbpedia.org/resource/List_of_Warner_Music_Group_labels,Warner Music Central Europe,http://dbpedia.org/resource/Italy,Italy,2/7/2024
http://dbpedia.org/resource/La_noia_(song),La noia (song),http://dbpedia.org/resource/Angelina_Mango,Angelina Mango,performer,http://dbpedia.org/resource/Poké_melodrama,Poké melodrama,http://dbpedia.org/resource/Folk_music,Folk music,http://dbpedia.org/resource/List_of_Warner_Music_Group_labels,Warner Music China,http://dbpedia.org/resource/Italy,Italy,2/7/2024
http://dbpedia.org/resource/La_noia_(song),La noia (song),http://dbpedia.org/resource/Angelina_Mango,Angelina Mango,performer,http://dbpedia.org/resource/Poké_melodrama,Poké melodrama,http://dbpedia.org/resource/Folk_music,Folk music,http://dbpedia.org/resource/List_of_Warner_Music_Group_labels,Warner Music Colombia,http://dbpedia.org/resource/Italy,Italy,2/7/2024
http://dbpedia.org/resource/La_noia_(song),La noia (song),http://dbpedia.org/resource/Angelina_Mango,Angelina Mango,performer,http://dbpedia.org/resource/Poké_melodrama,Poké melodrama,http://dbpedia.org/resource/Folk_music,Folk music,http://dbpedia.org/resource/List_of_Warner_Music_Group_labels,Warner Music Greece,http://dbpedia.org/resource/Italy,Italy,2/7/2024
http://dbpedia.org/resource/La_noia_(song),La noia (song),http://dbpedia.org/resource/Angelina_Mango,Angelina Mango,performer,http://dbpedia.org/resource/Poké_melodrama,Poké melodrama,http://dbpedia.org/resource/Folk_music,Folk music,http://dbpedia.org/resource/List_of_Warner_Music_Group_labels,Warner Music Hungary,http://dbpedia.org/resource/Italy,Italy,2/7/2024
http://dbpedia.org/resource/La_noia_(song),La noia (song),http://dbpedia.org/resource/Angelina_Mango,Angelina Mango,performer,http://dbpedia.org/resource/Poké_melodrama,Poké melodrama,http://dbpedia.org/resource/Folk_music,Folk music,http://dbpedia.org/resource/List_of_Warner_Music_Group_labels,Warner Music Ireland,http://dbpedia.org/resource/Italy,Italy,2/7/2024
http://dbpedia.org/resource/La_noia_(song),La noia (song),http://dbpedia.org/resource/Angelina_Mango,Angelina Mango,performer,http://dbpedia.org/resource/Poké_melodrama,Poké melodrama,http://dbpedia.org/resource/Folk_music,Folk music,http://dbpedia.org/resource/List_of_Warner_Music_Group_labels,Warner Music Korea,http://dbpedia.org/resource/Italy,Italy,2/7/2024
http://dbpedia.org/resource/La_noia_(song),La noia (song),http://dbpedia.org/resource/Angelina_Mango,Angelina Mango,performer,http://dbpedia.org/resource/Poké_melodrama,Poké melodrama,http://dbpedia.org/resource/Folk_music,Folk music,http://dbpedia.org/resource/List_of_Warner_Music_Group_labels,Warner Music México,http://dbpedia.org/resource/Italy,Italy,2/7/2024
http://dbpedia.org/resource/La_noia_(song),La noia (song),http://dbpedia.org/resource/Angelina_Mango,Angelina Mango,performer,http://dbpedia.org/resource/Poké_melodrama,Poké melodrama,http://dbpedia.org/resource/Folk_music,Folk music,http://dbpedia.org/resource/List_of_Warner_Music_Group_labels,Warner Music Netherlands,http://dbpedia.org/resource/Italy,Italy,2/7/2024
http://dbpedia.org/resource/La_noia_(song),La noia (song),http://dbpedia.org/resource/Angelina_Mango,Angelina Mango,performer,http://dbpedia.org/resource/Poké_melodrama,Poké melodrama,http://dbpedia.org/resource/Folk_music,Folk music,http://dbpedia.org/resource/List_of_Warner_Music_Group_labels,Warner Music New Zealand,http://dbpedia.org/resource/Italy,Italy,2/7/2024
http://dbpedia.org/resource/La_noia_(song),La noia (song),http://dbpedia.org/resource/Angelina_Mango,Angelina Mango,performer,http://dbpedia.org/resource/Poké_melodrama,Poké melodrama,http://dbpedia.org/resource/Pop_music,Pop music,http://dbpedia.org/resource/List_of_Warner_Music_Group_labels,Warner Music Netherlands,http://dbpedia.org/resource/Italy,Italy,2/7/2024
http://dbpedia.org/resource/La_noia_(song),La noia (song),http://dbpedia.org/resource/Angelina_Mango,Angelina Mango,performer,http://dbpedia.org/resource/Poké_melodrama,Poké melodrama,http://dbpedia.org/resource/Pop_music,Pop music,http://dbpedia.org/resource/List_of_Warner_Music_Group_labels,Warner Music New Zealand,http://dbpedia.org/resource/Italy,Italy,2/7/2024
http://dbpedia.org/resource/La_noia_(song),La noia (song),http://dbpedia.org/resource/Angelina_Mango,Angelina Mango,performer,http://dbpedia.org/resource/Poké_melodrama,Poké melodrama,http://dbpedia.org/resource/Pop_music,Pop music,http://dbpedia.org/resource/List_of_Warner_Music_Group_labels,Warner Music Perú,http://dbpedia.org/resource/Italy,Italy,2/7/2024
http://dbpedia.org/resource/La_noia_(song),La noia (song),http://dbpedia.org/resource/Angelina_Mango,Angelina Mango,performer,http://dbpedia.org/resource/Poké_melodrama,Poké melodrama,http://dbpedia.org/resource/Pop_music,Pop music,http://dbpedia.org/resource/List_of_Warner_Music_Group_labels,Warner Music Singapore,http://dbpedia.org/resource/Italy,Italy,2/7/2024
http://dbpedia.org/resource/La_noia_(song),La noia (song),http://dbpedia.org/resource/Angelina_Mango,Angelina Mango,performer,http://dbpedia.org/resource/Poké_melodrama,Poké melodrama,http://dbpedia.org/resource/Pop_music,Pop music,http://dbpedia.org/resource/List_of_Warner_Music_Group_labels,Warner Music Switzerland,http://dbpedia.org/resource/Italy,Italy,2/7/2024
http://dbpedia.org/resource/La_noia_(song),La noia (song),http://dbpedia.org/resource/Angelina_Mango,Angelina Mango,performer,http://dbpedia.org/resource/Poké_melodrama,Poké melodrama,http://dbpedia.org/resource/Pop_music,Pop music,http://dbpedia.org/resource/List_of_Warner_Music_Group_labels,List of Warner Music Group labels,http://dbpedia.org/resource/Italy,Italy,2/7/2024
http://dbpedia.org/resource/La_noia_(song),La noia (song),http://dbpedia.org/resource/Angelina_Mango,Angelina Mango,performer,http://dbpedia.org/resource/Poké_melodrama,Poké melodrama,http://dbpedia.org/resource/Pop_music,Pop music,http://dbpedia.org/resource/List_of_Warner_Music_Group_labels,Play On (record label),http://dbpedia.org/resource/Italy,Italy,2/7/2024
http://dbpedia.org/resource/La_noia_(song),La noia (song),http://dbpedia.org/resource/Angelina_Mango,Angelina Mango,performer,http://dbpedia.org/resource/Poké_melodrama,Poké melodrama,http://dbpedia.org/resource/Pop_music,Pop music,http://dbpedia.org/resource/List_of_Warner_Music_Group_labels,Warner Music Japan,http://dbpedia.org/resource/Italy,Italy,2/7/2024
http://dbpedia.org/resource/La_noia_(song),La noia (song),http://dbpedia.org/resource/Angelina_Mango,Angelina Mango,performer,http://dbpedia.org/resource/Poké_melodrama,Poké melodrama,http://dbpedia.org/resource/Pop_music,Pop music,http://dbpedia.org/resource/List_of_Warner_Music_Group_labels,Warner Music Germany,http://dbpedia.org/resource/Italy,Italy,2/7/2024
http://dbpedia.org/resource/La_noia_(song),La noia (song),http://dbpedia.org/resource/Angelina_Mango,Angelina Mango,performer,http://dbpedia.org/resource/Poké_melodrama,Poké melodrama,http://dbpedia.org/resource/Pop_music,Pop music,http://dbpedia.org/resource/List_of_Warner_Music_Group_labels,Warner Music Argentina,http://dbpedia.org/resource/Italy,Italy,2/7/2024
http://dbpedia.org/resource/La_noia_(song),La noia (song),http://dbpedia.org/resource/Angelina_Mango,Angelina Mango,performer,http://dbpedia.org/resource/Poké_melodrama,Poké melodrama,http://dbpedia.org/resource/Pop_music,Pop music,http://dbpedia.org/resource/List_of_Warner_Music_Group_labels,Warner Music Brasil,http://dbpedia.org/resource/Italy,Italy,2/7/2024
http://dbpedia.org/resource/La_noia_(song),La noia (song),http://dbpedia.org/resource/Angelina_Mango,Angelina Mango,performer,http://dbpedia.org/resource/Poké_melodrama,Poké melodrama,http://dbpedia.org/resource/Pop_music,Pop music,http://dbpedia.org/resource/List_of_Warner_Music_Group_labels,Warner Music Chile,http://dbpedia.org/resource/Italy,Italy,2/7/2024
http://dbpedia.org/resource/La_noia_(song),La noia (song),http://dbpedia.org/resource/Angelina_Mango,Angelina Mango,performer,http://dbpedia.org/resource/Poké_melodrama,Poké melodrama,http://dbpedia.org/resource/Pop_music,Pop music,http://dbpedia.org/resource/List_of_Warner_Music_Group_labels,Warner Music Finland,http://dbpedia.org/resource/Italy,Italy,2/7/2024
http://dbpedia.org/resource/La_noia_(song),La noia (song),http://dbpedia.org/resource/Angelina_Mango,Angelina Mango,performer,http://dbpedia.org/resource/Poké_melodrama,Poké melodrama,http://dbpedia.org/resource/Pop_music,Pop music,http://dbpedia.org/resource/List_of_Warner_Music_Group_labels,Warner Music Denmark,http://dbpedia.org/resource/Italy,Italy,2/7/2024
http://dbpedia.org/resource/La_noia_(song),La noia (song),http://dbpedia.org/resource/Angelina_Mango,Angelina Mango,performer,http://dbpedia.org/resource/Poké_melodrama,Poké melodrama,http://dbpedia.org/resource/Pop_music,Pop music,http://dbpedia.org/resource/List_of_Warner_Music_Group_labels,Warner Music Malaysia,http://dbpedia.org/resource/Italy,Italy,2/7/2024
http://dbpedia.org/resource/La_noia_(song),La noia (song),http://dbpedia.org/resource/Angelina_Mango,Angelina Mango,performer,http://dbpedia.org/resource/Poké_melodrama,Poké melodrama,http://dbpedia.org/resource/Pop_music,Pop music,http://dbpedia.org/resource/List_of_Warner_Music_Group_labels,Warner Music Taiwan,http://dbpedia.org/resource/Italy,Italy,2/7/2024
http://dbpedia.org/resource/La_noia_(song),La noia (song),http://dbpedia.org/resource/Angelina_Mango,Angelina Mango,performer,http://dbpedia.org/resource/Poké_melodrama,Poké melodrama,http://dbpedia.org/resource/Pop_music,Pop music,http://dbpedia.org/resource/List_of_Warner_Music_Group_labels,Warner Music Hong Kong,http://dbpedia.org/resource/Italy,Italy,2/7/2024
http://dbpedia.org/resource/La_noia_(song),La noia (song),http://dbpedia.org/resource/Angelina_Mango,Angelina Mango,performer,http://dbpedia.org/resource/Poké_melodrama,Poké melodrama,http://dbpedia.org/resource/Pop_music,Pop music,http://dbpedia.org/resource/List_of_Warner_Music_Group_labels,Warner Music Portugal,http://dbpedia.org/resource/Italy,Italy,2/7/2024
http://dbpedia.org/resource/La_noia_(song),La noia (song),http://dbpedia.org/resource/Angelina_Mango,Angelina Mango,performer,http://dbpedia.org/resource/Poké_melodrama,Poké melodrama,http://dbpedia.org/resource/Pop_music,Pop music,http://dbpedia.org/resource/List_of_Warner_Music_Group_labels,Warner Music Nashville,http://dbpedia.org/resource/Italy,Italy,2/7/2024
http://dbpedia.org/resource/La_noia_(song),La noia (song),http://dbpedia.org/resource/Angelina_Mango,Angelina Mango,performer,http://dbpedia.org/resource/Poké_melodrama,Poké melodrama,http://dbpedia.org/resource/Pop_music,Pop music,http://dbpedia.org/resource/List_of_Warner_Music_Group_labels,Warner Music Norway,http://dbpedia.org/resource/Italy,Italy,2/7/2024
http://dbpedia.org/resource/La_noia_(song),La noia (song),http://dbpedia.org/resource/Angelina_Mango,Angelina Mango,performer,http://dbpedia.org/resource/Poké_melodrama,Poké melodrama,http://dbpedia.org/resource/Pop_music,Pop music,http://dbpedia.org/resource/List_of_Warner_Music_Group_labels,Warner Music France,http://dbpedia.org/resource/Italy,Italy,2/7/2024
http://dbpedia.org/resource/La_noia_(song),La noia (song),http://dbpedia.org/resource/Angelina_Mango,Angelina Mango,performer,http://dbpedia.org/resource/Poké_melodrama,Poké melodrama,http://dbpedia.org/resource/Pop_music,Pop music,http://dbpedia.org/resource/List_of_Warner_Music_Group_labels,Warner Music Italy,http://dbpedia.org/resource/Italy,Italy,2/7/2024
http://dbpedia.org/resource/La_noia_(song),La noia (song),http://dbpedia.org/resource/Angelina_Mango,Angelina Mango,performer,http://dbpedia.org/resource/Poké_melodrama,Poké melodrama,http://dbpedia.org/resource/Pop_music,Pop music,http://dbpedia.org/resource/List_of_Warner_Music_Group_labels,Warner Music Thailand,http://dbpedia.org/resource/Italy,Italy,2/7/2024
http://dbpedia.org/resource/La_noia_(song),La noia (song),http://dbpedia.org/resource/Angelina_Mango,Angelina Mango,performer,http://dbpedia.org/resource/Poké_melodrama,Poké melodrama,http://dbpedia.org/resource/Pop_music,Pop music,http://dbpedia.org/resource/List_of_Warner_Music_Group_labels,Warner Music Russia,http://dbpedia.org/resource/Italy,Italy,2/7/2024
http://dbpedia.org/resource/La_noia_(song),La noia (song),http://dbpedia.org/resource/Angelina_Mango,Angelina Mango,performer,http://dbpedia.org/resource/Poké_melodrama,Poké melodrama,http://dbpedia.org/resource/Pop_music,Pop music,http://dbpedia.org/resource/List_of_Warner_Music_Group_labels,Warner Music Indonesia,http://dbpedia.org/resource/Italy,Italy,2/7/2024
http://dbpedia.org/resource/La_noia_(song),La noia (song),http://dbpedia.org/resource/Angelina_Mango,Angelina Mango,performer,http://dbpedia.org/resource/Poké_melodrama,Poké melodrama,http://dbpedia.org/resource/Pop_music,Pop music,http://dbpedia.org/resource/List_of_Warner_Music_Group_labels,Warner Music Spain,http://dbpedia.org/resource/Italy,Italy,2/7/2024
http://dbpedia.org/resource/La_noia_(song),La noia (song),http://dbpedia.org/resource/Angelina_Mango,Angelina Mango,performer,http://dbpedia.org/resource/Poké_melodrama,Poké melodrama,http://dbpedia.org/resource/Pop_music,Pop music,http://dbpedia.org/resource/List_of_Warner_Music_Group_labels,Warner Music India,http://dbpedia.org/resource/Italy,Italy,2/7/2024
http://dbpedia.org/resource/La_noia_(song),La noia (song),http://dbpedia.org/resource/Angelina_Mango,Angelina Mango,performer,http://dbpedia.org/resource/Poké_melodrama,Poké melodrama,http://dbpedia.org/resource/Pop_music,Pop music,http://dbpedia.org/resource/List_of_Warner_Music_Group_labels,Warner Music UK,http://dbpedia.org/resource/Italy,Italy,2/7/2024
http://dbpedia.org/resource/La_noia_(song),La noia (song),http://dbpedia.org/resource/Angelina_Mango,Angelina Mango,performer,http://dbpedia.org/resource/Poké_melodrama,Poké melodrama,http://dbpedia.org/resource/Pop_music,Pop music,http://dbpedia.org/resource/List_of_Warner_Music_Group_labels,Warner Music Austria,http://dbpedia.org/resource/Italy,Italy,2/7/2024
http://dbpedia.org/resource/La_noia_(song),La noia (song),http://dbpedia.org/resource/Angelina_Mango,Angelina Mango,performer,http://dbpedia.org/resource/Poké_melodrama,Poké melodrama,http://dbpedia.org/resource/Pop_music,Pop music,http://dbpedia.org/resource/List_of_Warner_Music_Group_labels,Warner Music Belgium,http://dbpedia.org/resource/Italy,Italy,2/7/2024
http://dbpedia.org/resource/La_noia_(song),La noia (song),http://dbpedia.org/resource/Angelina_Mango,Angelina Mango,performer,http://dbpedia.org/resource/Poké_melodrama,Poké melodrama,http://dbpedia.org/resource/Pop_music,Pop music,http://dbpedia.org/resource/List_of_Warner_Music_Group_labels,Warner Music Benelux,http://dbpedia.org/resource/Italy,Italy,2/7/2024
http://dbpedia.org/resource/La_noia_(song),La noia (song),http://dbpedia.org/resource/Angelina_Mango,Angelina Mango,performer,http://dbpedia.org/resource/Poké_melodrama,Poké melodrama,http://dbpedia.org/resource/Pop_music,Pop music,http://dbpedia.org/resource/List_of_Warner_Music_Group_labels,Warner Music Central Europe,http://dbpedia.org/resource/Italy,Italy,2/7/2024
http://dbpedia.org/resource/La_noia_(song),La noia (song),http://dbpedia.org/resource/Angelina_Mango,Angelina Mango,performer,http://dbpedia.org/resource/Poké_melodrama,Poké melodrama,http://dbpedia.org/resource/Pop_music,Pop music,http://dbpedia.org/resource/List_of_Warner_Music_Group_labels,Warner Music China,http://dbpedia.org/resource/Italy,Italy,2/7/2024
http://dbpedia.org/resource/La_noia_(song),La noia (song),http://dbpedia.org/resource/Angelina_Mango,Angelina Mango,performer,http://dbpedia.org/resource/Poké_melodrama,Poké melodrama,http://dbpedia.org/resource/Pop_music,Pop music,http://dbpedia.org/resource/List_of_Warner_Music_Group_labels,Warner Music Colombia,http://dbpedia.org/resource/Italy,Italy,2/7/2024
http://dbpedia.org/resource/La_noia_(song),La noia (song),http://dbpedia.org/resource/Angelina_Mango,Angelina Mango,performer,http://dbpedia.org/resource/Poké_melodrama,Poké melodrama,http://dbpedia.org/resource/Pop_music,Pop music,http://dbpedia.org/resource/List_of_Warner_Music_Group_labels,Warner Music Greece,http://dbpedia.org/resource/Italy,Italy,2/7/2024
http://dbpedia.org/resource/La_noia_(song),La noia (song),http://dbpedia.org/resource/Angelina_Mango,Angelina Mango,performer,http://dbpedia.org/resource/Poké_melodrama,Poké melodrama,http://dbpedia.org/resource/Pop_music,Pop music,http://dbpedia.org/resource/List_of_Warner_Music_Group_labels,Warner Music Hungary,http://dbpedia.org/resource/Italy,Italy,2/7/2024
http://dbpedia.org/resource/La_noia_(song),La noia (song),http://dbpedia.org/resource/Angelina_Mango,Angelina Mango,performer,http://dbpedia.org/resource/Poké_melodrama,Poké melodrama,http://dbpedia.org/resource/Pop_music,Pop music,http://dbpedia.org/resource/List_of_Warner_Music_Group_labels,Warner Music Ireland,http://dbpedia.org/resource/Italy,Italy,2/7/2024
http://dbpedia.org/resource/La_noia_(song),La noia (song),http://dbpedia.org/resource/Angelina_Mango,Angelina Mango,performer,http://dbpedia.org/resource/Poké_melodrama,Poké melodrama,http://dbpedia.org/resource/Pop_music,Pop music,http://dbpedia.org/resource/List_of_Warner_Music_Group_labels,Warner Music Korea,http://dbpedia.org/resource/Italy,Italy,2/7/2024
http://dbpedia.org/resource/La_noia_(song),La noia (song),http://dbpedia.org/resource/Angelina_Mango,Angelina Mango,performer,http://dbpedia.org/resource/Poké_melodrama,Poké melodrama,http://dbpedia.org/resource/Pop_music,Pop music,http://dbpedia.org/resource/List_of_Warner_Music_Group_labels,Warner Music México,http://dbpedia.org/resource/Italy,Italy,2/7/2024
http://dbpedia.org/resource/La_noia_(song),La noia (song),http://dbpedia.org/resource/Angelina_Mango,Angelina Mango,performer,http://dbpedia.org/resource/Poké_melodrama,Poké melodrama,http://dbpedia.org/resource/Pop_music,Pop music,http://dbpedia.org/resource/List_of_Warner_Music_Group_labels,Warner Music Netherlands,http://dbpedia.org/resource/Italy,Italy,2/7/2024
http://dbpedia.org/resource/La_noia_(song),La noia (song),http://dbpedia.org/resource/Angelina_Mango,Angelina Mango,performer,http://dbpedia.org/resource/Poké_melodrama,Poké melodrama,http://dbpedia.org/resource/Pop_music,Pop music,http://dbpedia.org/resource/List_of_Warner_Music_Group_labels,Warner Music New Zealand,http://dbpedia.org/resource/Italy,Italy,2/7/2024
http://dbpedia.org/resource/La_noia_(song),La noia (song),http://dbpedia.org/resource/Angelina_Mango,Angelina Mango,performer,http://dbpedia.org/resource/Poké_melodrama,Poké melodrama,http://dbpedia.org/resource/Dance_music,Dance music,http://dbpedia.org/resource/List_of_Warner_Music_Group_labels,Warner Music Netherlands,http://dbpedia.org/resource/Italy,Italy,2/7/2024
http://dbpedia.org/resource/La_noia_(song),La noia (song),http://dbpedia.org/resource/Angelina_Mango,Angelina Mango,performer,http://dbpedia.org/resource/Poké_melodrama,Poké melodrama,http://dbpedia.org/resource/Dance_music,Dance music,http://dbpedia.org/resource/List_of_Warner_Music_Group_labels,Warner Music New Zealand,http://dbpedia.org/resource/Italy,Italy,2/7/2024
http://dbpedia.org/resource/La_noia_(song),La noia (song),http://dbpedia.org/resource/Angelina_Mango,Angelina Mango,performer,http://dbpedia.org/resource/Poké_melodrama,Poké melodrama,http://dbpedia.org/resource/Dance_music,Dance music,http://dbpedia.org/resource/List_of_Warner_Music_Group_labels,Warner Music Perú,http://dbpedia.org/resource/Italy,Italy,2/7/2024
http://dbpedia.org/resource/La_noia_(song),La noia (song),http://dbpedia.org/resource/Angelina_Mango,Angelina Mango,performer,http://dbpedia.org/resource/Poké_melodrama,Poké melodrama,http://dbpedia.org/resource/Dance_music,Dance music,http://dbpedia.org/resource/List_of_Warner_Music_Group_labels,Warner Music Singapore,http://dbpedia.org/resource/Italy,Italy,2/7/2024
http://dbpedia.org/resource/La_noia_(song),La noia (song),http://dbpedia.org/resource/Angelina_Mango,Angelina Mango,performer,http://dbpedia.org/resource/Poké_melodrama,Poké melodrama,http://dbpedia.org/resource/Dance_music,Dance music,http://dbpedia.org/resource/List_of_Warner_Music_Group_labels,Warner Music Switzerland,http://dbpedia.org/resource/Italy,Italy,2/7/2024
http://dbpedia.org/resource/La_noia_(song),La noia (song),http://dbpedia.org/resource/Angelina_Mango,Angelina Mango,performer,http://dbpedia.org/resource/Poké_melodrama,Poké melodrama,http://dbpedia.org/resource/Dance_music,Dance music,http://dbpedia.org/resource/List_of_Warner_Music_Group_labels,List of Warner Music Group labels,http://dbpedia.org/resource/Italy,Italy,2/7/2024
http://dbpedia.org/resource/La_noia_(song),La noia (song),http://dbpedia.org/resource/Angelina_Mango,Angelina Mango,performer,http://dbpedia.org/resource/Poké_melodrama,Poké melodrama,http://dbpedia.org/resource/Dance_music,Dance music,http://dbpedia.org/resource/List_of_Warner_Music_Group_labels,Play On (record label),http://dbpedia.org/resource/Italy,Italy,2/7/2024
http://dbpedia.org/resource/La_noia_(song),La noia (song),http://dbpedia.org/resource/Angelina_Mango,Angelina Mango,performer,http://dbpedia.org/resource/Poké_melodrama,Poké melodrama,http://dbpedia.org/resource/Dance_music,Dance music,http://dbpedia.org/resource/List_of_Warner_Music_Group_labels,Warner Music Japan,http://dbpedia.org/resource/Italy,Italy,2/7/2024
http://dbpedia.org/resource/La_noia_(song),La noia (song),http://dbpedia.org/resource/Angelina_Mango,Angelina Mango,performer,http://dbpedia.org/resource/Poké_melodrama,Poké melodrama,http://dbpedia.org/resource/Dance_music,Dance music,http://dbpedia.org/resource/List_of_Warner_Music_Group_labels,Warner Music Germany,http://dbpedia.org/resource/Italy,Italy,2/7/2024
http://dbpedia.org/resource/La_noia_(song),La noia (song),http://dbpedia.org/resource/Angelina_Mango,Angelina Mango,performer,http://dbpedia.org/resource/Poké_melodrama,Poké melodrama,http://dbpedia.org/resource/Dance_music,Dance music,http://dbpedia.org/resource/List_of_Warner_Music_Group_labels,Warner Music Argentina,http://dbpedia.org/resource/Italy,Italy,2/7/2024
http://dbpedia.org/resource/La_noia_(song),La noia (song),http://dbpedia.org/resource/Angelina_Mango,Angelina Mango,performer,http://dbpedia.org/resource/Poké_melodrama,Poké melodrama,http://dbpedia.org/resource/Dance_music,Dance music,http://dbpedia.org/resource/List_of_Warner_Music_Group_labels,Warner Music Brasil,http://dbpedia.org/resource/Italy,Italy,2/7/2024
http://dbpedia.org/resource/La_noia_(song),La noia (song),http://dbpedia.org/resource/Angelina_Mango,Angelina Mango,performer,http://dbpedia.org/resource/Poké_melodrama,Poké melodrama,http://dbpedia.org/resource/Dance_music,Dance music,http://dbpedia.org/resource/List_of_Warner_Music_Group_labels,Warner Music Chile,http://dbpedia.org/resource/Italy,Italy,2/7/2024
http://dbpedia.org/resource/La_noia_(song),La noia (song),http://dbpedia.org/resource/Angelina_Mango,Angelina Mango,performer,http://dbpedia.org/resource/Poké_melodrama,Poké melodrama,http://dbpedia.org/resource/Dance_music,Dance music,http://dbpedia.org/resource/List_of_Warner_Music_Group_labels,Warner Music Finland,http://dbpedia.org/resource/Italy,Italy,2/7/2024
http://dbpedia.org/resource/La_noia_(song),La noia (song),http://dbpedia.org/resource/Angelina_Mango,Angelina Mango,performer,http://dbpedia.org/resource/Poké_melodrama,Poké melodrama,http://dbpedia.org/resource/Dance_music,Dance music,http://dbpedia.org/resource/List_of_Warner_Music_Group_labels,Warner Music Denmark,http://dbpedia.org/resource/Italy,Italy,2/7/2024
http://dbpedia.org/resource/La_noia_(song),La noia (song),http://dbpedia.org/resource/Angelina_Mango,Angelina Mango,performer,http://dbpedia.org/resource/Poké_melodrama,Poké melodrama,http://dbpedia.org/resource/Dance_music,Dance music,http://dbpedia.org/resource/List_of_Warner_Music_Group_labels,Warner Music Malaysia,http://dbpedia.org/resource/Italy,Italy,2/7/2024
http://dbpedia.org/resource/La_noia_(song),La noia (song),http://dbpedia.org/resource/Angelina_Mango,Angelina Mango,performer,http://dbpedia.org/resource/Poké_melodrama,Poké melodrama,http://dbpedia.org/resource/Dance_music,Dance music,http://dbpedia.org/resource/List_of_Warner_Music_Group_labels,Warner Music Taiwan,http://dbpedia.org/resource/Italy,Italy,2/7/2024
http://dbpedia.org/resource/La_noia_(song),La noia (song),http://dbpedia.org/resource/Angelina_Mango,Angelina Mango,performer,http://dbpedia.org/resource/Poké_melodrama,Poké melodrama,http://dbpedia.org/resource/Dance_music,Dance music,http://dbpedia.org/resource/List_of_Warner_Music_Group_labels,Warner Music Hong Kong,http://dbpedia.org/resource/Italy,Italy,2/7/2024
http://dbpedia.org/resource/La_noia_(song),La noia (song),http://dbpedia.org/resource/Angelina_Mango,Angelina Mango,performer,http://dbpedia.org/resource/Poké_melodrama,Poké melodrama,http://dbpedia.org/resource/Dance_music,Dance music,http://dbpedia.org/resource/List_of_Warner_Music_Group_labels,Warner Music Portugal,http://dbpedia.org/resource/Italy,Italy,2/7/2024
http://dbpedia.org/resource/La_noia_(song),La noia (song),http://dbpedia.org/resource/Angelina_Mango,Angelina Mango,performer,http://dbpedia.org/resource/Poké_melodrama,Poké melodrama,http://dbpedia.org/resource/Dance_music,Dance music,http://dbpedia.org/resource/List_of_Warner_Music_Group_labels,Warner Music Nashville,http://dbpedia.org/resource/Italy,Italy,2/7/2024
http://dbpedia.org/resource/La_noia_(song),La noia (song),http://dbpedia.org/resource/Angelina_Mango,Angelina Mango,performer,http://dbpedia.org/resource/Poké_melodrama,Poké melodrama,http://dbpedia.org/resource/Dance_music,Dance music,http://dbpedia.org/resource/List_of_Warner_Music_Group_labels,Warner Music Norway,http://dbpedia.org/resource/Italy,Italy,2/7/2024
http://dbpedia.org/resource/La_noia_(song),La noia (song),http://dbpedia.org/resource/Angelina_Mango,Angelina Mango,performer,http://dbpedia.org/resource/Poké_melodrama,Poké melodrama,http://dbpedia.org/resource/Dance_music,Dance music,http://dbpedia.org/resource/List_of_Warner_Music_Group_labels,Warner Music France,http://dbpedia.org/resource/Italy,Italy,2/7/2024
http://dbpedia.org/resource/La_noia_(song),La noia (song),http://dbpedia.org/resource/Angelina_Mango,Angelina Mango,performer,http://dbpedia.org/resource/Poké_melodrama,Poké melodrama,http://dbpedia.org/resource/Dance_music,Dance music,http://dbpedia.org/resource/List_of_Warner_Music_Group_labels,Warner Music Italy,http://dbpedia.org/resource/Italy,Italy,2/7/2024
http://dbpedia.org/resource/La_noia_(song),La noia (song),http://dbpedia.org/resource/Angelina_Mango,Angelina Mango,performer,http://dbpedia.org/resource/Poké_melodrama,Poké melodrama,http://dbpedia.org/resource/Dance_music,Dance music,http://dbpedia.org/resource/List_of_Warner_Music_Group_labels,Warner Music Thailand,http://dbpedia.org/resource/Italy,Italy,2/7/2024
http://dbpedia.org/resource/La_noia_(song),La noia (song),http://dbpedia.org/resource/Angelina_Mango,Angelina Mango,performer,http://dbpedia.org/resource/Poké_melodrama,Poké melodrama,http://dbpedia.org/resource/Dance_music,Dance music,http://dbpedia.org/resource/List_of_Warner_Music_Group_labels,Warner Music Russia,http://dbpedia.org/resource/Italy,Italy,2/7/2024
http://dbpedia.org/resource/La_noia_(song),La noia (song),http://dbpedia.org/resource/Angelina_Mango,Angelina Mango,performer,http://dbpedia.org/resource/Poké_melodrama,Poké melodrama,http://dbpedia.org/resource/Dance_music,Dance music,http://dbpedia.org/resource/List_of_Warner_Music_Group_labels,Warner Music Indonesia,http://dbpedia.org/resource/Italy,Italy,2/7/2024
http://dbpedia.org/resource/La_noia_(song),La noia (song),http://dbpedia.org/resource/Angelina_Mango,Angelina Mango,performer,http://dbpedia.org/resource/Poké_melodrama,Poké melodrama,http://dbpedia.org/resource/Dance_music,Dance music,http://dbpedia.org/resource/List_of_Warner_Music_Group_labels,Warner Music Spain,http://dbpedia.org/resource/Italy,Italy,2/7/2024
http://dbpedia.org/resource/La_noia_(song),La noia (song),http://dbpedia.org/resource/Angelina_Mango,Angelina Mango,performer,http://dbpedia.org/resource/Poké_melodrama,Poké melodrama,http://dbpedia.org/resource/Dance_music,Dance music,http://dbpedia.org/resource/List_of_Warner_Music_Group_labels,Warner Music India,http://dbpedia.org/resource/Italy,Italy,2/7/2024
http://dbpedia.org/resource/La_noia_(song),La noia (song),http://dbpedia.org/resource/Angelina_Mango,Angelina Mango,performer,http://dbpedia.org/resource/Poké_melodrama,Poké melodrama,http://dbpedia.org/resource/Dance_music,Dance music,http://dbpedia.org/resource/List_of_Warner_Music_Group_labels,Warner Music UK,http://dbpedia.org/resource/Italy,Italy,2/7/2024
http://dbpedia.org/resource/La_noia_(song),La noia (song),http://dbpedia.org/resource/Angelina_Mango,Angelina Mango,performer,http://dbpedia.org/resource/Poké_melodrama,Poké melodrama,http://dbpedia.org/resource/Dance_music,Dance music,http://dbpedia.org/resource/List_of_Warner_Music_Group_labels,Warner Music Austria,http://dbpedia.org/resource/Italy,Italy,2/7/2024
http://dbpedia.org/resource/La_noia_(song),La noia (song),http://dbpedia.org/resource/Angelina_Mango,Angelina Mango,performer,http://dbpedia.org/resource/Poké_melodrama,Poké melodrama,http://dbpedia.org/resource/Dance_music,Dance music,http://dbpedia.org/resource/List_of_Warner_Music_Group_labels,Warner Music Belgium,http://dbpedia.org/resource/Italy,Italy,2/7/2024
http://dbpedia.org/resource/La_noia_(song),La noia (song),http://dbpedia.org/resource/Angelina_Mango,Angelina Mango,performer,http://dbpedia.org/resource/Poké_melodrama,Poké melodrama,http://dbpedia.org/resource/Dance_music,Dance music,http://dbpedia.org/resource/List_of_Warner_Music_Group_labels,Warner Music Benelux,http://dbpedia.org/resource/Italy,Italy,2/7/2024
http://dbpedia.org/resource/La_noia_(song),La noia (song),http://dbpedia.org/resource/Angelina_Mango,Angelina Mango,performer,http://dbpedia.org/resource/Poké_melodrama,Poké melodrama,http://dbpedia.org/resource/Dance_music,Dance music,http://dbpedia.org/resource/List_of_Warner_Music_Group_labels,Warner Music Central Europe,http://dbpedia.org/resource/Italy,Italy,2/7/2024
http://dbpedia.org/resource/La_noia_(song),La noia (song),http://dbpedia.org/resource/Angelina_Mango,Angelina Mango,performer,http://dbpedia.org/resource/Poké_melodrama,Poké melodrama,http://dbpedia.org/resource/Dance_music,Dance music,http://dbpedia.org/resource/List_of_Warner_Music_Group_labels,Warner Music China,http://dbpedia.org/resource/Italy,Italy,2/7/2024
http://dbpedia.org/resource/La_noia_(song),La noia (song),http://dbpedia.org/resource/Angelina_Mango,Angelina Mango,performer,http://dbpedia.org/resource/Poké_melodrama,Poké melodrama,http://dbpedia.org/resource/Dance_music,Dance music,http://dbpedia.org/resource/List_of_Warner_Music_Group_labels,Warner Music Colombia,http://dbpedia.org/resource/Italy,Italy,2/7/2024
http://dbpedia.org/resource/La_noia_(song),La noia (song),http://dbpedia.org/resource/Angelina_Mango,Angelina Mango,performer,http://dbpedia.org/resource/Poké_melodrama,Poké melodrama,http://dbpedia.org/resource/Dance_music,Dance music,http://dbpedia.org/resource/List_of_Warner_Music_Group_labels,Warner Music Greece,http://dbpedia.org/resource/Italy,Italy,2/7/2024
http://dbpedia.org/resource/La_noia_(song),La noia (song),http://dbpedia.org/resource/Angelina_Mango,Angelina Mango,performer,http://dbpedia.org/resource/Poké_melodrama,Poké melodrama,http://dbpedia.org/resource/Dance_music,Dance music,http://dbpedia.org/resource/List_of_Warner_Music_Group_labels,Warner Music Hungary,http://dbpedia.org/resource/Italy,Italy,2/7/2024
http://dbpedia.org/resource/La_noia_(song),La noia (song),http://dbpedia.org/resource/Angelina_Mango,Angelina Mango,performer,http://dbpedia.org/resource/Poké_melodrama,Poké melodrama,http://dbpedia.org/resource/Dance_music,Dance music,http://dbpedia.org/resource/List_of_Warner_Music_Group_labels,Warner Music Ireland,http://dbpedia.org/resource/Italy,Italy,2/7/2024
http://dbpedia.org/resource/La_noia_(song),La noia (song),http://dbpedia.org/resource/Angelina_Mango,Angelina Mango,performer,http://dbpedia.org/resource/Poké_melodrama,Poké melodrama,http://dbpedia.org/resource/Dance_music,Dance music,http://dbpedia.org/resource/List_of_Warner_Music_Group_labels,Warner Music Korea,http://dbpedia.org/resource/Italy,Italy,2/7/2024
http://dbpedia.org/resource/La_noia_(song),La noia (song),http://dbpedia.org/resource/Angelina_Mango,Angelina Mango,performer,http://dbpedia.org/resource/Poké_melodrama,Poké melodrama,http://dbpedia.org/resource/Dance_music,Dance music,http://dbpedia.org/resource/List_of_Warner_Music_Group_labels,Warner Music México,http://dbpedia.org/resource/Italy,Italy,2/7/2024
http://dbpedia.org/resource/La_noia_(song),La noia (song),http://dbpedia.org/resource/Angelina_Mango,Angelina Mango,performer,http://dbpedia.org/resource/Poké_melodrama,Poké melodrama,http://dbpedia.org/resource/Dance_music,Dance music,http://dbpedia.org/resource/List_of_Warner_Music_Group_labels,Warner Music Netherlands,http://dbpedia.org/resource/Italy,Italy,2/7/2024
http://dbpedia.org/resource/La_noia_(song),La noia (song),http://dbpedia.org/resource/Angelina_Mango,Angelina Mango,performer,http://dbpedia.org/resource/Poké_melodrama,Poké melodrama,http://dbpedia.org/resource/Dance_music,Dance music,http://dbpedia.org/resource/List_of_Warner_Music_Group_labels,Warner Music New Zealand,http://dbpedia.org/resource/Italy,Italy,2/7/2024
http://dbpedia.org/resource/La_noia_(song),La noia (song),http://dbpedia.org/resource/Angelina_Mango,Angelina Mango,performer,http://dbpedia.org/resource/Poké_melodrama,Poké melodrama,http://dbpedia.org/resource/Cumbia,Cumbia,http://dbpedia.org/resource/List_of_Warner_Music_Group_labels,Warner Music Netherlands,http://dbpedia.org/resource/Italy,Italy,2/7/2024
http://dbpedia.org/resource/La_noia_(song),La noia (song),http://dbpedia.org/resource/Angelina_Mango,Angelina Mango,performer,http://dbpedia.org/resource/Poké_melodrama,Poké melodrama,http://dbpedia.org/resource/Cumbia,Cumbia,http://dbpedia.org/resource/List_of_Warner_Music_Group_labels,Warner Music New Zealand,http://dbpedia.org/resource/Italy,Italy,2/7/2024
http://dbpedia.org/resource/La_noia_(song),La noia (song),http://dbpedia.org/resource/Angelina_Mango,Angelina Mango,performer,http://dbpedia.org/resource/Poké_melodrama,Poké melodrama,http://dbpedia.org/resource/Cumbia,Cumbia,http://dbpedia.org/resource/List_of_Warner_Music_Group_labels,Warner Music Perú,http://dbpedia.org/resource/Italy,Italy,2/7/2024
http://dbpedia.org/resource/La_noia_(song),La noia (song),http://dbpedia.org/resource/Angelina_Mango,Angelina Mango,performer,http://dbpedia.org/resource/Poké_melodrama,Poké melodrama,http://dbpedia.org/resource/Cumbia,Cumbia,http://dbpedia.org/resource/List_of_Warner_Music_Group_labels,Warner Music Singapore,http://dbpedia.org/resource/Italy,Italy,2/7/2024
http://dbpedia.org/resource/La_noia_(song),La noia (song),http://dbpedia.org/resource/Angelina_Mango,Angelina Mango,performer,http://dbpedia.org/resource/Poké_melodrama,Poké melodrama,http://dbpedia.org/resource/Cumbia,Cumbia,http://dbpedia.org/resource/List_of_Warner_Music_Group_labels,Warner Music Switzerland,http://dbpedia.org/resource/Italy,Italy,2/7/2024
http://dbpedia.org/resource/La_noia_(song),La noia (song),http://dbpedia.org/resource/Angelina_Mango,Angelina Mango,performer,http://dbpedia.org/resource/Poké_melodrama,Poké melodrama,http://dbpedia.org/resource/Cumbia,Cumbia,http://dbpedia.org/resource/List_of_Warner_Music_Group_labels,List of Warner Music Group labels,http://dbpedia.org/resource/Italy,Italy,2/7/2024
http://dbpedia.org/resource/La_noia_(song),La noia (song),http://dbpedia.org/resource/Angelina_Mango,Angelina Mango,performer,http://dbpedia.org/resource/Poké_melodrama,Poké melodrama,http://dbpedia.org/resource/Cumbia,Cumbia,http://dbpedia.org/resource/List_of_Warner_Music_Group_labels,Play On (record label),http://dbpedia.org/resource/Italy,Italy,2/7/2024
http://dbpedia.org/resource/La_noia_(song),La noia (song),http://dbpedia.org/resource/Angelina_Mango,Angelina Mango,performer,http://dbpedia.org/resource/Poké_melodrama,Poké melodrama,http://dbpedia.org/resource/Cumbia,Cumbia,http://dbpedia.org/resource/List_of_Warner_Music_Group_labels,Warner Music Japan,http://dbpedia.org/resource/Italy,Italy,2/7/2024
http://dbpedia.org/resource/La_noia_(song),La noia (song),http://dbpedia.org/resource/Angelina_Mango,Angelina Mango,performer,http://dbpedia.org/resource/Poké_melodrama,Poké melodrama,http://dbpedia.org/resource/Cumbia,Cumbia,http://dbpedia.org/resource/List_of_Warner_Music_Group_labels,Warner Music Germany,http://dbpedia.org/resource/Italy,Italy,2/7/2024
http://dbpedia.org/resource/La_noia_(song),La noia (song),http://dbpedia.org/resource/Angelina_Mango,Angelina Mango,performer,http://dbpedia.org/resource/Poké_melodrama,Poké melodrama,http://dbpedia.org/resource/Cumbia,Cumbia,http://dbpedia.org/resource/List_of_Warner_Music_Group_labels,Warner Music Argentina,http://dbpedia.org/resource/Italy,Italy,2/7/2024
http://dbpedia.org/resource/La_noia_(song),La noia (song),http://dbpedia.org/resource/Angelina_Mango,Angelina Mango,performer,http://dbpedia.org/resource/Poké_melodrama,Poké melodrama,http://dbpedia.org/resource/Cumbia,Cumbia,http://dbpedia.org/resource/List_of_Warner_Music_Group_labels,Warner Music Brasil,http://dbpedia.org/resource/Italy,Italy,2/7/2024
http://dbpedia.org/resource/La_noia_(song),La noia (song),http://dbpedia.org/resource/Angelina_Mango,Angelina Mango,performer,http://dbpedia.org/resource/Poké_melodrama,Poké melodrama,http://dbpedia.org/resource/Cumbia,Cumbia,http://dbpedia.org/resource/List_of_Warner_Music_Group_labels,Warner Music Chile,http://dbpedia.org/resource/Italy,Italy,2/7/2024
http://dbpedia.org/resource/La_noia_(song),La noia (song),http://dbpedia.org/resource/Angelina_Mango,Angelina Mango,performer,http://dbpedia.org/resource/Poké_melodrama,Poké melodrama,http://dbpedia.org/resource/Cumbia,Cumbia,http://dbpedia.org/resource/List_of_Warner_Music_Group_labels,Warner Music Finland,http://dbpedia.org/resource/Italy,Italy,2/7/2024
http://dbpedia.org/resource/La_noia_(song),La noia (song),http://dbpedia.org/resource/Angelina_Mango,Angelina Mango,performer,http://dbpedia.org/resource/Poké_melodrama,Poké melodrama,http://dbpedia.org/resource/Cumbia,Cumbia,http://dbpedia.org/resource/List_of_Warner_Music_Group_labels,Warner Music Denmark,http://dbpedia.org/resource/Italy,Italy,2/7/2024
http://dbpedia.org/resource/La_noia_(song),La noia (song),http://dbpedia.org/resource/Angelina_Mango,Angelina Mango,performer,http://dbpedia.org/resource/Poké_melodrama,Poké melodrama,http://dbpedia.org/resource/Cumbia,Cumbia,http://dbpedia.org/resource/List_of_Warner_Music_Group_labels,Warner Music Malaysia,http://dbpedia.org/resource/Italy,Italy,2/7/2024
http://dbpedia.org/resource/La_noia_(song),La noia (song),http://dbpedia.org/resource/Angelina_Mango,Angelina Mango,performer,http://dbpedia.org/resource/Poké_melodrama,Poké melodrama,http://dbpedia.org/resource/Cumbia,Cumbia,http://dbpedia.org/resource/List_of_Warner_Music_Group_labels,Warner Music Taiwan,http://dbpedia.org/resource/Italy,Italy,2/7/2024
http://dbpedia.org/resource/La_noia_(song),La noia (song),http://dbpedia.org/resource/Angelina_Mango,Angelina Mango,performer,http://dbpedia.org/resource/Poké_melodrama,Poké melodrama,http://dbpedia.org/resource/Cumbia,Cumbia,http://dbpedia.org/resource/List_of_Warner_Music_Group_labels,Warner Music Hong Kong,http://dbpedia.org/resource/Italy,Italy,2/7/2024
http://dbpedia.org/resource/La_noia_(song),La noia (song),http://dbpedia.org/resource/Angelina_Mango,Angelina Mango,performer,http://dbpedia.org/resource/Poké_melodrama,Poké melodrama,http://dbpedia.org/resource/Cumbia,Cumbia,http://dbpedia.org/resource/List_of_Warner_Music_Group_labels,Warner Music Portugal,http://dbpedia.org/resource/Italy,Italy,2/7/2024
http://dbpedia.org/resource/La_noia_(song),La noia (song),http://dbpedia.org/resource/Angelina_Mango,Angelina Mango,performer,http://dbpedia.org/resource/Poké_melodrama,Poké melodrama,http://dbpedia.org/resource/Cumbia,Cumbia,http://dbpedia.org/resource/List_of_Warner_Music_Group_labels,Warner Music Nashville,http://dbpedia.org/resource/Italy,Italy,2/7/2024
http://dbpedia.org/resource/La_noia_(song),La noia (song),http://dbpedia.org/resource/Angelina_Mango,Angelina Mango,performer,http://dbpedia.org/resource/Poké_melodrama,Poké melodrama,http://dbpedia.org/resource/Cumbia,Cumbia,http://dbpedia.org/resource/List_of_Warner_Music_Group_labels,Warner Music Norway,http://dbpedia.org/resource/Italy,Italy,2/7/2024
http://dbpedia.org/resource/La_noia_(song),La noia (song),http://dbpedia.org/resource/Angelina_Mango,Angelina Mango,performer,http://dbpedia.org/resource/Poké_melodrama,Poké melodrama,http://dbpedia.org/resource/Cumbia,Cumbia,http://dbpedia.org/resource/List_of_Warner_Music_Group_labels,Warner Music France,http://dbpedia.org/resource/Italy,Italy,2/7/2024
http://dbpedia.org/resource/La_noia_(song),La noia (song),http://dbpedia.org/resource/Angelina_Mango,Angelina Mango,performer,http://dbpedia.org/resource/Poké_melodrama,Poké melodrama,http://dbpedia.org/resource/Cumbia,Cumbia,http://dbpedia.org/resource/List_of_Warner_Music_Group_labels,Warner Music Italy,http://dbpedia.org/resource/Italy,Italy,2/7/2024
http://dbpedia.org/resource/La_noia_(song),La noia (song),http://dbpedia.org/resource/Angelina_Mango,Angelina Mango,performer,http://dbpedia.org/resource/Poké_melodrama,Poké melodrama,http://dbpedia.org/resource/Cumbia,Cumbia,http://dbpedia.org/resource/List_of_Warner_Music_Group_labels,Warner Music Thailand,http://dbpedia.org/resource/Italy,Italy,2/7/2024
http://dbpedia.org/resource/La_noia_(song),La noia (song),http://dbpedia.org/resource/Angelina_Mango,Angelina Mango,performer,http://dbpedia.org/resource/Poké_melodrama,Poké melodrama,http://dbpedia.org/resource/Cumbia,Cumbia,http://dbpedia.org/resource/List_of_Warner_Music_Group_labels,Warner Music Russia,http://dbpedia.org/resource/Italy,Italy,2/7/2024
http://dbpedia.org/resource/La_noia_(song),La noia (song),http://dbpedia.org/resource/Angelina_Mango,Angelina Mango,performer,http://dbpedia.org/resource/Poké_melodrama,Poké melodrama,http://dbpedia.org/resource/Cumbia,Cumbia,http://dbpedia.org/resource/List_of_Warner_Music_Group_labels,Warner Music Indonesia,http://dbpedia.org/resource/Italy,Italy,2/7/2024
http://dbpedia.org/resource/La_noia_(song),La noia (song),http://dbpedia.org/resource/Angelina_Mango,Angelina Mango,performer,http://dbpedia.org/resource/Poké_melodrama,Poké melodrama,http://dbpedia.org/resource/Cumbia,Cumbia,http://dbpedia.org/resource/List_of_Warner_Music_Group_labels,Warner Music Spain,http://dbpedia.org/resource/Italy,Italy,2/7/2024
http://dbpedia.org/resource/La_noia_(song),La noia (song),http://dbpedia.org/resource/Angelina_Mango,Angelina Mango,performer,http://dbpedia.org/resource/Poké_melodrama,Poké melodrama,http://dbpedia.org/resource/Cumbia,Cumbia,http://dbpedia.org/resource/List_of_Warner_Music_Group_labels,Warner Music India,http://dbpedia.org/resource/Italy,Italy,2/7/2024
http://dbpedia.org/resource/La_noia_(song),La noia (song),http://dbpedia.org/resource/Angelina_Mango,Angelina Mango,performer,http://dbpedia.org/resource/Poké_melodrama,Poké melodrama,http://dbpedia.org/resource/Cumbia,Cumbia,http://dbpedia.org/resource/List_of_Warner_Music_Group_labels,Warner Music UK,http://dbpedia.org/resource/Italy,Italy,2/7/2024
http://dbpedia.org/resource/La_noia_(song),La noia (song),http://dbpedia.org/resource/Angelina_Mango,Angelina Mango,performer,http://dbpedia.org/resource/Poké_melodrama,Poké melodrama,http://dbpedia.org/resource/Cumbia,Cumbia,http://dbpedia.org/resource/List_of_Warner_Music_Group_labels,Warner Music Austria,http://dbpedia.org/resource/Italy,Italy,2/7/2024
http://dbpedia.org/resource/La_noia_(song),La noia (song),http://dbpedia.org/resource/Angelina_Mango,Angelina Mango,performer,http://dbpedia.org/resource/Poké_melodrama,Poké melodrama,http://dbpedia.org/resource/Cumbia,Cumbia,http://dbpedia.org/resource/List_of_Warner_Music_Group_labels,Warner Music Belgium,http://dbpedia.org/resource/Italy,Italy,2/7/2024
http://dbpedia.org/resource/La_noia_(song),La noia (song),http://dbpedia.org/resource/Angelina_Mango,Angelina Mango,performer,http://dbpedia.org/resource/Poké_melodrama,Poké melodrama,http://dbpedia.org/resource/Cumbia,Cumbia,http://dbpedia.org/resource/List_of_Warner_Music_Group_labels,Warner Music Benelux,http://dbpedia.org/resource/Italy,Italy,2/7/2024
http://dbpedia.org/resource/La_noia_(song),La noia (song),http://dbpedia.org/resource/Angelina_Mango,Angelina Mango,performer,http://dbpedia.org/resource/Poké_melodrama,Poké melodrama,http://dbpedia.org/resource/Cumbia,Cumbia,http://dbpedia.org/resource/List_of_Warner_Music_Group_labels,Warner Music Central Europe,http://dbpedia.org/resource/Italy,Italy,2/7/2024
http://dbpedia.org/resource/La_noia_(song),La noia (song),http://dbpedia.org/resource/Angelina_Mango,Angelina Mango,performer,http://dbpedia.org/resource/Poké_melodrama,Poké melodrama,http://dbpedia.org/resource/Cumbia,Cumbia,http://dbpedia.org/resource/List_of_Warner_Music_Group_labels,Warner Music China,http://dbpedia.org/resource/Italy,Italy,2/7/2024
http://dbpedia.org/resource/La_noia_(song),La noia (song),http://dbpedia.org/resource/Angelina_Mango,Angelina Mango,performer,http://dbpedia.org/resource/Poké_melodrama,Poké melodrama,http://dbpedia.org/resource/Cumbia,Cumbia,http://dbpedia.org/resource/List_of_Warner_Music_Group_labels,Warner Music Colombia,http://dbpedia.org/resource/Italy,Italy,2/7/2024
http://dbpedia.org/resource/La_noia_(song),La noia (song),http://dbpedia.org/resource/Angelina_Mango,Angelina Mango,performer,http://dbpedia.org/resource/Poké_melodrama,Poké melodrama,http://dbpedia.org/resource/Cumbia,Cumbia,http://dbpedia.org/resource/List_of_Warner_Music_Group_labels,Warner Music Greece,http://dbpedia.org/resource/Italy,Italy,2/7/2024
http://dbpedia.org/resource/La_noia_(song),La noia (song),http://dbpedia.org/resource/Angelina_Mango,Angelina Mango,performer,http://dbpedia.org/resource/Poké_melodrama,Poké melodrama,http://dbpedia.org/resource/Cumbia,Cumbia,http://dbpedia.org/resource/List_of_Warner_Music_Group_labels,Warner Music Hungary,http://dbpedia.org/resource/Italy,Italy,2/7/2024
http://dbpedia.org/resource/La_noia_(song),La noia (song),http://dbpedia.org/resource/Angelina_Mango,Angelina Mango,performer,http://dbpedia.org/resource/Poké_melodrama,Poké melodrama,http://dbpedia.org/resource/Cumbia,Cumbia,http://dbpedia.org/resource/List_of_Warner_Music_Group_labels,Warner Music Ireland,http://dbpedia.org/resource/Italy,Italy,2/7/2024
http://dbpedia.org/resource/La_noia_(song),La noia (song),http://dbpedia.org/resource/Angelina_Mango,Angelina Mango,performer,http://dbpedia.org/resource/Poké_melodrama,Poké melodrama,http://dbpedia.org/resource/Cumbia,Cumbia,http://dbpedia.org/resource/List_of_Warner_Music_Group_labels,Warner Music Korea,http://dbpedia.org/resource/Italy,Italy,2/7/2024
http://dbpedia.org/resource/La_noia_(song),La noia (song),http://dbpedia.org/resource/Angelina_Mango,Angelina Mango,performer,http://dbpedia.org/resource/Poké_melodrama,Poké melodrama,http://dbpedia.org/resource/Cumbia,Cumbia,http://dbpedia.org/resource/List_of_Warner_Music_Group_labels,Warner Music México,http://dbpedia.org/resource/Italy,Italy,2/7/2024
http://dbpedia.org/resource/La_noia_(song),La noia (song),http://dbpedia.org/resource/Angelina_Mango,Angelina Mango,performer,http://dbpedia.org/resource/Poké_melodrama,Poké melodrama,http://dbpedia.org/resource/Cumbia,Cumbia,http://dbpedia.org/resource/List_of_Warner_Music_Group_labels,Warner Music Netherlands,http://dbpedia.org/resource/Italy,Italy,2/7/2024
http://dbpedia.org/resource/La_noia_(song),La noia (song),http://dbpedia.org/resource/Angelina_Mango,Angelina Mango,performer,http://dbpedia.org/resource/Poké_melodrama,Poké melodrama,http://dbpedia.org/resource/Cumbia,Cumbia,http://dbpedia.org/resource/List_of_Warner_Music_Group_labels,Warner Music New Zealand,http://dbpedia.org/resource/Italy,Italy,2/7/2024
http://dbpedia.org/resource/Che_t'o_dico_a_fa',Che t'o dico a fa',http://dbpedia.org/resource/Angelina_Mango,Angelina Mango,performer,http://dbpedia.org/resource/Poké_melodrama,Poké melodrama,http://dbpedia.org/resource/Folk-pop,Folk-pop,http://dbpedia.org/resource/BMG_Rights_Management,BMG Rights Management,http://dbpedia.org/resource/Italy,Italy,10/6/2023
http://dbpedia.org/resource/Bruciasse_il_cielo,Bruciasse il cielo,http://dbpedia.org/resource/Blanco_(singer),Blanco (singer),performer,http://dbpedia.org/resource/Innamorato_(Blanco_album),Innamorato (Blanco album),,,http://dbpedia.org/resource/Island_Records,Island Records,http://dbpedia.org/resource/Italy,Italy,11/10/2023
http://dbpedia.org/resource/Bruciasse_il_cielo,Bruciasse il cielo,http://dbpedia.org/resource/Blanco_(singer),Blanco (singer),performer,http://dbpedia.org/resource/Innamorato_(Blanco_album),Innamorato (Blanco album),,,http://dbpedia.org/resource/Universal_Music_Group,Universal Music Group,http://dbpedia.org/resource/Italy,Italy,11/10/2023
http://dbpedia.org/resource/Fila_indiana,Fila indiana,http://dbpedia.org/resource/Angelina_Mango,Angelina Mango,performer,http://dbpedia.org/resource/Poké_melodrama,Poké melodrama,,,http://dbpedia.org/resource/BMG_Rights_Management,BMG Rights Management,http://dbpedia.org/resource/Italy,Italy,12/1/2023
http://dbpedia.org/resource/2:30,2:30,http://dbpedia.org/resource/Asake,Asake,performer,http://dbpedia.org/resource/Work_of_Art_(album),Work of Art (album),http://dbpedia.org/resource/Afrobeats,Afrobeats,http://dbpedia.org/resource/YBNL_Nation,YBNL Nation,http://dbpedia.org/resource/Nigeria,Nigeria,4/5/2023
http://dbpedia.org/resource/2:30,2:30,http://dbpedia.org/resource/Asake,Asake,performer,http://dbpedia.org/resource/Work_of_Art_(album),Work of Art (album),http://dbpedia.org/resource/Afrobeats,Afrobeats,http://dbpedia.org/resource/YBNL_Nation,YBNL (album),http://dbpedia.org/resource/Nigeria,Nigeria,4/5/2023
http://dbpedia.org/resource/City_Boys,City Boys,http://dbpedia.org/resource/Burna_Boy,Burna Boy,performer,http://dbpedia.org/resource/I_Told_Them...,I Told Them...,http://dbpedia.org/resource/Afrobeats,Afrobeats,http://dbpedia.org/resource/Atlantic_Records,Atlantic Records,http://dbpedia.org/resource/Nigeria,Nigeria,9/22/2023
http://dbpedia.org/resource/City_Boys,City Boys,http://dbpedia.org/resource/Burna_Boy,Burna Boy,performer,http://dbpedia.org/resource/I_Told_Them...,I Told Them...,http://dbpedia.org/resource/Afrobeats,Afrobeats,http://dbpedia.org/resource/Atlantic_Records,Atlantic Records,http://dbpedia.org/resource/Nigeria,Nigeria,9/22/2023
http://dbpedia.org/resource/La_noia_(song),La noia (song),http://dbpedia.org/resource/Angelina_Mango,Angelina Mango,performer,http://dbpedia.org/resource/Poké_melodrama,Poké melodrama,http://dbpedia.org/resource/Folk_music,Folk music,http://dbpedia.org/resource/List_of_Warner_Music_Group_labels,Warner Music Perú,http://dbpedia.org/resource/Italy,Italy,2/7/2024
http://dbpedia.org/resource/La_noia_(song),La noia (song),http://dbpedia.org/resource/Angelina_Mango,Angelina Mango,performer,http://dbpedia.org/resource/Poké_melodrama,Poké melodrama,http://dbpedia.org/resource/Folk_music,Folk music,http://dbpedia.org/resource/List_of_Warner_Music_Group_labels,Warner Music Singapore,http://dbpedia.org/resource/Italy,Italy,2/7/2024
http://dbpedia.org/resource/La_noia_(song),La noia (song),http://dbpedia.org/resource/Angelina_Mango,Angelina Mango,performer,http://dbpedia.org/resource/Poké_melodrama,Poké melodrama,http://dbpedia.org/resource/Folk_music,Folk music,http://dbpedia.org/resource/List_of_Warner_Music_Group_labels,Warner Music Switzerland,http://dbpedia.org/resource/Italy,Italy,2/7/2024
http://dbpedia.org/resource/La_noia_(song),La noia (song),http://dbpedia.org/resource/Angelina_Mango,Angelina Mango,performer,http://dbpedia.org/resource/Poké_melodrama,Poké melodrama,http://dbpedia.org/resource/Folk_music,Folk music,http://dbpedia.org/resource/List_of_Warner_Music_Group_labels,List of Warner Music Group labels,http://dbpedia.org/resource/Italy,Italy,2/7/2024
http://dbpedia.org/resource/La_noia_(song),La noia (song),http://dbpedia.org/resource/Angelina_Mango,Angelina Mango,performer,http://dbpedia.org/resource/Poké_melodrama,Poké melodrama,http://dbpedia.org/resource/Folk_music,Folk music,http://dbpedia.org/resource/List_of_Warner_Music_Group_labels,Play On (record label),http://dbpedia.org/resource/Italy,Italy,2/7/2024
"http://dbpedia.org/resource/Brand_New_(Tyga,_YG_and_Lil_Wayne_song)","Brand New (Tyga, YG and Lil Wayne song)",http://dbpedia.org/resource/Lil_Wayne,Lil Wayne,performer,http://dbpedia.org/resource/Hit_Me_When_U_Leave_the_Klub:_The_Playlist,Hit Me When U Leave the Klub: The Playlist,http://dbpedia.org/resource/Hip_hop_music,Hip hop music,http://dbpedia.org/resource/Last_Kings_Records,Last Kings Records,http://dbpedia.org/resource/United_States,United States,9/27/2023
"http://dbpedia.org/resource/Brand_New_(Tyga,_YG_and_Lil_Wayne_song)","Brand New (Tyga, YG and Lil Wayne song)",http://dbpedia.org/resource/Lil_Wayne,Lil Wayne,performer,http://dbpedia.org/resource/Hit_Me_When_U_Leave_the_Klub:_The_Playlist,Hit Me When U Leave the Klub: The Playlist,http://dbpedia.org/resource/Hip_hop_music,Hip-hop,http://dbpedia.org/resource/Last_Kings_Records,Last Kings Records,http://dbpedia.org/resource/United_States,United States,9/27/2023
"http://dbpedia.org/resource/Doomsday_(Lyrical_Lemonade,_Juice_Wrld_and_Cordae_song)","Doomsday (Lyrical Lemonade, Juice Wrld and Cordae song)",http://dbpedia.org/resource/Juice_Wrld,Juice Wrld,performer,http://dbpedia.org/resource/All_Is_Yellow,All Is Yellow,http://dbpedia.org/resource/Hip_hop_music,Hip hop music,http://dbpedia.org/resource/Def_Jam_Recordings,Def Jam Recordings,http://dbpedia.org/resource/United_States,United States,6/23/2023
"http://dbpedia.org/resource/Doomsday_(Lyrical_Lemonade,_Juice_Wrld_and_Cordae_song)","Doomsday (Lyrical Lemonade, Juice Wrld and Cordae song)",http://dbpedia.org/resource/Juice_Wrld,Juice Wrld,performer,http://dbpedia.org/resource/All_Is_Yellow,All Is Yellow,http://dbpedia.org/resource/Hip_hop_music,Hip-hop,http://dbpedia.org/resource/Def_Jam_Recordings,Def Jam Recordings,http://dbpedia.org/resource/United_States,United States,6/23/2023
"http://dbpedia.org/resource/Doomsday_(Lyrical_Lemonade,_Juice_Wrld_and_Cordae_song)","Doomsday (Lyrical Lemonade, Juice Wrld and Cordae song)",http://dbpedia.org/resource/Juice_Wrld,Juice Wrld,performer,http://dbpedia.org/resource/All_Is_Yellow,All Is Yellow,http://dbpedia.org/resource/Hip_hop_music,Hip hop music,http://dbpedia.org/resource/Def_Jam_Recordings,Def Jam Recordings,http://dbpedia.org/resource/United_States,United States,6/23/2023
"http://dbpedia.org/resource/Doomsday_(Lyrical_Lemonade,_Juice_Wrld_and_Cordae_song)","Doomsday (Lyrical Lemonade, Juice Wrld and Cordae song)",http://dbpedia.org/resource/Juice_Wrld,Juice Wrld,performer,http://dbpedia.org/resource/All_Is_Yellow,All Is Yellow,http://dbpedia.org/resource/Hip_hop_music,Hip-hop,http://dbpedia.org/resource/Def_Jam_Recordings,Def Jam Recordings,http://dbpedia.org/resource/United_States,United States,6/23/2023
http://dbpedia.org/resource/Lace_It,Lace It,http://dbpedia.org/resource/Juice_Wrld,Juice Wrld,performer,http://dbpedia.org/resource/The_Party_Never_Ends,The Party Never Ends,http://dbpedia.org/resource/Hip_hop_music,Hip hop music,http://dbpedia.org/resource/Interscope_Records,Interscope Records,http://dbpedia.org/resource/United_States,United States,12/16/2023
http://dbpedia.org/resource/Lace_It,Lace It,http://dbpedia.org/resource/Juice_Wrld,Juice Wrld,performer,http://dbpedia.org/resource/The_Party_Never_Ends,The Party Never Ends,http://dbpedia.org/resource/Hip_hop_music,Hip-hop,http://dbpedia.org/resource/Interscope_Records,Interscope Records,http://dbpedia.org/resource/United_States,United States,12/16/2023
http://dbpedia.org/resource/Lace_It,Lace It,http://dbpedia.org/resource/Juice_Wrld,Juice Wrld,performer,http://dbpedia.org/resource/The_Party_Never_Ends,The Party Never Ends,http://dbpedia.org/resource/Hip_hop_music,Hip hop music,http://dbpedia.org/resource/Interscope_Records,Interscope Records,http://dbpedia.org/resource/United_States,United States,12/16/2023
http://dbpedia.org/resource/Lace_It,Lace It,http://dbpedia.org/resource/Juice_Wrld,Juice Wrld,performer,http://dbpedia.org/resource/The_Party_Never_Ends,The Party Never Ends,http://dbpedia.org/resource/Hip_hop_music,Hip-hop,http://dbpedia.org/resource/Interscope_Records,Interscope Records,http://dbpedia.org/resource/United_States,United States,12/16/2023
http://dbpedia.org/resource/La_noia_(song),La noia (song),http://dbpedia.org/resource/Angelina_Mango,Angelina Mango,performer,http://dbpedia.org/resource/Poké_melodrama,Poké melodrama,http://dbpedia.org/resource/Pop_music,Pop music,http://dbpedia.org/resource/List_of_Warner_Music_Group_labels,Warner Music Perú,http://dbpedia.org/resource/Italy,Italy,2/7/2024
http://dbpedia.org/resource/La_noia_(song),La noia (song),http://dbpedia.org/resource/Angelina_Mango,Angelina Mango,performer,http://dbpedia.org/resource/Poké_melodrama,Poké melodrama,http://dbpedia.org/resource/Pop_music,Pop music,http://dbpedia.org/resource/List_of_Warner_Music_Group_labels,Warner Music Singapore,http://dbpedia.org/resource/Italy,Italy,2/7/2024
http://dbpedia.org/resource/La_noia_(song),La noia (song),http://dbpedia.org/resource/Angelina_Mango,Angelina Mango,performer,http://dbpedia.org/resource/Poké_melodrama,Poké melodrama,http://dbpedia.org/resource/Pop_music,Pop music,http://dbpedia.org/resource/List_of_Warner_Music_Group_labels,Warner Music Switzerland,http://dbpedia.org/resource/Italy,Italy,2/7/2024
http://dbpedia.org/resource/La_noia_(song),La noia (song),http://dbpedia.org/resource/Angelina_Mango,Angelina Mango,performer,http://dbpedia.org/resource/Poké_melodrama,Poké melodrama,http://dbpedia.org/resource/Pop_music,Pop music,http://dbpedia.org/resource/List_of_Warner_Music_Group_labels,List of Warner Music Group labels,http://dbpedia.org/resource/Italy,Italy,2/7/2024
http://dbpedia.org/resource/La_noia_(song),La noia (song),http://dbpedia.org/resource/Angelina_Mango,Angelina Mango,performer,http://dbpedia.org/resource/Poké_melodrama,Poké melodrama,http://dbpedia.org/resource/Pop_music,Pop music,http://dbpedia.org/resource/List_of_Warner_Music_Group_labels,Play On (record label),http://dbpedia.org/resource/Italy,Italy,2/7/2024
http://dbpedia.org/resource/La_Chamba_(song),La Chamba (song),http://dbpedia.org/resource/Peso_Pluma,Peso Pluma,performer,"http://dbpedia.org/resource/Sentimiento,_Elegancia_y_Más_Maldad","Sentimiento, Elegancia y Más Maldad",http://dbpedia.org/resource/Reggaeton,Reggaeton,http://dbpedia.org/resource/Rimas_Entertainment,Rimas Entertainment,http://dbpedia.org/resource/Mexico,Mexico,10/30/2023
http://dbpedia.org/resource/La_Chamba_(song),La Chamba (song),http://dbpedia.org/resource/Peso_Pluma,Peso Pluma,performer,"http://dbpedia.org/resource/Sentimiento,_Elegancia_y_Más_Maldad","Sentimiento, Elegancia y Más Maldad",http://dbpedia.org/resource/Reggaeton,Reggaeton,http://dbpedia.org/resource/Rimas_Entertainment,Rimas Entertainment,http://dbpedia.org/resource/Mexico,Mexico,10/30/2023
http://dbpedia.org/resource/La_Chamba_(song),La Chamba (song),http://dbpedia.org/resource/Arcángel,Arcángel,performer,"http://dbpedia.org/resource/Sentimiento,_Elegancia_y_Más_Maldad","Sentimiento, Elegancia y Más Maldad",http://dbpedia.org/resource/Reggaeton,Reggaeton,http://dbpedia.org/resource/Rimas_Entertainment,Rimas Entertainment,http://dbpedia.org/resource/United_States,United States,10/30/2023
http://dbpedia.org/resource/Quema,Quema,http://dbpedia.org/resource/Peso_Pluma,Peso Pluma,performer,http://dbpedia.org/resource/El_Cantante_del_Ghetto,El Cantante del Ghetto,http://dbpedia.org/resource/Reggaeton,Reggaeton,http://dbpedia.org/resource/Sony_Music,Sony Music,http://dbpedia.org/resource/Mexico,Mexico,7/13/2023
http://dbpedia.org/resource/Quema,Quema,http://dbpedia.org/resource/Peso_Pluma,Peso Pluma,performer,http://dbpedia.org/resource/El_Cantante_del_Ghetto,El Cantante del Ghetto,http://dbpedia.org/resource/Reggaeton,Reggaeton,http://dbpedia.org/resource/Sony_Music,Sony Music Canada,http://dbpedia.org/resource/Mexico,Mexico,7/13/2023
http://dbpedia.org/resource/Quema,Quema,http://dbpedia.org/resource/Peso_Pluma,Peso Pluma,performer,http://dbpedia.org/resource/El_Cantante_del_Ghetto,El Cantante del Ghetto,http://dbpedia.org/resource/Reggaeton,Reggaeton,http://dbpedia.org/resource/Sony_Music,Higher Ground Records,http://dbpedia.org/resource/Mexico,Mexico,7/13/2023
http://dbpedia.org/resource/Quema,Quema,http://dbpedia.org/resource/Peso_Pluma,Peso Pluma,performer,http://dbpedia.org/resource/El_Cantante_del_Ghetto,El Cantante del Ghetto,http://dbpedia.org/resource/Reggaeton,Reggaeton,http://dbpedia.org/resource/Sony_Music,Sony Music UK,http://dbpedia.org/resource/Mexico,Mexico,7/13/2023
http://dbpedia.org/resource/Quema,Quema,http://dbpedia.org/resource/Peso_Pluma,Peso Pluma,performer,http://dbpedia.org/resource/El_Cantante_del_Ghetto,El Cantante del Ghetto,http://dbpedia.org/resource/Reggaeton,Reggaeton,http://dbpedia.org/resource/Sony_Music,Sony Music,http://dbpedia.org/resource/Mexico,Mexico,7/13/2023
http://dbpedia.org/resource/Quema,Quema,http://dbpedia.org/resource/Peso_Pluma,Peso Pluma,performer,http://dbpedia.org/resource/El_Cantante_del_Ghetto,El Cantante del Ghetto,http://dbpedia.org/resource/Reggaeton,Reggaeton,http://dbpedia.org/resource/Sony_Music,Sony Music Canada,http://dbpedia.org/resource/Mexico,Mexico,7/13/2023
http://dbpedia.org/resource/Quema,Quema,http://dbpedia.org/resource/Peso_Pluma,Peso Pluma,performer,http://dbpedia.org/resource/El_Cantante_del_Ghetto,El Cantante del Ghetto,http://dbpedia.org/resource/Reggaeton,Reggaeton,http://dbpedia.org/resource/Sony_Music,Higher Ground Records,http://dbpedia.org/resource/Mexico,Mexico,7/13/2023
http://dbpedia.org/resource/Quema,Quema,http://dbpedia.org/resource/Peso_Pluma,Peso Pluma,performer,http://dbpedia.org/resource/El_Cantante_del_Ghetto,El Cantante del Ghetto,http://dbpedia.org/resource/Reggaeton,Reggaeton,http://dbpedia.org/resource/Sony_Music,Sony Music UK,http://dbpedia.org/resource/Mexico,Mexico,7/13/2023
http://dbpedia.org/resource/Rimani_Qui,Rimani Qui,http://dbpedia.org/resource/Andrea_Bocelli,Andrea Bocelli,performer,http://dbpedia.org/resource/Duets_(30th_Anniversary),Duets (30th Anniversary),http://dbpedia.org/resource/Power_ballad,Power ballad,http://dbpedia.org/resource/Decca_Records,Decca Records,http://dbpedia.org/resource/Italy,Italy,10/25/2024
http://dbpedia.org/resource/Rimani_Qui,Rimani qui,http://dbpedia.org/resource/Andrea_Bocelli,Andrea Bocelli,performer,http://dbpedia.org/resource/Duets_(30th_Anniversary),Duets (30th Anniversary),http://dbpedia.org/resource/Power_ballad,Power ballad,http://dbpedia.org/resource/Decca_Records,Decca Records,http://dbpedia.org/resource/Italy,Italy,10/25/2024
http://dbpedia.org/resource/City_Boys,City Boys,http://dbpedia.org/resource/Burna_Boy,Burna Boy,performer,http://dbpedia.org/resource/I_Told_Them...,I Told Them...,http://dbpedia.org/resource/Alternative_hip_hop,Alternative hip hop,http://dbpedia.org/resource/Atlantic_Records,Atlantic Records,http://dbpedia.org/resource/Nigeria,Nigeria,9/22/2023
http://dbpedia.org/resource/City_Boys,City Boys,http://dbpedia.org/resource/Burna_Boy,Burna Boy,performer,http://dbpedia.org/resource/I_Told_Them...,I Told Them...,http://dbpedia.org/resource/Alternative_hip_hop,Alternative hip-hop,http://dbpedia.org/resource/Atlantic_Records,Atlantic Records,http://dbpedia.org/resource/Nigeria,Nigeria,9/22/2023
http://dbpedia.org/resource/City_Boys,City Boys,http://dbpedia.org/resource/Burna_Boy,Burna Boy,performer,http://dbpedia.org/resource/I_Told_Them...,I Told Them...,http://dbpedia.org/resource/Alternative_hip_hop,Alternative hip hop,http://dbpedia.org/resource/Atlantic_Records,Atlantic Records,http://dbpedia.org/resource/Nigeria,Nigeria,9/22/2023
http://dbpedia.org/resource/City_Boys,City Boys,http://dbpedia.org/resource/Burna_Boy,Burna Boy,performer,http://dbpedia.org/resource/I_Told_Them...,I Told Them...,http://dbpedia.org/resource/Alternative_hip_hop,Alternative hip-hop,http://dbpedia.org/resource/Atlantic_Records,Atlantic Records,http://dbpedia.org/resource/Nigeria,Nigeria,9/22/2023
http://dbpedia.org/resource/La_noia_(song),La noia (song),http://dbpedia.org/resource/Angelina_Mango,Angelina Mango,performer,http://dbpedia.org/resource/Poké_melodrama,Poké melodrama,http://dbpedia.org/resource/Dance_music,Dance music,http://dbpedia.org/resource/List_of_Warner_Music_Group_labels,Warner Music Perú,http://dbpedia.org/resource/Italy,Italy,2/7/2024
http://dbpedia.org/resource/La_noia_(song),La noia (song),http://dbpedia.org/resource/Angelina_Mango,Angelina Mango,performer,http://dbpedia.org/resource/Poké_melodrama,Poké melodrama,http://dbpedia.org/resource/Dance_music,Dance music,http://dbpedia.org/resource/List_of_Warner_Music_Group_labels,Warner Music Singapore,http://dbpedia.org/resource/Italy,Italy,2/7/2024
http://dbpedia.org/resource/La_noia_(song),La noia (song),http://dbpedia.org/resource/Angelina_Mango,Angelina Mango,performer,http://dbpedia.org/resource/Poké_melodrama,Poké melodrama,http://dbpedia.org/resource/Dance_music,Dance music,http://dbpedia.org/resource/List_of_Warner_Music_Group_labels,Warner Music Switzerland,http://dbpedia.org/resource/Italy,Italy,2/7/2024
http://dbpedia.org/resource/La_noia_(song),La noia (song),http://dbpedia.org/resource/Angelina_Mango,Angelina Mango,performer,http://dbpedia.org/resource/Poké_melodrama,Poké melodrama,http://dbpedia.org/resource/Dance_music,Dance music,http://dbpedia.org/resource/List_of_Warner_Music_Group_labels,List of Warner Music Group labels,http://dbpedia.org/resource/Italy,Italy,2/7/2024
http://dbpedia.org/resource/La_noia_(song),La noia (song),http://dbpedia.org/resource/Angelina_Mango,Angelina Mango,performer,http://dbpedia.org/resource/Poké_melodrama,Poké melodrama,http://dbpedia.org/resource/Dance_music,Dance music,http://dbpedia.org/resource/List_of_Warner_Music_Group_labels,Play On (record label),http://dbpedia.org/resource/Italy,Italy,2/7/2024
http://dbpedia.org/resource/AGATS2_(Insecure),AGATS2 (Insecure),http://dbpedia.org/resource/Juice_Wrld,Juice Wrld,performer,http://dbpedia.org/resource/The_Party_Never_Ends,The Party Never Ends,http://dbpedia.org/resource/Emo_rap,Emo rap,http://dbpedia.org/resource/Lil_Bibby,Lil Bibby,http://dbpedia.org/resource/United_States,United States,11/15/2024
http://dbpedia.org/resource/AGATS2_(Insecure),AGATS2 (Insecure),http://dbpedia.org/resource/Juice_Wrld,Juice Wrld,performer,http://dbpedia.org/resource/The_Party_Never_Ends,The Party Never Ends,http://dbpedia.org/resource/Emo_rap,Emo rap,http://dbpedia.org/resource/Interscope_Records,Interscope Records,http://dbpedia.org/resource/United_States,United States,11/15/2024
http://dbpedia.org/resource/AGATS2_(Insecure),AGATS2 (Insecure),http://dbpedia.org/resource/Juice_Wrld,Juice Wrld,performer,http://dbpedia.org/resource/The_Party_Never_Ends,The Party Never Ends,http://dbpedia.org/resource/Emo_rap,Emo rap,http://dbpedia.org/resource/Lil_Bibby,Lil Bibby,http://dbpedia.org/resource/United_States,United States,11/15/2024
http://dbpedia.org/resource/AGATS2_(Insecure),AGATS2 (Insecure),http://dbpedia.org/resource/Juice_Wrld,Juice Wrld,performer,http://dbpedia.org/resource/The_Party_Never_Ends,The Party Never Ends,http://dbpedia.org/resource/Emo_rap,Emo rap,http://dbpedia.org/resource/Interscope_Records,Interscope Records,http://dbpedia.org/resource/United_States,United States,11/15/2024
http://dbpedia.org/resource/La_Chamba_(song),La Chamba (song),http://dbpedia.org/resource/Peso_Pluma,Peso Pluma,performer,"http://dbpedia.org/resource/Sentimiento,_Elegancia_y_Más_Maldad","Sentimiento, Elegancia y Más Maldad",http://dbpedia.org/resource/Latin_trap,Latin trap,http://dbpedia.org/resource/Rimas_Entertainment,Rimas Entertainment,http://dbpedia.org/resource/Mexico,Mexico,10/30/2023
http://dbpedia.org/resource/La_Chamba_(song),La Chamba (song),http://dbpedia.org/resource/Peso_Pluma,Peso Pluma,performer,"http://dbpedia.org/resource/Sentimiento,_Elegancia_y_Más_Maldad","Sentimiento, Elegancia y Más Maldad",http://dbpedia.org/resource/Latin_trap,Latin trap,http://dbpedia.org/resource/Rimas_Entertainment,Rimas Entertainment,http://dbpedia.org/resource/Mexico,Mexico,10/30/2023
http://dbpedia.org/resource/La_Chamba_(song),La Chamba (song),http://dbpedia.org/resource/Arcángel,Arcángel,performer,"http://dbpedia.org/resource/Sentimiento,_Elegancia_y_Más_Maldad","Sentimiento, Elegancia y Más Maldad",http://dbpedia.org/resource/Latin_trap,Latin trap,http://dbpedia.org/resource/Rimas_Entertainment,Rimas Entertainment,http://dbpedia.org/resource/United_States,United States,10/30/2023
http://dbpedia.org/resource/AGATS2_(Insecure),AGATS2 (Insecure),http://dbpedia.org/resource/Juice_Wrld,Juice Wrld,performer,http://dbpedia.org/resource/The_Party_Never_Ends,The Party Never Ends,http://dbpedia.org/resource/Trap_music,Trap music,http://dbpedia.org/resource/Lil_Bibby,Lil Bibby,http://dbpedia.org/resource/United_States,United States,11/15/2024
http://dbpedia.org/resource/AGATS2_(Insecure),AGATS2 (Insecure),http://dbpedia.org/resource/Juice_Wrld,Juice Wrld,performer,http://dbpedia.org/resource/The_Party_Never_Ends,The Party Never Ends,http://dbpedia.org/resource/Trap_music,Trap music,http://dbpedia.org/resource/Interscope_Records,Interscope Records,http://dbpedia.org/resource/United_States,United States,11/15/2024
http://dbpedia.org/resource/AGATS2_(Insecure),AGATS2 (Insecure),http://dbpedia.org/resource/Juice_Wrld,Juice Wrld,performer,http://dbpedia.org/resource/The_Party_Never_Ends,The Party Never Ends,http://dbpedia.org/resource/Trap_music,Trap music,http://dbpedia.org/resource/Lil_Bibby,Lil Bibby,http://dbpedia.org/resource/United_States,United States,11/15/2024
http://dbpedia.org/resource/AGATS2_(Insecure),AGATS2 (Insecure),http://dbpedia.org/resource/Juice_Wrld,Juice Wrld,performer,http://dbpedia.org/resource/The_Party_Never_Ends,The Party Never Ends,http://dbpedia.org/resource/Trap_music,Trap music,http://dbpedia.org/resource/Interscope_Records,Interscope Records,http://dbpedia.org/resource/United_States,United States,11/15/2024
http://dbpedia.org/resource/Presha,Presha,http://dbpedia.org/resource/Lil_Wayne,Lil Wayne,performer,http://dbpedia.org/resource/Welcome_2_Collegrove,Welcome 2 Collegrove,http://dbpedia.org/resource/Trap_music,Trap music,http://dbpedia.org/resource/Def_Jam_Recordings,Def Jam Recordings,http://dbpedia.org/resource/United_States,United States,10/20/2023
http://dbpedia.org/resource/La_noia_(song),La noia (song),http://dbpedia.org/resource/Angelina_Mango,Angelina Mango,performer,http://dbpedia.org/resource/Poké_melodrama,Poké melodrama,http://dbpedia.org/resource/Cumbia,Cumbia,http://dbpedia.org/resource/List_of_Warner_Music_Group_labels,Warner Music Perú,http://dbpedia.org/resource/Italy,Italy,2/7/2024
http://dbpedia.org/resource/La_noia_(song),La noia (song),http://dbpedia.org/resource/Angelina_Mango,Angelina Mango,performer,http://dbpedia.org/resource/Poké_melodrama,Poké melodrama,http://dbpedia.org/resource/Cumbia,Cumbia,http://dbpedia.org/resource/List_of_Warner_Music_Group_labels,Warner Music Singapore,http://dbpedia.org/resource/Italy,Italy,2/7/2024
http://dbpedia.org/resource/La_noia_(song),La noia (song),http://dbpedia.org/resource/Angelina_Mango,Angelina Mango,performer,http://dbpedia.org/resource/Poké_melodrama,Poké melodrama,http://dbpedia.org/resource/Cumbia,Cumbia,http://dbpedia.org/resource/List_of_Warner_Music_Group_labels,Warner Music Switzerland,http://dbpedia.org/resource/Italy,Italy,2/7/2024
http://dbpedia.org/resource/La_noia_(song),La noia (song),http://dbpedia.org/resource/Angelina_Mango,Angelina Mango,performer,http://dbpedia.org/resource/Poké_melodrama,Poké melodrama,http://dbpedia.org/resource/Cumbia,Cumbia,http://dbpedia.org/resource/List_of_Warner_Music_Group_labels,List of Warner Music Group labels,http://dbpedia.org/resource/Italy,Italy,2/7/2024
http://dbpedia.org/resource/La_noia_(song),La noia (song),http://dbpedia.org/resource/Angelina_Mango,Angelina Mango,performer,http://dbpedia.org/resource/Poké_melodrama,Poké melodrama,http://dbpedia.org/resource/Cumbia,Cumbia,http://dbpedia.org/resource/List_of_Warner_Music_Group_labels,Play On (record label),http://dbpedia.org/resource/Italy,Italy,2/7/2024
http://dbpedia.org/resource/Amapiano_(song),Amapiano (song),http://dbpedia.org/resource/Asake,Asake,performer,http://dbpedia.org/resource/Work_of_Art_(album),Work of Art (album),http://dbpedia.org/resource/Afro_fusion,Afro fusion,http://dbpedia.org/resource/YBNL_Nation,YBNL Nation,http://dbpedia.org/resource/Nigeria,Nigeria,5/24/2023
http://dbpedia.org/resource/Amapiano_(song),Amapiano (song),http://dbpedia.org/resource/Asake,Asake,performer,http://dbpedia.org/resource/Work_of_Art_(album),Work of Art (album),http://dbpedia.org/resource/Afro_fusion,Afro fusion,http://dbpedia.org/resource/YBNL_Nation,YBNL (album),http://dbpedia.org/resource/Nigeria,Nigeria,5/24/2023
http://dbpedia.org/resource/City_Boys,City Boys,http://dbpedia.org/resource/Burna_Boy,Burna Boy,performer,http://dbpedia.org/resource/I_Told_Them...,I Told Them...,http://dbpedia.org/resource/Afro_fusion,Afro fusion,http://dbpedia.org/resource/Atlantic_Records,Atlantic Records,http://dbpedia.org/resource/Nigeria,Nigeria,9/22/2023
http://dbpedia.org/resource/City_Boys,City Boys,http://dbpedia.org/resource/Burna_Boy,Burna Boy,performer,http://dbpedia.org/resource/I_Told_Them...,I Told Them...,http://dbpedia.org/resource/Afro_fusion,Afro fusion,http://dbpedia.org/resource/Atlantic_Records,Atlantic Records,http://dbpedia.org/resource/Nigeria,Nigeria,9/22/2023
http://dbpedia.org/resource/Asiwaju,Asiwaju,http://dbpedia.org/resource/Ruger_(musician),Ruger (musician),performer,http://dbpedia.org/resource/Ru_the_World,Ru the World,http://dbpedia.org/resource/African_popular_music,African popular music,http://dbpedia.org/resource/Jonzing_World,Jonzing World,http://dbpedia.org/resource/Nigeria,Nigeria,11/16/2022
http://dbpedia.org/resource/Dignity_(Ado_song),Dignity (Ado song),http://dbpedia.org/resource/Ado_(singer),Ado (singer),performer,http://dbpedia.org/resource/Zanmu,Zanmu,,,http://dbpedia.org/resource/Virgin_Records,Virgin Records,http://dbpedia.org/resource/Japan,Japan,9/18/2023
http://dbpedia.org/resource/American_Town,American Town,http://dbpedia.org/resource/Ed_Sheeran,Ed Sheeran,performer,http://dbpedia.org/resource/Autumn_Variations,Autumn Variations,,,http://dbpedia.org/resource/Gingerbread_Man_Records,Gingerbread Man Records,http://dbpedia.org/resource/United_Kingdom,United Kingdom,9/29/2023
http://dbpedia.org/resource/Life_Goes_On_(Ed_Sheeran_song),Life Goes On (Ed Sheeran song),http://dbpedia.org/resource/Ed_Sheeran,Ed Sheeran,performer,http://dbpedia.org/resource/−_(album),− (album),,,http://dbpedia.org/resource/Atlantic_Records,Atlantic Records,http://dbpedia.org/resource/United_Kingdom,United Kingdom,5/12/2023
http://dbpedia.org/resource/Life_Goes_On_(Ed_Sheeran_song),Life Goes On (Ed Sheeran song),http://dbpedia.org/resource/Ed_Sheeran,Ed Sheeran,performer,http://dbpedia.org/resource/−_(album),− (album),,,http://dbpedia.org/resource/Asylum_Records,Asylum Records,http://dbpedia.org/resource/United_Kingdom,United Kingdom,5/12/2023
http://dbpedia.org/resource/Long_Story_Short_(2_Chainz_and_Lil_Wayne_song),Long Story Short (2 Chainz and Lil Wayne song),http://dbpedia.org/resource/Lil_Wayne,Lil Wayne,performer,http://dbpedia.org/resource/Welcome_2_Collegrove,Welcome 2 Collegrove,,,http://dbpedia.org/resource/Def_Jam_Recordings,Def Jam Recordings,http://dbpedia.org/resource/United_States,United States,11/10/2023
"http://dbpedia.org/resource/I_Swear,_I_Really_Wanted_to_Make_a_'Rap'_Album_but_This_Is_Literally_the_Way_the_Wind_Blew_Me_This_Time","I Swear, I Really Wanted to Make a 'Rap' Album but This Is Literally the Way the Wind Blew Me This Time",http://dbpedia.org/resource/André_3000,André 3000,performer,http://dbpedia.org/resource/New_Blue_Sun,New Blue Sun,http://dbpedia.org/resource/Ambient_music,Ambient music,http://dbpedia.org/resource/Epic_Records,Epic Records,http://dbpedia.org/resource/United_States,United States,11/17/2023
http://dbpedia.org/resource/Lace_It,Lace It,http://dbpedia.org/resource/Eminem,Eminem,performer,http://dbpedia.org/resource/The_Party_Never_Ends,The Party Never Ends,http://dbpedia.org/resource/Hip_hop_music,Hip hop music,http://dbpedia.org/resource/Interscope_Records,Interscope Records,http://dbpedia.org/resource/United_States,United States,12/16/2023
http://dbpedia.org/resource/Lace_It,Lace It,http://dbpedia.org/resource/Eminem,Eminem,performer,http://dbpedia.org/resource/The_Party_Never_Ends,The Party Never Ends,http://dbpedia.org/resource/Hip_hop_music,Hip-hop,http://dbpedia.org/resource/Interscope_Records,Interscope Records,http://dbpedia.org/resource/United_States,United States,12/16/2023
http://dbpedia.org/resource/Lace_It,Lace It,http://dbpedia.org/resource/Benny_Blanco,Benny Blanco,performer,http://dbpedia.org/resource/The_Party_Never_Ends,The Party Never Ends,http://dbpedia.org/resource/Hip_hop_music,Hip hop music,http://dbpedia.org/resource/Interscope_Records,Interscope Records,http://dbpedia.org/resource/United_States,United States,12/16/2023
http://dbpedia.org/resource/Lace_It,Lace It,http://dbpedia.org/resource/Benny_Blanco,Benny Blanco,performer,http://dbpedia.org/resource/The_Party_Never_Ends,The Party Never Ends,http://dbpedia.org/resource/Hip_hop_music,Hip-hop,http://dbpedia.org/resource/Interscope_Records,Interscope Records,http://dbpedia.org/resource/United_States,United States,12/16/2023
"http://dbpedia.org/resource/Brand_New_(Tyga,_YG_and_Lil_Wayne_song)","Brand New (Tyga, YG and Lil Wayne song)",http://dbpedia.org/resource/Lil_Wayne,Lil Wayne,performer,http://dbpedia.org/resource/Hit_Me_When_U_Leave_the_Klub:_The_Playlist,Hit Me When U Leave the Klub: The Playlist,http://dbpedia.org/resource/Hip_hop_music,Hip hop music,http://dbpedia.org/resource/Last_Kings_Records,Last Kings Records,http://dbpedia.org/resource/United_States,United States,9/27/2023
"http://dbpedia.org/resource/Brand_New_(Tyga,_YG_and_Lil_Wayne_song)","Brand New (Tyga, YG and Lil Wayne song)",http://dbpedia.org/resource/Lil_Wayne,Lil Wayne,performer,http://dbpedia.org/resource/Hit_Me_When_U_Leave_the_Klub:_The_Playlist,Hit Me When U Leave the Klub: The Playlist,http://dbpedia.org/resource/Hip_hop_music,Hip-hop,http://dbpedia.org/resource/Last_Kings_Records,Last Kings Records,http://dbpedia.org/resource/United_States,United States,9/27/2023
http://dbpedia.org/resource/Checkmate_(Conan_Gray_song),Checkmate (Conan Gray song),http://dbpedia.org/resource/Conan_Gray,Conan Gray,performer,http://dbpedia.org/resource/Kid_Krow,Kid Krow,http://dbpedia.org/resource/Indie_pop,Indie pop,http://dbpedia.org/resource/Republic_Records,Universal Republic Records,http://dbpedia.org/resource/United_States,United States,6/26/2019
http://dbpedia.org/resource/Checkmate_(Conan_Gray_song),Checkmate (Conan Gray song),http://dbpedia.org/resource/Conan_Gray,Conan Gray,performer,http://dbpedia.org/resource/Kid_Krow,Kid Krow,http://dbpedia.org/resource/Indie_pop,Indie pop,http://dbpedia.org/resource/Republic_Records,Republic Records,http://dbpedia.org/resource/United_States,United States,6/26/2019
http://dbpedia.org/resource/Satellite_(Bebe_Rexha_and_Snoop_Dogg_song),Satellite (Bebe Rexha and Snoop Dogg song),http://dbpedia.org/resource/Snoop_Dogg,Snoop Dogg,performer,http://dbpedia.org/resource/Bebe_(album),Bebe (album),http://dbpedia.org/resource/Pop_music,Pop music,http://dbpedia.org/resource/Warner_Records,Warner Bros. Records,http://dbpedia.org/resource/United_States,United States,4/19/2023
http://dbpedia.org/resource/Satellite_(Bebe_Rexha_and_Snoop_Dogg_song),Satellite (Bebe Rexha and Snoop Dogg song),http://dbpedia.org/resource/Snoop_Dogg,Snoop Dogg,performer,http://dbpedia.org/resource/Bebe_(album),Bebe (album),http://dbpedia.org/resource/Pop_music,Pop music,http://dbpedia.org/resource/Warner_Records,Warner Records,http://dbpedia.org/resource/United_States,United States,4/19/2023
http://dbpedia.org/resource/Find_Your_Way_Back_(Beyoncé_song),Find Your Way Back (Beyoncé song),http://dbpedia.org/resource/Beyoncé,Beyoncé,performer,http://dbpedia.org/resource/The_Lion_King:_The_Gift,The Lion King: The Gift,http://dbpedia.org/resource/Pop_music,Pop music,http://dbpedia.org/resource/Columbia_Records,Columbia Records,http://dbpedia.org/resource/United_States,United States,7/19/2019
http://dbpedia.org/resource/Juggernaut_(song),Juggernaut (song),http://dbpedia.org/resource/Pharrell_Williams,Pharrell Williams,performer,http://dbpedia.org/resource/Call_Me_If_You_Get_Lost,Call Me If You Get Lost,http://dbpedia.org/resource/Alternative_hip_hop,Alternative hip hop,http://dbpedia.org/resource/Columbia_Records,Columbia Records,http://dbpedia.org/resource/United_States,United States,6/25/2021
http://dbpedia.org/resource/Juggernaut_(song),Juggernaut (song),http://dbpedia.org/resource/Pharrell_Williams,Pharrell Williams,performer,http://dbpedia.org/resource/Call_Me_If_You_Get_Lost,Call Me If You Get Lost,http://dbpedia.org/resource/Alternative_hip_hop,Alternative hip-hop,http://dbpedia.org/resource/Columbia_Records,Columbia Records,http://dbpedia.org/resource/United_States,United States,6/25/2021
http://dbpedia.org/resource/Satellite_(Bebe_Rexha_and_Snoop_Dogg_song),Satellite (Bebe Rexha and Snoop Dogg song),http://dbpedia.org/resource/Snoop_Dogg,Snoop Dogg,performer,http://dbpedia.org/resource/Bebe_(album),Bebe (album),http://dbpedia.org/resource/Disco,Disco,http://dbpedia.org/resource/Warner_Records,Warner Bros. Records,http://dbpedia.org/resource/United_States,United States,4/19/2023
http://dbpedia.org/resource/Satellite_(Bebe_Rexha_and_Snoop_Dogg_song),Satellite (Bebe Rexha and Snoop Dogg song),http://dbpedia.org/resource/Snoop_Dogg,Snoop Dogg,performer,http://dbpedia.org/resource/Bebe_(album),Bebe (album),http://dbpedia.org/resource/Disco,Disco,http://dbpedia.org/resource/Warner_Records,Warner Records,http://dbpedia.org/resource/United_States,United States,4/19/2023
http://dbpedia.org/resource/Delresto_(Echoes),Delresto (Echoes),http://dbpedia.org/resource/Beyoncé,Beyoncé,performer,http://dbpedia.org/resource/Utopia_(Travis_Scott_album),Utopia (Travis Scott album),http://dbpedia.org/resource/Hip_house,Hip house,http://dbpedia.org/resource/Columbia_Records,Columbia Records,http://dbpedia.org/resource/United_States,United States,7/28/2023
http://dbpedia.org/resource/Delresto_(Echoes),Delresto (Echoes),http://dbpedia.org/resource/Beyoncé,Beyoncé,performer,http://dbpedia.org/resource/Utopia_(Travis_Scott_album),Utopia (Travis Scott album),http://dbpedia.org/resource/Hip_house,Hip house,http://dbpedia.org/resource/Epic_Records,Epic Records,http://dbpedia.org/resource/United_States,United States,7/28/2023
http://dbpedia.org/resource/Juggernaut_(song),Juggernaut (song),http://dbpedia.org/resource/Pharrell_Williams,Pharrell Williams,performer,http://dbpedia.org/resource/Call_Me_If_You_Get_Lost,Call Me If You Get Lost,http://dbpedia.org/resource/Trap_music,Trap music,http://dbpedia.org/resource/Columbia_Records,Columbia Records,http://dbpedia.org/resource/United_States,United States,6/25/2021
http://dbpedia.org/resource/Presha,Presha,http://dbpedia.org/resource/Lil_Wayne,Lil Wayne,performer,http://dbpedia.org/resource/Welcome_2_Collegrove,Welcome 2 Collegrove,http://dbpedia.org/resource/Trap_music,Trap music,http://dbpedia.org/resource/Def_Jam_Recordings,Def Jam Recordings,http://dbpedia.org/resource/United_States,United States,10/20/2023
http://dbpedia.org/resource/Find_Your_Way_Back_(Beyoncé_song),Find Your Way Back (Beyoncé song),http://dbpedia.org/resource/Beyoncé,Beyoncé,performer,http://dbpedia.org/resource/The_Lion_King:_The_Gift,The Lion King: The Gift,http://dbpedia.org/resource/Afro_house,Afro house,http://dbpedia.org/resource/Columbia_Records,Columbia Records,http://dbpedia.org/resource/United_States,United States,7/19/2019
http://dbpedia.org/resource/Find_Your_Way_Back_(Beyoncé_song),Find Your Way Back (Beyoncé song),http://dbpedia.org/resource/Beyoncé,Beyoncé,performer,http://dbpedia.org/resource/The_Lion_King:_The_Gift,The Lion King: The Gift,http://dbpedia.org/resource/African_popular_music,African popular music,http://dbpedia.org/resource/Columbia_Records,Columbia Records,http://dbpedia.org/resource/United_States,United States,7/19/2019
http://dbpedia.org/resource/Long_Story_Short_(2_Chainz_and_Lil_Wayne_song),Long Story Short (2 Chainz and Lil Wayne song),http://dbpedia.org/resource/Lil_Wayne,Lil Wayne,performer,http://dbpedia.org/resource/Welcome_2_Collegrove,Welcome 2 Collegrove,,,http://dbpedia.org/resource/Def_Jam_Recordings,Def Jam Recordings,http://dbpedia.org/resource/United_States,United States,11/10/2023
http://dbpedia.org/resource/Baby_I'm_Back_(The_Kid_Laroi_song),Baby I'm Back (The Kid Laroi song),http://dbpedia.org/resource/Gunna_(rapper),Gunna (rapper),performer,http://dbpedia.org/resource/The_First_Time_(The_Kid_Laroi_album),The First Time (The Kid Laroi album),,,http://dbpedia.org/resource/Columbia_Records,Columbia Records,http://dbpedia.org/resource/United_States,United States,9/27/2024
http://dbpedia.org/resource/Evil_Ways_(Drake_song),Evil Ways (Drake song),http://dbpedia.org/resource/Drake_(musician),Drake (musician),performer,http://dbpedia.org/resource/For_All_the_Dogs_Scary_Hours_Edition,For All the Dogs Scary Hours Edition,,,http://dbpedia.org/resource/Republic_Records,Universal Republic Records,http://dbpedia.org/resource/Canada,Canada,11/17/2023
http://dbpedia.org/resource/Evil_Ways_(Drake_song),Evil Ways (Drake song),http://dbpedia.org/resource/Drake_(musician),Drake (musician),performer,http://dbpedia.org/resource/For_All_the_Dogs_Scary_Hours_Edition,For All the Dogs Scary Hours Edition,,,http://dbpedia.org/resource/Republic_Records,Republic Records,http://dbpedia.org/resource/Canada,Canada,11/17/2023
http://dbpedia.org/resource/Man_Made_a_Bar,Man Made a Bar,http://dbpedia.org/resource/Morgan_Wallen,Morgan Wallen,performer,http://dbpedia.org/resource/One_Thing_at_a_Time,One Thing at a Time,http://dbpedia.org/resource/Country_music,Country music,http://dbpedia.org/resource/Republic_Records,Republic Records,,,11/13/2023
http://dbpedia.org/resource/Man_Made_a_Bar,Man Made a Bar,http://dbpedia.org/resource/Morgan_Wallen,Morgan Wallen,performer,http://dbpedia.org/resource/One_Thing_at_a_Time,One Thing at a Time,http://dbpedia.org/resource/Country_music,Country music,http://dbpedia.org/resource/Republic_Records,Universal Republic Records,,,11/13/2023
http://dbpedia.org/resource/Man_Made_a_Bar,Man Made a Bar,http://dbpedia.org/resource/Morgan_Wallen,Morgan Wallen,performer,http://dbpedia.org/resource/One_Thing_at_a_Time,One Thing at a Time,http://dbpedia.org/resource/Country_music,Country music,http://dbpedia.org/resource/Mercury_Records,Mercury Records,,,11/13/2023
http://dbpedia.org/resource/Naa_Ready,Naa Ready,http://dbpedia.org/resource/Vijay_(actor),Vijay (actor),performer,http://dbpedia.org/resource/Leo_(soundtrack),Leo (soundtrack),http://dbpedia.org/resource/Electronic_dance_music,Electronic dance music,http://dbpedia.org/resource/Sony_Music_India,Sony Music India,,,6/22/2023
http://dbpedia.org/resource/Naa_Ready,Naa Ready,http://dbpedia.org/resource/Vijay_(actor),Vijay (actor),performer,http://dbpedia.org/resource/Leo_(soundtrack),Leo (soundtrack),http://dbpedia.org/resource/Electronic_dance_music,Electronic dance music,http://dbpedia.org/resource/Sony_Music_India,Sony Music India,,,6/22/2023
"http://dbpedia.org/resource/Brand_New_(Tyga,_YG_and_Lil_Wayne_song)","Brand New (Tyga, YG and Lil Wayne song)",http://dbpedia.org/resource/Tyga,Tyga,performer,http://dbpedia.org/resource/Hit_Me_When_U_Leave_the_Klub:_The_Playlist,Hit Me When U Leave the Klub: The Playlist,http://dbpedia.org/resource/Hip_hop_music,Hip hop music,http://dbpedia.org/resource/YG_(rapper),YG (rapper),,,9/27/2023
"http://dbpedia.org/resource/Brand_New_(Tyga,_YG_and_Lil_Wayne_song)","Brand New (Tyga, YG and Lil Wayne song)",http://dbpedia.org/resource/Tyga,Tyga,performer,http://dbpedia.org/resource/Hit_Me_When_U_Leave_the_Klub:_The_Playlist,Hit Me When U Leave the Klub: The Playlist,http://dbpedia.org/resource/Hip_hop_music,Hip-hop,http://dbpedia.org/resource/YG_(rapper),YG (rapper),,,9/27/2023
"http://dbpedia.org/resource/Brand_New_(Tyga,_YG_and_Lil_Wayne_song)","Brand New (Tyga, YG and Lil Wayne song)",http://dbpedia.org/resource/Tyga,Tyga,performer,http://dbpedia.org/resource/Hit_Me_When_U_Leave_the_Klub:_The_Playlist,Hit Me When U Leave the Klub: The Playlist,http://dbpedia.org/resource/Hip_hop_music,Hip hop music,http://dbpedia.org/resource/Last_Kings_Records,Last Kings Records,,,9/27/2023
"http://dbpedia.org/resource/Brand_New_(Tyga,_YG_and_Lil_Wayne_song)","Brand New (Tyga, YG and Lil Wayne song)",http://dbpedia.org/resource/Tyga,Tyga,performer,http://dbpedia.org/resource/Hit_Me_When_U_Leave_the_Klub:_The_Playlist,Hit Me When U Leave the Klub: The Playlist,http://dbpedia.org/resource/Hip_hop_music,Hip-hop,http://dbpedia.org/resource/Last_Kings_Records,Last Kings Records,,,9/27/2023
http://dbpedia.org/resource/2ndo_Chance,2ndo Chance,http://dbpedia.org/resource/Iván_Cornejo,Iván Cornejo,performer,http://dbpedia.org/resource/Esquinas_(album),Esquinas (album),http://dbpedia.org/resource/Latin_pop,Latin pop,http://dbpedia.org/resource/RCA_Records,RCA Records,,,9/27/2023
http://dbpedia.org/resource/Naa_Ready,Naa Ready,http://dbpedia.org/resource/Vijay_(actor),Vijay (actor),performer,http://dbpedia.org/resource/Leo_(soundtrack),Leo (soundtrack),http://dbpedia.org/resource/Rapping,Rapping,http://dbpedia.org/resource/Sony_Music_India,Sony Music India,,,6/22/2023
http://dbpedia.org/resource/Naa_Ready,Naa Ready,http://dbpedia.org/resource/Vijay_(actor),Vijay (actor),performer,http://dbpedia.org/resource/Leo_(soundtrack),Leo (soundtrack),http://dbpedia.org/resource/Rapping,Rapping,http://dbpedia.org/resource/Sony_Music_India,Sony Music India,,,6/22/2023
http://dbpedia.org/resource/Bulletproof_(Nate_Smith_song),Bulletproof (Nate Smith song),http://dbpedia.org/resource/Nate_Smith_(singer),Nate Smith (singer),performer,http://dbpedia.org/resource/California_Gold_(album),California Gold (album),http://dbpedia.org/resource/Country_rock,Country rock,http://dbpedia.org/resource/RCA_Records_Nashville,RCA Records Nashville,,,2/19/2024
http://dbpedia.org/resource/Asiwaju,Asiwaju,http://dbpedia.org/resource/Ruger_(musician),Ruger (musician),performer,http://dbpedia.org/resource/Ru_the_World,Ru the World,http://dbpedia.org/resource/African_popular_music,African popular music,http://dbpedia.org/resource/Jonzing_World,Jonzing World,,,11/16/2022
http://dbpedia.org/resource/Naa_Ready,Naa Ready,http://dbpedia.org/resource/Vijay_(actor),Vijay (actor),performer,http://dbpedia.org/resource/Leo_(soundtrack),Leo (soundtrack),http://dbpedia.org/resource/Kuthu_(disambiguation),Kuththu,http://dbpedia.org/resource/Sony_Music_India,Sony Music India,,,6/22/2023
http://dbpedia.org/resource/Naa_Ready,Naa Ready,http://dbpedia.org/resource/Vijay_(actor),Vijay (actor),performer,http://dbpedia.org/resource/Leo_(soundtrack),Leo (soundtrack),http://dbpedia.org/resource/Kuthu_(disambiguation),Kuthu,http://dbpedia.org/resource/Sony_Music_India,Sony Music India,,,6/22/2023
http://dbpedia.org/resource/Naa_Ready,Naa Ready,http://dbpedia.org/resource/Vijay_(actor),Vijay (actor),performer,http://dbpedia.org/resource/Leo_(soundtrack),Leo (soundtrack),http://dbpedia.org/resource/Kuthu_(disambiguation),Kuthu (disambiguation),http://dbpedia.org/resource/Sony_Music_India,Sony Music India,,,6/22/2023
http://dbpedia.org/resource/Naa_Ready,Naa Ready,http://dbpedia.org/resource/Vijay_(actor),Vijay (actor),performer,http://dbpedia.org/resource/Leo_(soundtrack),Leo (soundtrack),http://dbpedia.org/resource/Kuthu_(disambiguation),Kuththu,http://dbpedia.org/resource/Sony_Music_India,Sony Music India,,,6/22/2023
http://dbpedia.org/resource/Naa_Ready,Naa Ready,http://dbpedia.org/resource/Vijay_(actor),Vijay (actor),performer,http://dbpedia.org/resource/Leo_(soundtrack),Leo (soundtrack),http://dbpedia.org/resource/Kuthu_(disambiguation),Kuthu,http://dbpedia.org/resource/Sony_Music_India,Sony Music India,,,6/22/2023
http://dbpedia.org/resource/Naa_Ready,Naa Ready,http://dbpedia.org/resource/Vijay_(actor),Vijay (actor),performer,http://dbpedia.org/resource/Leo_(soundtrack),Leo (soundtrack),http://dbpedia.org/resource/Kuthu_(disambiguation),Kuthu (disambiguation),http://dbpedia.org/resource/Sony_Music_India,Sony Music India,,,6/22/2023
http://dbpedia.org/resource/Bruciasse_il_cielo,Bruciasse il cielo,http://dbpedia.org/resource/Blanco_(singer),Blanco (singer),performer,http://dbpedia.org/resource/Innamorato_(Blanco_album),Innamorato (Blanco album),,,http://dbpedia.org/resource/Island_Records,Island Records,,,11/10/2023
http://dbpedia.org/resource/Bruciasse_il_cielo,Bruciasse il cielo,http://dbpedia.org/resource/Blanco_(singer),Blanco (singer),performer,http://dbpedia.org/resource/Innamorato_(Blanco_album),Innamorato (Blanco album),,,http://dbpedia.org/resource/Universal_Music_Group,Universal Music Group,,,11/10/2023
http://dbpedia.org/resource/Good_Enough_(G_Flip_song),Good Enough (G Flip song),http://dbpedia.org/resource/G_Flip,G Flip,performer,http://dbpedia.org/resource/Drummer_(album),Drummer (album),,,http://dbpedia.org/resource/Future_Classic,Future Classic,,,8/11/2023
http://dbpedia.org/resource/Looking_for_Love_(Lena_song),Looking for Love (Lena song),http://dbpedia.org/resource/Lena_Meyer-Landrut,Lena Meyer-Landrut,performer,http://dbpedia.org/resource/Loyal_to_Myself,Loyal to Myself,,,http://dbpedia.org/resource/Polydor_Records,Polydor Records,,,6/23/2022
http://dbpedia.org/resource/Dream_(Taeyeon_song),Dream (Taeyeon song),http://dbpedia.org/resource/Taeyeon,Taeyeon,performer,http://dbpedia.org/resource/Welcome_to_Samdal-ri,Welcome to Samdal-ri,,,http://dbpedia.org/resource/NHN_Entertainment_Corporation,NHN Corporation,,,12/17/2023
http://dbpedia.org/resource/Dream_(Taeyeon_song),Dream (Taeyeon song),http://dbpedia.org/resource/Taeyeon,Taeyeon,performer,http://dbpedia.org/resource/Welcome_to_Samdal-ri,Welcome to Samdal-ri,,,http://dbpedia.org/resource/NHN_Entertainment_Corporation,NHN Entertainment Corporation,,,12/17/2023
http://dbpedia.org/resource/Evil_Ways_(Drake_song),Evil Ways (Drake song),http://dbpedia.org/resource/Drake_(musician),Drake (musician),performer,http://dbpedia.org/resource/For_All_the_Dogs_Scary_Hours_Edition,For All the Dogs Scary Hours Edition,,,http://dbpedia.org/resource/Republic_Records,Universal Republic Records,,,11/17/2023
http://dbpedia.org/resource/Evil_Ways_(Drake_song),Evil Ways (Drake song),http://dbpedia.org/resource/Drake_(musician),Drake (musician),performer,http://dbpedia.org/resource/For_All_the_Dogs_Scary_Hours_Edition,For All the Dogs Scary Hours Edition,,,http://dbpedia.org/resource/Republic_Records,Republic Records,,,11/17/2023
http://dbpedia.org/resource/On_the_Water_(song),On the Water (song),http://dbpedia.org/resource/James_Barker_Band,James Barker Band,performer,http://dbpedia.org/resource/Ahead_of_Our_Time,Ahead of Our Time,http://dbpedia.org/resource/Country_music,Country music,http://dbpedia.org/resource/Columbia_Records,Columbia Records,,,5/26/2023
http://dbpedia.org/resource/Devil_(Super_Junior_song),Devil (Super Junior song),http://dbpedia.org/resource/Super_Junior,Super Junior,performer,http://dbpedia.org/resource/Devil_(Super_Junior_album),Devil (Super Junior album),http://dbpedia.org/resource/Dance-rock,Dance-rock,http://dbpedia.org/resource/SM_Entertainment,SM Entertainment,,,1/6/2016
http://dbpedia.org/resource/Devil_(Super_Junior_song),Devil (Super Junior song),http://dbpedia.org/resource/Super_Junior,Super Junior,performer,http://dbpedia.org/resource/Devil_(Super_Junior_album),Devil (Super Junior album),http://dbpedia.org/resource/Dance-rock,Dance-rock,http://dbpedia.org/resource/Avex_Trax,Avex Trax,,,1/6/2016
http://dbpedia.org/resource/Devil_(Super_Junior_song),Devil (Super Junior song),http://dbpedia.org/resource/Super_Junior,Super Junior,performer,http://dbpedia.org/resource/Devil_(Super_Junior_album),Devil (Super Junior album),http://dbpedia.org/resource/Dance-rock,Dance-rock,http://dbpedia.org/resource/Genie_Music,Genie Music,,,1/6/2016
http://dbpedia.org/resource/Harley_Quinn_(song),Harley Quinn (song),http://dbpedia.org/resource/Fuerza_Regida,Fuerza Regida,performer,http://dbpedia.org/resource/Pa_Las_Baby's_y_Belikeada,Pa Las Baby's y Belikeada,http://dbpedia.org/resource/Electronic_dance_music,Electronic dance music,http://dbpedia.org/resource/Sony_Music_Latin,Sony Music Latin,,,12/14/2023
http://dbpedia.org/resource/Neurotic_(song),Neurotic (song),http://dbpedia.org/resource/Three_Days_Grace,Three Days Grace,performer,http://dbpedia.org/resource/Explosions_(Three_Days_Grace_album),Explosions (Three Days Grace album),http://dbpedia.org/resource/Electronic_rock,Electronic rock,http://dbpedia.org/resource/RCA_Records,RCA Records,,,2/17/2022
http://dbpedia.org/resource/Devil_(Super_Junior_song),Devil (Super Junior song),http://dbpedia.org/resource/Super_Junior,Super Junior,performer,http://dbpedia.org/resource/Devil_(Super_Junior_album),Devil (Super Junior album),http://dbpedia.org/resource/Funk_rock,Funk rock,http://dbpedia.org/resource/SM_Entertainment,SM Entertainment,,,1/6/2016
http://dbpedia.org/resource/Devil_(Super_Junior_song),Devil (Super Junior song),http://dbpedia.org/resource/Super_Junior,Super Junior,performer,http://dbpedia.org/resource/Devil_(Super_Junior_album),Devil (Super Junior album),http://dbpedia.org/resource/Funk_rock,Funk rock,http://dbpedia.org/resource/Avex_Trax,Avex Trax,,,1/6/2016
http://dbpedia.org/resource/Devil_(Super_Junior_song),Devil (Super Junior song),http://dbpedia.org/resource/Super_Junior,Super Junior,performer,http://dbpedia.org/resource/Devil_(Super_Junior_album),Devil (Super Junior album),http://dbpedia.org/resource/Funk_rock,Funk rock,http://dbpedia.org/resource/Genie_Music,Genie Music,,,1/6/2016
http://dbpedia.org/resource/Neurotic_(song),Neurotic (song),http://dbpedia.org/resource/Three_Days_Grace,Three Days Grace,performer,http://dbpedia.org/resource/Explosions_(Three_Days_Grace_album),Explosions (Three Days Grace album),http://dbpedia.org/resource/Grunge,Grunge,http://dbpedia.org/resource/RCA_Records,RCA Records,,,2/17/2022
http://dbpedia.org/resource/Batter_Up_(Babymonster_song),Batter Up (Babymonster song),http://dbpedia.org/resource/Babymonster,Babymonster,performer,http://dbpedia.org/resource/Babymons7er,Babymons7er,http://dbpedia.org/resource/Hip_hop_music,Hip hop music,http://dbpedia.org/resource/YG_Entertainment,YG Entertainment,,,11/27/2023
http://dbpedia.org/resource/Batter_Up_(Babymonster_song),Batter Up (Babymonster song),http://dbpedia.org/resource/Babymonster,Babymonster,performer,http://dbpedia.org/resource/Babymons7er,Babymons7er,http://dbpedia.org/resource/Hip_hop_music,Hip-hop,http://dbpedia.org/resource/YG_Entertainment,YG Entertainment,,,11/27/2023
http://dbpedia.org/resource/Dash_(Nmixx_song),Dash (Nmixx song),http://dbpedia.org/resource/Nmixx,Nmixx,performer,http://dbpedia.org/resource/Fe3O4:_Break,Fe3O4: Break,http://dbpedia.org/resource/Hip_hop_music,Hip hop music,http://dbpedia.org/resource/Republic_Records,Universal Republic Records,,,1/15/2024
http://dbpedia.org/resource/Dash_(Nmixx_song),Dash (Nmixx song),http://dbpedia.org/resource/Nmixx,Nmixx,performer,http://dbpedia.org/resource/Fe3O4:_Break,Fe3O4: Break,http://dbpedia.org/resource/Hip_hop_music,Hip-hop,http://dbpedia.org/resource/Republic_Records,Universal Republic Records,,,1/15/2024
http://dbpedia.org/resource/Dash_(Nmixx_song),Dash (Nmixx song),http://dbpedia.org/resource/Nmixx,Nmixx,performer,http://dbpedia.org/resource/Fe3O4:_Break,Fe3O4: Break,http://dbpedia.org/resource/Hip_hop_music,Hip hop music,http://dbpedia.org/resource/JYP_Entertainment,JYP Entertainment,,,1/15/2024
http://dbpedia.org/resource/Dash_(Nmixx_song),Dash (Nmixx song),http://dbpedia.org/resource/Nmixx,Nmixx,performer,http://dbpedia.org/resource/Fe3O4:_Break,Fe3O4: Break,http://dbpedia.org/resource/Hip_hop_music,Hip-hop,http://dbpedia.org/resource/JYP_Entertainment,JYP Entertainment,,,1/15/2024
http://dbpedia.org/resource/Dash_(Nmixx_song),Dash (Nmixx song),http://dbpedia.org/resource/Nmixx,Nmixx,performer,http://dbpedia.org/resource/Fe3O4:_Break,Fe3O4: Break,http://dbpedia.org/resource/Hip_hop_music,Hip hop music,http://dbpedia.org/resource/Republic_Records,Republic Records,,,1/15/2024
http://dbpedia.org/resource/Dash_(Nmixx_song),Dash (Nmixx song),http://dbpedia.org/resource/Nmixx,Nmixx,performer,http://dbpedia.org/resource/Fe3O4:_Break,Fe3O4: Break,http://dbpedia.org/resource/Hip_hop_music,Hip-hop,http://dbpedia.org/resource/Republic_Records,Republic Records,,,1/15/2024
http://dbpedia.org/resource/Harley_Quinn_(song),Harley Quinn (song),http://dbpedia.org/resource/Fuerza_Regida,Fuerza Regida,performer,http://dbpedia.org/resource/Pa_Las_Baby's_y_Belikeada,Pa Las Baby's y Belikeada,http://dbpedia.org/resource/House_music,House music,http://dbpedia.org/resource/Sony_Music_Latin,Sony Music Latin,,,12/14/2023
http://dbpedia.org/resource/Magic_(Super_Junior_song),Magic (Super Junior song),http://dbpedia.org/resource/Super_Junior,Super Junior,performer,http://dbpedia.org/resource/Devil_(Super_Junior_album),Devil (Super Junior album),http://dbpedia.org/resource/K-pop,K-pop,http://dbpedia.org/resource/Genie_Music,Genie Music,,,1/6/2016
http://dbpedia.org/resource/Magic_(Super_Junior_song),Magic (Super Junior song),http://dbpedia.org/resource/Super_Junior,Super Junior,performer,http://dbpedia.org/resource/Devil_(Super_Junior_album),Devil (Super Junior album),http://dbpedia.org/resource/K-pop,K-pop,http://dbpedia.org/resource/Avex_Trax,Avex Trax,,,1/6/2016
http://dbpedia.org/resource/Magic_(Super_Junior_song),Magic (Super Junior song),http://dbpedia.org/resource/Super_Junior,Super Junior,performer,http://dbpedia.org/resource/Devil_(Super_Junior_album),Devil (Super Junior album),http://dbpedia.org/resource/K-pop,K-pop,http://dbpedia.org/resource/SM_Entertainment,SM Entertainment,,,1/6/2016
http://dbpedia.org/resource/Dash_(Nmixx_song),Dash (Nmixx song),http://dbpedia.org/resource/Nmixx,Nmixx,performer,http://dbpedia.org/resource/Fe3O4:_Break,Fe3O4: Break,http://dbpedia.org/resource/Pop-punk,Pop-punk,http://dbpedia.org/resource/Republic_Records,Universal Republic Records,,,1/15/2024
http://dbpedia.org/resource/Dash_(Nmixx_song),Dash (Nmixx song),http://dbpedia.org/resource/Nmixx,Nmixx,performer,http://dbpedia.org/resource/Fe3O4:_Break,Fe3O4: Break,http://dbpedia.org/resource/Pop-punk,Pop-punk,http://dbpedia.org/resource/JYP_Entertainment,JYP Entertainment,,,1/15/2024
http://dbpedia.org/resource/Dash_(Nmixx_song),Dash (Nmixx song),http://dbpedia.org/resource/Nmixx,Nmixx,performer,http://dbpedia.org/resource/Fe3O4:_Break,Fe3O4: Break,http://dbpedia.org/resource/Pop-punk,Pop-punk,http://dbpedia.org/resource/Republic_Records,Republic Records,,,1/15/2024
http://dbpedia.org/resource/Before_You_Leave,Before You Leave,http://dbpedia.org/resource/Six60,Six60,performer,http://dbpedia.org/resource/Castle_St,Castle St,http://dbpedia.org/resource/Pop_music,Pop music,http://dbpedia.org/resource/Epic_Records,Epic Records,,,8/19/2022
http://dbpedia.org/resource/Never_Been_Tonight,Never Been Tonight,http://dbpedia.org/resource/Six60,Six60,performer,http://dbpedia.org/resource/Castle_St,Castle St,http://dbpedia.org/resource/Pop_music,Pop music,http://dbpedia.org/resource/Epic_Records,Epic Records,,,9/16/2022
http://dbpedia.org/resource/Party_O'Clock_(Nmixx_song),Party O'Clock (Nmixx song),http://dbpedia.org/resource/Nmixx,Nmixx,performer,http://dbpedia.org/resource/A_Midsummer_Nmixx's_Dream,A Midsummer Nmixx's Dream,http://dbpedia.org/resource/Pop_music,Pop music,http://dbpedia.org/resource/Republic_Records,Universal Republic Records,,,7/11/2023
http://dbpedia.org/resource/Party_O'Clock_(Nmixx_song),Party O'Clock (Nmixx song),http://dbpedia.org/resource/Nmixx,Nmixx,performer,http://dbpedia.org/resource/A_Midsummer_Nmixx's_Dream,A Midsummer Nmixx's Dream,http://dbpedia.org/resource/Pop_music,Pop music,http://dbpedia.org/resource/JYP_Entertainment,JYP Entertainment,,,7/11/2023
http://dbpedia.org/resource/Party_O'Clock_(Nmixx_song),Party O'Clock (Nmixx song),http://dbpedia.org/resource/Nmixx,Nmixx,performer,http://dbpedia.org/resource/A_Midsummer_Nmixx's_Dream,A Midsummer Nmixx's Dream,http://dbpedia.org/resource/Pop_music,Pop music,http://dbpedia.org/resource/Republic_Records,Republic Records,,,7/11/2023
http://dbpedia.org/resource/Mirror_to_the_Sky_(song),Mirror to the Sky (song),http://dbpedia.org/resource/Yes_(band),Yes (band),performer,http://dbpedia.org/resource/Mirror_to_the_Sky,Mirror to the Sky,http://dbpedia.org/resource/Progressive_rock,Progressive rock,http://dbpedia.org/resource/Sony_Music,Sony Music Canada,,,2/23/2024
http://dbpedia.org/resource/Mirror_to_the_Sky_(song),Mirror to the Sky (song),http://dbpedia.org/resource/Yes_(band),Yes (band),performer,http://dbpedia.org/resource/Mirror_to_the_Sky,Mirror to the Sky,http://dbpedia.org/resource/Progressive_rock,Progressive rock,http://dbpedia.org/resource/Sony_Music,Sony Music Canada,,,5/19/2023
http://dbpedia.org/resource/Mirror_to_the_Sky_(song),Mirror to the Sky (song),http://dbpedia.org/resource/Yes_(band),Yes (band),performer,http://dbpedia.org/resource/Mirror_to_the_Sky,Mirror to the Sky,http://dbpedia.org/resource/Progressive_rock,Progressive rock,http://dbpedia.org/resource/Sony_Music,Sony Music UK,,,2/23/2024
http://dbpedia.org/resource/Mirror_to_the_Sky_(song),Mirror to the Sky (song),http://dbpedia.org/resource/Yes_(band),Yes (band),performer,http://dbpedia.org/resource/Mirror_to_the_Sky,Mirror to the Sky,http://dbpedia.org/resource/Progressive_rock,Progressive rock,http://dbpedia.org/resource/Sony_Music,Sony Music UK,,,5/19/2023
http://dbpedia.org/resource/Mirror_to_the_Sky_(song),Mirror to the Sky (song),http://dbpedia.org/resource/Yes_(band),Yes (band),performer,http://dbpedia.org/resource/Mirror_to_the_Sky,Mirror to the Sky,http://dbpedia.org/resource/Progressive_rock,Progressive rock,http://dbpedia.org/resource/Sony_Music,Sony Music,,,5/19/2023
http://dbpedia.org/resource/Mirror_to_the_Sky_(song),Mirror to the Sky (song),http://dbpedia.org/resource/Yes_(band),Yes (band),performer,http://dbpedia.org/resource/Mirror_to_the_Sky,Mirror to the Sky,http://dbpedia.org/resource/Progressive_rock,Progressive rock,http://dbpedia.org/resource/Sony_Music,Sony Music,,,2/23/2024
http://dbpedia.org/resource/Mirror_to_the_Sky_(song),Mirror to the Sky (song),http://dbpedia.org/resource/Yes_(band),Yes (band),performer,http://dbpedia.org/resource/Mirror_to_the_Sky,Mirror to the Sky,http://dbpedia.org/resource/Progressive_rock,Progressive rock,http://dbpedia.org/resource/Sony_Music,Higher Ground Records,,,2/23/2024
http://dbpedia.org/resource/Mirror_to_the_Sky_(song),Mirror to the Sky (song),http://dbpedia.org/resource/Yes_(band),Yes (band),performer,http://dbpedia.org/resource/Mirror_to_the_Sky,Mirror to the Sky,http://dbpedia.org/resource/Progressive_rock,Progressive rock,http://dbpedia.org/resource/Sony_Music,Higher Ground Records,,,5/19/2023
http://dbpedia.org/resource/Find_My_Way_(Paul_McCartney_song),Find My Way (Paul McCartney song),http://dbpedia.org/resource/Paul_McCartney,Paul McCartney,performer,http://dbpedia.org/resource/McCartney_III,McCartney III,http://dbpedia.org/resource/Rock_music,Rock music,http://dbpedia.org/resource/Capitol_Records,Capitol Records,,,12/18/2020
http://dbpedia.org/resource/Harley_Quinn_(song),Harley Quinn (song),http://dbpedia.org/resource/Fuerza_Regida,Fuerza Regida,performer,http://dbpedia.org/resource/Pa_Las_Baby's_y_Belikeada,Pa Las Baby's y Belikeada,http://dbpedia.org/resource/Regional_Mexican,Regional Mexican,http://dbpedia.org/resource/Sony_Music_Latin,Sony Music Latin,,,12/14/2023
http://dbpedia.org/resource/Magic_(Super_Junior_song),Magic (Super Junior song),http://dbpedia.org/resource/Super_Junior,Super Junior,performer,http://dbpedia.org/resource/Devil_(Super_Junior_album),Devil (Super Junior album),http://dbpedia.org/resource/Dance_music,Dance music,http://dbpedia.org/resource/Genie_Music,Genie Music,,,1/6/2016
http://dbpedia.org/resource/Magic_(Super_Junior_song),Magic (Super Junior song),http://dbpedia.org/resource/Super_Junior,Super Junior,performer,http://dbpedia.org/resource/Devil_(Super_Junior_album),Devil (Super Junior album),http://dbpedia.org/resource/Dance_music,Dance music,http://dbpedia.org/resource/Avex_Trax,Avex Trax,,,1/6/2016
http://dbpedia.org/resource/Magic_(Super_Junior_song),Magic (Super Junior song),http://dbpedia.org/resource/Super_Junior,Super Junior,performer,http://dbpedia.org/resource/Devil_(Super_Junior_album),Devil (Super Junior album),http://dbpedia.org/resource/Dance_music,Dance music,http://dbpedia.org/resource/SM_Entertainment,SM Entertainment,,,1/6/2016
http://dbpedia.org/resource/Batter_Up_(Babymonster_song),Batter Up (Babymonster song),http://dbpedia.org/resource/Babymonster,Babymonster,performer,http://dbpedia.org/resource/Babymons7er,Babymons7er,http://dbpedia.org/resource/Trap_music,Trap music,http://dbpedia.org/resource/YG_Entertainment,YG Entertainment,,,11/27/2023
http://dbpedia.org/resource/Harley_Quinn_(song),Harley Quinn (song),http://dbpedia.org/resource/Fuerza_Regida,Fuerza Regida,performer,http://dbpedia.org/resource/Pa_Las_Baby's_y_Belikeada,Pa Las Baby's y Belikeada,http://dbpedia.org/resource/Corridos_tumbados,Corridos tumbados,http://dbpedia.org/resource/Sony_Music_Latin,Sony Music Latin,,,12/14/2023
http://dbpedia.org/resource/Mess_Around_(Forest_Claudette_song),Mess Around (Forest Claudette song),http://dbpedia.org/resource/Forest_Claudette,Forest Claudette,performer,http://dbpedia.org/resource/Everything_Was_Green,Everything Was Green,,,http://dbpedia.org/resource/Forest_Claudette,Forest Claudette,,,3/24/2023
http://dbpedia.org/resource/Mess_Around_(Forest_Claudette_song),Mess Around (Forest Claudette song),http://dbpedia.org/resource/Forest_Claudette,Forest Claudette,performer,http://dbpedia.org/resource/Everything_Was_Green,Everything Was Green,,,http://dbpedia.org/resource/Sony_Music_Australia,Sony Music Australia,,,3/24/2023
http://dbpedia.org/resource/Golden_Child_(Alicia_Keys_song),Golden Child (Alicia Keys song),http://dbpedia.org/resource/Alicia_Keys,Alicia Keys,performer,http://dbpedia.org/resource/The_Diary_of_Alicia_Keys,The Diary of Alicia Keys,,,http://dbpedia.org/resource/RCA_Records,RCA Records,,,11/2/2023
http://dbpedia.org/resource/City_Boys,City Boys,http://dbpedia.org/resource/Burna_Boy,Burna Boy,performer,http://dbpedia.org/resource/I_Told_Them...,I Told Them...,http://dbpedia.org/resource/Afrobeats,Afrobeats,http://dbpedia.org/resource/Spaceship_Records,Spaceship Records,http://dbpedia.org/resource/Nigeria,Nigeria,9/22/2023
http://dbpedia.org/resource/City_Boys,City Boys,http://dbpedia.org/resource/Burna_Boy,Burna Boy,performer,http://dbpedia.org/resource/I_Told_Them...,I Told Them...,http://dbpedia.org/resource/Afrobeats,Afrobeats,http://dbpedia.org/resource/Spaceship_Records,Spaceship Records,http://dbpedia.org/resource/Nigeria,Nigeria,9/22/2023
http://dbpedia.org/resource/2:30,2:30,http://dbpedia.org/resource/Asake,Asake,performer,http://dbpedia.org/resource/Work_of_Art_(album),Work of Art (album),http://dbpedia.org/resource/Afrobeats,Afrobeats,http://dbpedia.org/resource/Empire_Distribution,Empire Distribution,http://dbpedia.org/resource/Nigeria,Nigeria,4/5/2023
http://dbpedia.org/resource/City_Boys,City Boys,http://dbpedia.org/resource/Burna_Boy,Burna Boy,performer,http://dbpedia.org/resource/I_Told_Them...,I Told Them...,http://dbpedia.org/resource/Afrobeats,Afrobeats,http://dbpedia.org/resource/Spaceship_Records,Spaceship Collective,http://dbpedia.org/resource/Nigeria,Nigeria,9/22/2023
http://dbpedia.org/resource/City_Boys,City Boys,http://dbpedia.org/resource/Burna_Boy,Burna Boy,performer,http://dbpedia.org/resource/I_Told_Them...,I Told Them...,http://dbpedia.org/resource/Afrobeats,Afrobeats,http://dbpedia.org/resource/Spaceship_Records,Spaceship Collective,http://dbpedia.org/resource/Nigeria,Nigeria,9/22/2023
"http://dbpedia.org/resource/Brand_New_(Tyga,_YG_and_Lil_Wayne_song)","Brand New (Tyga, YG and Lil Wayne song)",http://dbpedia.org/resource/Lil_Wayne,Lil Wayne,performer,http://dbpedia.org/resource/Hit_Me_When_U_Leave_the_Klub:_The_Playlist,Hit Me When U Leave the Klub: The Playlist,http://dbpedia.org/resource/Hip_hop_music,Hip hop music,http://dbpedia.org/resource/YG_(rapper),YG (rapper),http://dbpedia.org/resource/United_States,United States,9/27/2023
"http://dbpedia.org/resource/Brand_New_(Tyga,_YG_and_Lil_Wayne_song)","Brand New (Tyga, YG and Lil Wayne song)",http://dbpedia.org/resource/Lil_Wayne,Lil Wayne,performer,http://dbpedia.org/resource/Hit_Me_When_U_Leave_the_Klub:_The_Playlist,Hit Me When U Leave the Klub: The Playlist,http://dbpedia.org/resource/Hip_hop_music,Hip-hop,http://dbpedia.org/resource/YG_(rapper),YG (rapper),http://dbpedia.org/resource/United_States,United States,9/27/2023
"http://dbpedia.org/resource/Brand_New_(Tyga,_YG_and_Lil_Wayne_song)","Brand New (Tyga, YG and Lil Wayne song)",http://dbpedia.org/resource/Lil_Wayne,Lil Wayne,performer,http://dbpedia.org/resource/Hit_Me_When_U_Leave_the_Klub:_The_Playlist,Hit Me When U Leave the Klub: The Playlist,http://dbpedia.org/resource/Hip_hop_music,Hip hop music,http://dbpedia.org/resource/Empire_Distribution,Empire Distribution,http://dbpedia.org/resource/United_States,United States,9/27/2023
"http://dbpedia.org/resource/Brand_New_(Tyga,_YG_and_Lil_Wayne_song)","Brand New (Tyga, YG and Lil Wayne song)",http://dbpedia.org/resource/Lil_Wayne,Lil Wayne,performer,http://dbpedia.org/resource/Hit_Me_When_U_Leave_the_Klub:_The_Playlist,Hit Me When U Leave the Klub: The Playlist,http://dbpedia.org/resource/Hip_hop_music,Hip-hop,http://dbpedia.org/resource/Empire_Distribution,Empire Distribution,http://dbpedia.org/resource/United_States,United States,9/27/2023
"http://dbpedia.org/resource/Brand_New_(Tyga,_YG_and_Lil_Wayne_song)","Brand New (Tyga, YG and Lil Wayne song)",http://dbpedia.org/resource/Lil_Wayne,Lil Wayne,performer,http://dbpedia.org/resource/Hit_Me_When_U_Leave_the_Klub:_The_Playlist,Hit Me When U Leave the Klub: The Playlist,http://dbpedia.org/resource/Hip_hop_music,Hip hop music,http://dbpedia.org/resource/Empire_Distribution,Empire Distribution,http://dbpedia.org/resource/United_States,United States,9/27/2023
"http://dbpedia.org/resource/Brand_New_(Tyga,_YG_and_Lil_Wayne_song)","Brand New (Tyga, YG and Lil Wayne song)",http://dbpedia.org/resource/Lil_Wayne,Lil Wayne,performer,http://dbpedia.org/resource/Hit_Me_When_U_Leave_the_Klub:_The_Playlist,Hit Me When U Leave the Klub: The Playlist,http://dbpedia.org/resource/Hip_hop_music,Hip-hop,http://dbpedia.org/resource/Empire_Distribution,Empire Distribution,http://dbpedia.org/resource/United_States,United States,9/27/2023
"http://dbpedia.org/resource/Brand_New_(Tyga,_YG_and_Lil_Wayne_song)","Brand New (Tyga, YG and Lil Wayne song)",http://dbpedia.org/resource/Lil_Wayne,Lil Wayne,performer,http://dbpedia.org/resource/Hit_Me_When_U_Leave_the_Klub:_The_Playlist,Hit Me When U Leave the Klub: The Playlist,http://dbpedia.org/resource/Hip_hop_music,Hip hop music,http://dbpedia.org/resource/YG_(rapper),YG (rapper),http://dbpedia.org/resource/United_States,United States,9/27/2023
"http://dbpedia.org/resource/Brand_New_(Tyga,_YG_and_Lil_Wayne_song)","Brand New (Tyga, YG and Lil Wayne song)",http://dbpedia.org/resource/Lil_Wayne,Lil Wayne,performer,http://dbpedia.org/resource/Hit_Me_When_U_Leave_the_Klub:_The_Playlist,Hit Me When U Leave the Klub: The Playlist,http://dbpedia.org/resource/Hip_hop_music,Hip-hop,http://dbpedia.org/resource/YG_(rapper),YG (rapper),http://dbpedia.org/resource/United_States,United States,9/27/2023
http://dbpedia.org/resource/Find_Your_Way_Back_(Beyoncé_song),Find Your Way Back (Beyoncé song),http://dbpedia.org/resource/Beyoncé,Beyoncé,performer,http://dbpedia.org/resource/The_Lion_King:_The_Gift,The Lion King: The Gift,http://dbpedia.org/resource/Pop_music,Pop music,http://dbpedia.org/resource/Parkwood_Entertainment,Parkwood Entertainment,http://dbpedia.org/resource/United_States,United States,7/19/2019
http://dbpedia.org/resource/City_Boys,City Boys,http://dbpedia.org/resource/Burna_Boy,Burna Boy,performer,http://dbpedia.org/resource/I_Told_Them...,I Told Them...,http://dbpedia.org/resource/Alternative_hip_hop,Alternative hip hop,http://dbpedia.org/resource/Spaceship_Records,Spaceship Records,http://dbpedia.org/resource/Nigeria,Nigeria,9/22/2023
http://dbpedia.org/resource/City_Boys,City Boys,http://dbpedia.org/resource/Burna_Boy,Burna Boy,performer,http://dbpedia.org/resource/I_Told_Them...,I Told Them...,http://dbpedia.org/resource/Alternative_hip_hop,Alternative hip-hop,http://dbpedia.org/resource/Spaceship_Records,Spaceship Records,http://dbpedia.org/resource/Nigeria,Nigeria,9/22/2023
http://dbpedia.org/resource/City_Boys,City Boys,http://dbpedia.org/resource/Burna_Boy,Burna Boy,performer,http://dbpedia.org/resource/I_Told_Them...,I Told Them...,http://dbpedia.org/resource/Alternative_hip_hop,Alternative hip hop,http://dbpedia.org/resource/Spaceship_Records,Spaceship Collective,http://dbpedia.org/resource/Nigeria,Nigeria,9/22/2023
http://dbpedia.org/resource/City_Boys,City Boys,http://dbpedia.org/resource/Burna_Boy,Burna Boy,performer,http://dbpedia.org/resource/I_Told_Them...,I Told Them...,http://dbpedia.org/resource/Alternative_hip_hop,Alternative hip-hop,http://dbpedia.org/resource/Spaceship_Records,Spaceship Collective,http://dbpedia.org/resource/Nigeria,Nigeria,9/22/2023
http://dbpedia.org/resource/City_Boys,City Boys,http://dbpedia.org/resource/Burna_Boy,Burna Boy,performer,http://dbpedia.org/resource/I_Told_Them...,I Told Them...,http://dbpedia.org/resource/Alternative_hip_hop,Alternative hip hop,http://dbpedia.org/resource/Spaceship_Records,Spaceship Collective,http://dbpedia.org/resource/Nigeria,Nigeria,9/22/2023
http://dbpedia.org/resource/City_Boys,City Boys,http://dbpedia.org/resource/Burna_Boy,Burna Boy,performer,http://dbpedia.org/resource/I_Told_Them...,I Told Them...,http://dbpedia.org/resource/Alternative_hip_hop,Alternative hip-hop,http://dbpedia.org/resource/Spaceship_Records,Spaceship Collective,http://dbpedia.org/resource/Nigeria,Nigeria,9/22/2023
http://dbpedia.org/resource/City_Boys,City Boys,http://dbpedia.org/resource/Burna_Boy,Burna Boy,performer,http://dbpedia.org/resource/I_Told_Them...,I Told Them...,http://dbpedia.org/resource/Alternative_hip_hop,Alternative hip hop,http://dbpedia.org/resource/Spaceship_Records,Spaceship Records,http://dbpedia.org/resource/Nigeria,Nigeria,9/22/2023
http://dbpedia.org/resource/City_Boys,City Boys,http://dbpedia.org/resource/Burna_Boy,Burna Boy,performer,http://dbpedia.org/resource/I_Told_Them...,I Told Them...,http://dbpedia.org/resource/Alternative_hip_hop,Alternative hip-hop,http://dbpedia.org/resource/Spaceship_Records,Spaceship Records,http://dbpedia.org/resource/Nigeria,Nigeria,9/22/2023
http://dbpedia.org/resource/Delresto_(Echoes),Delresto (Echoes),http://dbpedia.org/resource/Beyoncé,Beyoncé,performer,http://dbpedia.org/resource/Utopia_(Travis_Scott_album),Utopia (Travis Scott album),http://dbpedia.org/resource/Hip_house,Hip house,http://dbpedia.org/resource/Cactus_Jack_Records,Cactus Jack Records,http://dbpedia.org/resource/United_States,United States,7/28/2023
http://dbpedia.org/resource/Delresto_(Echoes),Delresto (Echoes),http://dbpedia.org/resource/Beyoncé,Beyoncé,performer,http://dbpedia.org/resource/Utopia_(Travis_Scott_album),Utopia (Travis Scott album),http://dbpedia.org/resource/Hip_house,Hip house,http://dbpedia.org/resource/Parkwood_Entertainment,Parkwood Entertainment,http://dbpedia.org/resource/United_States,United States,7/28/2023
http://dbpedia.org/resource/Find_Your_Way_Back_(Beyoncé_song),Find Your Way Back (Beyoncé song),http://dbpedia.org/resource/Beyoncé,Beyoncé,performer,http://dbpedia.org/resource/The_Lion_King:_The_Gift,The Lion King: The Gift,http://dbpedia.org/resource/Afro_house,Afro house,http://dbpedia.org/resource/Parkwood_Entertainment,Parkwood Entertainment,http://dbpedia.org/resource/United_States,United States,7/19/2019
http://dbpedia.org/resource/City_Boys,City Boys,http://dbpedia.org/resource/Burna_Boy,Burna Boy,performer,http://dbpedia.org/resource/I_Told_Them...,I Told Them...,http://dbpedia.org/resource/Afro_fusion,Afro fusion,http://dbpedia.org/resource/Spaceship_Records,Spaceship Records,http://dbpedia.org/resource/Nigeria,Nigeria,9/22/2023
http://dbpedia.org/resource/City_Boys,City Boys,http://dbpedia.org/resource/Burna_Boy,Burna Boy,performer,http://dbpedia.org/resource/I_Told_Them...,I Told Them...,http://dbpedia.org/resource/Afro_fusion,Afro fusion,http://dbpedia.org/resource/Spaceship_Records,Spaceship Records,http://dbpedia.org/resource/Nigeria,Nigeria,9/22/2023
http://dbpedia.org/resource/City_Boys,City Boys,http://dbpedia.org/resource/Burna_Boy,Burna Boy,performer,http://dbpedia.org/resource/I_Told_Them...,I Told Them...,http://dbpedia.org/resource/Afro_fusion,Afro fusion,http://dbpedia.org/resource/Spaceship_Records,Spaceship Collective,http://dbpedia.org/resource/Nigeria,Nigeria,9/22/2023
http://dbpedia.org/resource/City_Boys,City Boys,http://dbpedia.org/resource/Burna_Boy,Burna Boy,performer,http://dbpedia.org/resource/I_Told_Them...,I Told Them...,http://dbpedia.org/resource/Afro_fusion,Afro fusion,http://dbpedia.org/resource/Spaceship_Records,Spaceship Collective,http://dbpedia.org/resource/Nigeria,Nigeria,9/22/2023
http://dbpedia.org/resource/Find_Your_Way_Back_(Beyoncé_song),Find Your Way Back (Beyoncé song),http://dbpedia.org/resource/Beyoncé,Beyoncé,performer,http://dbpedia.org/resource/The_Lion_King:_The_Gift,The Lion King: The Gift,http://dbpedia.org/resource/African_popular_music,African popular music,http://dbpedia.org/resource/Parkwood_Entertainment,Parkwood Entertainment,http://dbpedia.org/resource/United_States,United States,7/19/2019
http://dbpedia.org/resource/Rush_(Ayra_Starr_song),Rush (Ayra Starr song),http://dbpedia.org/resource/Ayra_Starr,Ayra Starr,performer,http://dbpedia.org/resource/19_&_Dangerous,19 & Dangerous,,,http://dbpedia.org/resource/Mavin_Records,Mavin Records,http://dbpedia.org/resource/Benin,Benin,9/16/2022
http://dbpedia.org/resource/Evil_Ways_(Drake_song),Evil Ways (Drake song),http://dbpedia.org/resource/Drake_(musician),Drake (musician),performer,http://dbpedia.org/resource/For_All_the_Dogs_Scary_Hours_Edition,For All the Dogs Scary Hours Edition,,,http://dbpedia.org/resource/OVO_Sound,OVO Sound,http://dbpedia.org/resource/Canada,Canada,11/17/2023
http://dbpedia.org/resource/Man_Made_a_Bar,Man Made a Bar,http://dbpedia.org/resource/Morgan_Wallen,Morgan Wallen,performer,http://dbpedia.org/resource/One_Thing_at_a_Time,One Thing at a Time,http://dbpedia.org/resource/Country_music,Country music,http://dbpedia.org/resource/Big_Loud,Big Loud,,,11/13/2023
"http://dbpedia.org/resource/Brand_New_(Tyga,_YG_and_Lil_Wayne_song)","Brand New (Tyga, YG and Lil Wayne song)",http://dbpedia.org/resource/Tyga,Tyga,performer,http://dbpedia.org/resource/Hit_Me_When_U_Leave_the_Klub:_The_Playlist,Hit Me When U Leave the Klub: The Playlist,http://dbpedia.org/resource/Hip_hop_music,Hip hop music,http://dbpedia.org/resource/Empire_Distribution,Empire Distribution,,,9/27/2023
"http://dbpedia.org/resource/Brand_New_(Tyga,_YG_and_Lil_Wayne_song)","Brand New (Tyga, YG and Lil Wayne song)",http://dbpedia.org/resource/Tyga,Tyga,performer,http://dbpedia.org/resource/Hit_Me_When_U_Leave_the_Klub:_The_Playlist,Hit Me When U Leave the Klub: The Playlist,http://dbpedia.org/resource/Hip_hop_music,Hip-hop,http://dbpedia.org/resource/Empire_Distribution,Empire Distribution,,,9/27/2023
http://dbpedia.org/resource/2ndo_Chance,2ndo Chance,http://dbpedia.org/resource/Iván_Cornejo,Iván Cornejo,performer,http://dbpedia.org/resource/Esquinas_(album),Esquinas (album),http://dbpedia.org/resource/Latin_pop,Latin pop,http://dbpedia.org/resource/Kemosabe_Records,Kemosabe Records,,,9/27/2023
http://dbpedia.org/resource/Rush_(Ayra_Starr_song),Rush (Ayra Starr song),http://dbpedia.org/resource/Ayra_Starr,Ayra Starr,performer,http://dbpedia.org/resource/19_&_Dangerous,19 & Dangerous,,,http://dbpedia.org/resource/Mavin_Records,Mavin Records,,,9/16/2022
http://dbpedia.org/resource/Evil_Ways_(Drake_song),Evil Ways (Drake song),http://dbpedia.org/resource/Drake_(musician),Drake (musician),performer,http://dbpedia.org/resource/For_All_the_Dogs_Scary_Hours_Edition,For All the Dogs Scary Hours Edition,,,http://dbpedia.org/resource/OVO_Sound,OVO Sound,,,11/17/2023
http://dbpedia.org/resource/Lifeline_(Alicia_Keys_song),Lifeline (Alicia Keys song),http://dbpedia.org/resource/Alicia_Keys,Alicia Keys,performer,http://dbpedia.org/resource/The_Color_Purple_(2023_soundtrack),The Color Purple (2023 soundtrack),,,http://dbpedia.org/resource/Gamma_(media_company),Gamma (media company),,,11/27/2023
http://dbpedia.org/resource/Lagunas_(song),Lagunas (song),http://dbpedia.org/resource/Peso_Pluma,Peso Pluma,performer,http://dbpedia.org/resource/Génesis_(Peso_Pluma_album),Génesis (Peso Pluma album),http://dbpedia.org/resource/Urbano_music,Urbano music,,,http://dbpedia.org/resource/Mexico,Mexico,7/7/2023
http://dbpedia.org/resource/Lagunas_(song),Lagunas (song),http://dbpedia.org/resource/Peso_Pluma,Peso Pluma,performer,http://dbpedia.org/resource/Génesis_(Peso_Pluma_album),Génesis (Peso Pluma album),http://dbpedia.org/resource/Urbano_music,Urbano music,,,http://dbpedia.org/resource/Mexico,Mexico,7/7/2023
http://dbpedia.org/resource/Kaleidoscope_(Alicia_Keys_song),Kaleidoscope (Alicia Keys song),http://dbpedia.org/resource/Maleah_Joi_Moon,Maleah Joi Moon,performer,http://dbpedia.org/resource/Hell's_Kitchen_(Original_Broadway_Cast_Recording),Hell's Kitchen (Original Broadway Cast Recording),http://dbpedia.org/resource/Contemporary_R&B,Contemporary R&B,,,http://dbpedia.org/resource/United_States,United States,3/22/2024
http://dbpedia.org/resource/How_We_Roll_(Ciara_and_Chris_Brown_song),How We Roll (Ciara and Chris Brown song),http://dbpedia.org/resource/Ciara,Ciara,performer,http://dbpedia.org/resource/CiCi_(EP),CiCi (EP),http://dbpedia.org/resource/Contemporary_R&B,Contemporary R&B,,,http://dbpedia.org/resource/United_States,United States,8/4/2023
http://dbpedia.org/resource/Mojabi_Ghost,Mojabi Ghost,http://dbpedia.org/resource/Tainy,Tainy,performer,http://dbpedia.org/resource/Data_(album),Data (album),http://dbpedia.org/resource/Electropop,Electropop,,,http://dbpedia.org/resource/United_States,United States,6/29/2023
http://dbpedia.org/resource/Mojabi_Ghost,Mojabi Ghost,http://dbpedia.org/resource/Bad_Bunny,Bad Bunny,performer,http://dbpedia.org/resource/Data_(album),Data (album),http://dbpedia.org/resource/Electropop,Electropop,,,http://dbpedia.org/resource/United_States,United States,6/29/2023
http://dbpedia.org/resource/Mojabi_Ghost,Mojabi Ghost,http://dbpedia.org/resource/Tainy,Tainy,performer,http://dbpedia.org/resource/Data_(album),Data (album),http://dbpedia.org/resource/New_wave_music,New wave music,,,http://dbpedia.org/resource/United_States,United States,6/29/2023
http://dbpedia.org/resource/Mojabi_Ghost,Mojabi Ghost,http://dbpedia.org/resource/Bad_Bunny,Bad Bunny,performer,http://dbpedia.org/resource/Data_(album),Data (album),http://dbpedia.org/resource/New_wave_music,New wave music,,,http://dbpedia.org/resource/United_States,United States,6/29/2023
http://dbpedia.org/resource/Mojabi_Ghost,Mojabi Ghost,http://dbpedia.org/resource/Tainy,Tainy,performer,http://dbpedia.org/resource/Data_(album),Data (album),http://dbpedia.org/resource/Reggaeton,Reggaeton,,,http://dbpedia.org/resource/United_States,United States,6/29/2023
http://dbpedia.org/resource/Bellakeo,Bellakeo,http://dbpedia.org/resource/Peso_Pluma,Peso Pluma,performer,http://dbpedia.org/resource/Éxodo,Éxodo,http://dbpedia.org/resource/Reggaeton,Reggaeton,,,http://dbpedia.org/resource/Mexico,Mexico,12/7/2023
http://dbpedia.org/resource/Bellakeo,Bellakeo,http://dbpedia.org/resource/Peso_Pluma,Peso Pluma,performer,http://dbpedia.org/resource/Éxodo,Éxodo,http://dbpedia.org/resource/Reggaeton,Reggaeton,,,http://dbpedia.org/resource/Mexico,Mexico,12/7/2023
http://dbpedia.org/resource/Lagunas_(song),Lagunas (song),http://dbpedia.org/resource/Peso_Pluma,Peso Pluma,performer,http://dbpedia.org/resource/Génesis_(Peso_Pluma_album),Génesis (Peso Pluma album),http://dbpedia.org/resource/Reggaeton,Reggaeton,,,http://dbpedia.org/resource/Mexico,Mexico,7/7/2023
http://dbpedia.org/resource/Mojabi_Ghost,Mojabi Ghost,http://dbpedia.org/resource/Bad_Bunny,Bad Bunny,performer,http://dbpedia.org/resource/Data_(album),Data (album),http://dbpedia.org/resource/Reggaeton,Reggaeton,,,http://dbpedia.org/resource/United_States,United States,6/29/2023
http://dbpedia.org/resource/Lagunas_(song),Lagunas (song),http://dbpedia.org/resource/Peso_Pluma,Peso Pluma,performer,http://dbpedia.org/resource/Génesis_(Peso_Pluma_album),Génesis (Peso Pluma album),http://dbpedia.org/resource/Reggaeton,Reggaeton,,,http://dbpedia.org/resource/Mexico,Mexico,7/7/2023
http://dbpedia.org/resource/Rompe_la_Dompe,Rompe la Dompe,http://dbpedia.org/resource/Junior_H,Junior H,performer,http://dbpedia.org/resource/Éxodo,Éxodo,http://dbpedia.org/resource/Regional_Mexican,Regional Mexican,,,http://dbpedia.org/resource/Mexico,Mexico,12/28/2023
http://dbpedia.org/resource/Rompe_la_Dompe,Rompe la Dompe,http://dbpedia.org/resource/Peso_Pluma,Peso Pluma,performer,http://dbpedia.org/resource/Éxodo,Éxodo,http://dbpedia.org/resource/Regional_Mexican,Regional Mexican,,,http://dbpedia.org/resource/Mexico,Mexico,12/28/2023
http://dbpedia.org/resource/Rompe_la_Dompe,Rompe la Dompe,http://dbpedia.org/resource/Peso_Pluma,Peso Pluma,performer,http://dbpedia.org/resource/Éxodo,Éxodo,http://dbpedia.org/resource/Regional_Mexican,Regional Mexican,,,http://dbpedia.org/resource/Mexico,Mexico,12/28/2023
http://dbpedia.org/resource/Lagunas_(song),Lagunas (song),http://dbpedia.org/resource/Peso_Pluma,Peso Pluma,performer,http://dbpedia.org/resource/Génesis_(Peso_Pluma_album),Génesis (Peso Pluma album),http://dbpedia.org/resource/Trap_music,Trap music,,,http://dbpedia.org/resource/Mexico,Mexico,7/7/2023
http://dbpedia.org/resource/Lagunas_(song),Lagunas (song),http://dbpedia.org/resource/Peso_Pluma,Peso Pluma,performer,http://dbpedia.org/resource/Génesis_(Peso_Pluma_album),Génesis (Peso Pluma album),http://dbpedia.org/resource/Trap_music,Trap music,,,http://dbpedia.org/resource/Mexico,Mexico,7/7/2023
http://dbpedia.org/resource/Lagunas_(song),Lagunas (song),http://dbpedia.org/resource/Peso_Pluma,Peso Pluma,performer,http://dbpedia.org/resource/Génesis_(Peso_Pluma_album),Génesis (Peso Pluma album),http://dbpedia.org/resource/Drill,Drill,,,http://dbpedia.org/resource/Mexico,Mexico,7/7/2023
http://dbpedia.org/resource/Lagunas_(song),Lagunas (song),http://dbpedia.org/resource/Peso_Pluma,Peso Pluma,performer,http://dbpedia.org/resource/Génesis_(Peso_Pluma_album),Génesis (Peso Pluma album),http://dbpedia.org/resource/Drill,Drill,,,http://dbpedia.org/resource/Mexico,Mexico,7/7/2023
http://dbpedia.org/resource/Lagunas_(song),Lagunas (song),http://dbpedia.org/resource/Peso_Pluma,Peso Pluma,performer,http://dbpedia.org/resource/Génesis_(Peso_Pluma_album),Génesis (Peso Pluma album),http://dbpedia.org/resource/Norteño_(music),Norteño (music),,,http://dbpedia.org/resource/Mexico,Mexico,7/7/2023
http://dbpedia.org/resource/Lagunas_(song),Lagunas (song),http://dbpedia.org/resource/Peso_Pluma,Peso Pluma,performer,http://dbpedia.org/resource/Génesis_(Peso_Pluma_album),Génesis (Peso Pluma album),http://dbpedia.org/resource/Norteño_(music),Norteño (music),,,http://dbpedia.org/resource/Mexico,Mexico,7/7/2023
http://dbpedia.org/resource/Lagunas_(song),Lagunas (song),http://dbpedia.org/resource/Peso_Pluma,Peso Pluma,performer,http://dbpedia.org/resource/Génesis_(Peso_Pluma_album),Génesis (Peso Pluma album),http://dbpedia.org/resource/Corrido,Corrido,,,http://dbpedia.org/resource/Mexico,Mexico,7/7/2023
http://dbpedia.org/resource/Lagunas_(song),Lagunas (song),http://dbpedia.org/resource/Peso_Pluma,Peso Pluma,performer,http://dbpedia.org/resource/Génesis_(Peso_Pluma_album),Génesis (Peso Pluma album),http://dbpedia.org/resource/Corrido,Corrido,,,http://dbpedia.org/resource/Mexico,Mexico,7/7/2023
http://dbpedia.org/resource/Lagunas_(song),Lagunas (song),http://dbpedia.org/resource/Peso_Pluma,Peso Pluma,performer,http://dbpedia.org/resource/Génesis_(Peso_Pluma_album),Génesis (Peso Pluma album),http://dbpedia.org/resource/Nortec,Nortec,,,http://dbpedia.org/resource/Mexico,Mexico,7/7/2023
http://dbpedia.org/resource/Lagunas_(song),Lagunas (song),http://dbpedia.org/resource/Peso_Pluma,Peso Pluma,performer,http://dbpedia.org/resource/Génesis_(Peso_Pluma_album),Génesis (Peso Pluma album),http://dbpedia.org/resource/Nortec,Nortec,,,http://dbpedia.org/resource/Mexico,Mexico,7/7/2023
http://dbpedia.org/resource/Rompe_la_Dompe,Rompe la Dompe,http://dbpedia.org/resource/Peso_Pluma,Peso Pluma,performer,http://dbpedia.org/resource/Éxodo,Éxodo,http://dbpedia.org/resource/Corridos_tumbados,Corridos tumbados,,,http://dbpedia.org/resource/Mexico,Mexico,12/28/2023
http://dbpedia.org/resource/Rompe_la_Dompe,Rompe la Dompe,http://dbpedia.org/resource/Junior_H,Junior H,performer,http://dbpedia.org/resource/Éxodo,Éxodo,http://dbpedia.org/resource/Corridos_tumbados,Corridos tumbados,,,http://dbpedia.org/resource/Mexico,Mexico,12/28/2023
http://dbpedia.org/resource/Rompe_la_Dompe,Rompe la Dompe,http://dbpedia.org/resource/Peso_Pluma,Peso Pluma,performer,http://dbpedia.org/resource/Éxodo,Éxodo,http://dbpedia.org/resource/Corridos_tumbados,Corridos tumbados,,,http://dbpedia.org/resource/Mexico,Mexico,12/28/2023
http://dbpedia.org/resource/Lagunas_(song),Lagunas (song),http://dbpedia.org/resource/Peso_Pluma,Peso Pluma,performer,http://dbpedia.org/resource/Génesis_(Peso_Pluma_album),Génesis (Peso Pluma album),http://dbpedia.org/resource/Música_regional_mexicana,,,,http://dbpedia.org/resource/Mexico,Mexico,7/7/2023
http://dbpedia.org/resource/Lagunas_(song),Lagunas (song),http://dbpedia.org/resource/Peso_Pluma,Peso Pluma,performer,http://dbpedia.org/resource/Génesis_(Peso_Pluma_album),Génesis (Peso Pluma album),http://dbpedia.org/resource/Música_regional_mexicana,,,,http://dbpedia.org/resource/Mexico,Mexico,7/7/2023
http://dbpedia.org/resource/Ngiyeza,Ngiyeza,http://dbpedia.org/resource/Lwah_Ndlunkulu,Lwah Ndlunkulu,performer,http://dbpedia.org/resource/Imizwa,Imizwa,,,,,http://dbpedia.org/resource/South_Africa,South Africa,1/20/2023
http://dbpedia.org/resource/How_We_Roll_(Ciara_and_Chris_Brown_song),How We Roll (Ciara and Chris Brown song),http://dbpedia.org/resource/Ciara,Ciara,performer,http://dbpedia.org/resource/CiCi_(EP),CiCi (EP),http://dbpedia.org/resource/Contemporary_R&B,Contemporary R&B,,,,,8/4/2023
http://dbpedia.org/resource/American_Teenager,American Teenager,http://dbpedia.org/resource/Ethel_Cain,Ethel Cain,performer,http://dbpedia.org/resource/Preacher's_Daughter,Preacher's Daughter,http://dbpedia.org/resource/Pop_music,Pop music,,,,,4/21/2022
http://dbpedia.org/resource/Rompe_la_Dompe,Rompe la Dompe,http://dbpedia.org/resource/Óscar_Maydon,Óscar Maydon,performer,http://dbpedia.org/resource/Éxodo,Éxodo,http://dbpedia.org/resource/Regional_Mexican,Regional Mexican,,,,,12/28/2023
http://dbpedia.org/resource/Rompe_la_Dompe,Rompe la Dompe,http://dbpedia.org/resource/Óscar_Maydon,Óscar Maydon,performer,http://dbpedia.org/resource/Éxodo,Éxodo,http://dbpedia.org/resource/Regional_Mexican,Regional Mexican,,,,,12/28/2023
http://dbpedia.org/resource/American_Teenager,American Teenager,http://dbpedia.org/resource/Ethel_Cain,Ethel Cain,performer,http://dbpedia.org/resource/Preacher's_Daughter,Preacher's Daughter,http://dbpedia.org/resource/Heartland_rock,Heartland rock,,,,,4/21/2022
http://dbpedia.org/resource/Rompe_la_Dompe,Rompe la Dompe,http://dbpedia.org/resource/Óscar_Maydon,Óscar Maydon,performer,http://dbpedia.org/resource/Éxodo,Éxodo,http://dbpedia.org/resource/Corridos_tumbados,Corridos tumbados,,,,,12/28/2023
http://dbpedia.org/resource/Rompe_la_Dompe,Rompe la Dompe,http://dbpedia.org/resource/Óscar_Maydon,Óscar Maydon,performer,http://dbpedia.org/resource/Éxodo,Éxodo,http://dbpedia.org/resource/Corridos_tumbados,Corridos tumbados,,,,,12/28/2023
http://dbpedia.org/resource/Gibson_Girl_(song),Gibson Girl (song),http://dbpedia.org/resource/Ethel_Cain,Ethel Cain,performer,http://dbpedia.org/resource/Preacher's_Daughter,Preacher's Daughter,,,,,,,3/17/2022
http://dbpedia.org/resource/Conflicted_(song),Conflicted (song),http://dbpedia.org/resource/Kitt_Wakeley,Kitt Wakeley,performer,http://dbpedia.org/resource/Symphony_of_Sinners_&_Saints,Symphony of Sinners & Saints,,,,,,,2/26/2021
http://dbpedia.org/resource/Kaleidoscope_(Alicia_Keys_song),Kaleidoscope (Alicia Keys song),http://dbpedia.org/resource/Alicia_Keys,Alicia Keys,performer,http://dbpedia.org/resource/Hell's_Kitchen_(Original_Broadway_Cast_Recording),Hell's Kitchen (Original Broadway Cast Recording),http://dbpedia.org/resource/Contemporary_R&B,Contemporary R&B,,,,,3/22/2024
http://dbpedia.org/resource/Let_Your_Horses_Run,Let Your Horses Run,http://dbpedia.org/resource/Brett_Kissel,Brett Kissel,performer,http://dbpedia.org/resource/Brett_Kissel_discography,Brett Kissel discography,http://dbpedia.org/resource/Country_music,Country music,,,,,5/3/2024
http://dbpedia.org/resource/Ahead_of_Our_Time_(song),Ahead of Our Time (song),http://dbpedia.org/resource/James_Barker_Band,James Barker Band,performer,http://dbpedia.org/resource/Ahead_of_Our_Time,Ahead of Our Time,http://dbpedia.org/resource/Country_music,Country music,,,,,11/6/2023
http://dbpedia.org/resource/Big_FU,Big FU,http://dbpedia.org/resource/Ayra_Starr,Ayra Starr,performer,,,http://dbpedia.org/resource/Afrobeats,Afrobeats,http://dbpedia.org/resource/Warner_Music_Group,Warner Music Group,http://dbpedia.org/resource/Benin,Benin,10/27/2023
http://dbpedia.org/resource/Big_FU,Big FU,http://dbpedia.org/resource/Ayra_Starr,Ayra Starr,performer,,,http://dbpedia.org/resource/House_music,House music,http://dbpedia.org/resource/Warner_Music_Group,Warner Music Group,http://dbpedia.org/resource/Benin,Benin,10/27/2023
http://dbpedia.org/resource/Big_FU,Big FU,http://dbpedia.org/resource/Ayra_Starr,Ayra Starr,performer,,,http://dbpedia.org/resource/Hip_house,Hip house,http://dbpedia.org/resource/Warner_Music_Group,Warner Music Group,http://dbpedia.org/resource/Benin,Benin,10/27/2023
http://dbpedia.org/resource/Sability,Sability,http://dbpedia.org/resource/Ayra_Starr,Ayra Starr,performer,,,http://dbpedia.org/resource/African_popular_music,African popular music,http://dbpedia.org/resource/Mavin_Records,Mavin Records,http://dbpedia.org/resource/Benin,Benin,2/10/2023
http://dbpedia.org/resource/Moving_Blind,Moving Blind,http://dbpedia.org/resource/Sonny_Fodera,Sonny Fodera,performer,,,,,http://dbpedia.org/resource/Warner_Music_Australia,Warner Music Australia,http://dbpedia.org/resource/Australia,Australia,6/26/2020
http://dbpedia.org/resource/Cœur_(song),Cœur (song),http://dbpedia.org/resource/Zoé_Clauzure,Zoé Clauzure,performer,,,,,http://dbpedia.org/resource/Parlophone,Parlophone,http://dbpedia.org/resource/France,France,9/27/2023
http://dbpedia.org/resource/Cœur_(song),Cœur (song),http://dbpedia.org/resource/Zoé_Clauzure,Zoé Clauzure,performer,,,,,http://dbpedia.org/resource/List_of_Warner_Music_Group_labels,Warner Music Japan,http://dbpedia.org/resource/France,France,9/27/2023
http://dbpedia.org/resource/Cœur_(song),Cœur (song),http://dbpedia.org/resource/Zoé_Clauzure,Zoé Clauzure,performer,,,,,http://dbpedia.org/resource/List_of_Warner_Music_Group_labels,Warner Music Germany,http://dbpedia.org/resource/France,France,9/27/2023
http://dbpedia.org/resource/Cœur_(song),Cœur (song),http://dbpedia.org/resource/Zoé_Clauzure,Zoé Clauzure,performer,,,,,http://dbpedia.org/resource/List_of_Warner_Music_Group_labels,Warner Music Argentina,http://dbpedia.org/resource/France,France,9/27/2023
http://dbpedia.org/resource/Cœur_(song),Cœur (song),http://dbpedia.org/resource/Zoé_Clauzure,Zoé Clauzure,performer,,,,,http://dbpedia.org/resource/List_of_Warner_Music_Group_labels,Warner Music Brasil,http://dbpedia.org/resource/France,France,9/27/2023
http://dbpedia.org/resource/Cœur_(song),Cœur (song),http://dbpedia.org/resource/Zoé_Clauzure,Zoé Clauzure,performer,,,,,http://dbpedia.org/resource/List_of_Warner_Music_Group_labels,Warner Music Chile,http://dbpedia.org/resource/France,France,9/27/2023
http://dbpedia.org/resource/Cœur_(song),Cœur (song),http://dbpedia.org/resource/Zoé_Clauzure,Zoé Clauzure,performer,,,,,http://dbpedia.org/resource/List_of_Warner_Music_Group_labels,Warner Music Finland,http://dbpedia.org/resource/France,France,9/27/2023
http://dbpedia.org/resource/Cœur_(song),Cœur (song),http://dbpedia.org/resource/Zoé_Clauzure,Zoé Clauzure,performer,,,,,http://dbpedia.org/resource/List_of_Warner_Music_Group_labels,Warner Music Denmark,http://dbpedia.org/resource/France,France,9/27/2023
http://dbpedia.org/resource/Cœur_(song),Cœur (song),http://dbpedia.org/resource/Zoé_Clauzure,Zoé Clauzure,performer,,,,,http://dbpedia.org/resource/List_of_Warner_Music_Group_labels,Warner Music Malaysia,http://dbpedia.org/resource/France,France,9/27/2023
http://dbpedia.org/resource/Cœur_(song),Cœur (song),http://dbpedia.org/resource/Zoé_Clauzure,Zoé Clauzure,performer,,,,,http://dbpedia.org/resource/List_of_Warner_Music_Group_labels,Warner Music Taiwan,http://dbpedia.org/resource/France,France,9/27/2023
http://dbpedia.org/resource/Cœur_(song),Cœur (song),http://dbpedia.org/resource/Zoé_Clauzure,Zoé Clauzure,performer,,,,,http://dbpedia.org/resource/List_of_Warner_Music_Group_labels,Warner Music Hong Kong,http://dbpedia.org/resource/France,France,9/27/2023
http://dbpedia.org/resource/Cœur_(song),Cœur (song),http://dbpedia.org/resource/Zoé_Clauzure,Zoé Clauzure,performer,,,,,http://dbpedia.org/resource/List_of_Warner_Music_Group_labels,Warner Music Portugal,http://dbpedia.org/resource/France,France,9/27/2023
http://dbpedia.org/resource/Cœur_(song),Cœur (song),http://dbpedia.org/resource/Zoé_Clauzure,Zoé Clauzure,performer,,,,,http://dbpedia.org/resource/List_of_Warner_Music_Group_labels,Warner Music Nashville,http://dbpedia.org/resource/France,France,9/27/2023
http://dbpedia.org/resource/Cœur_(song),Cœur (song),http://dbpedia.org/resource/Zoé_Clauzure,Zoé Clauzure,performer,,,,,http://dbpedia.org/resource/List_of_Warner_Music_Group_labels,Warner Music Norway,http://dbpedia.org/resource/France,France,9/27/2023
http://dbpedia.org/resource/Cœur_(song),Cœur (song),http://dbpedia.org/resource/Zoé_Clauzure,Zoé Clauzure,performer,,,,,http://dbpedia.org/resource/List_of_Warner_Music_Group_labels,Warner Music France,http://dbpedia.org/resource/France,France,9/27/2023
http://dbpedia.org/resource/Cœur_(song),Cœur (song),http://dbpedia.org/resource/Zoé_Clauzure,Zoé Clauzure,performer,,,,,http://dbpedia.org/resource/List_of_Warner_Music_Group_labels,Warner Music Italy,http://dbpedia.org/resource/France,France,9/27/2023
http://dbpedia.org/resource/Cœur_(song),Cœur (song),http://dbpedia.org/resource/Zoé_Clauzure,Zoé Clauzure,performer,,,,,http://dbpedia.org/resource/List_of_Warner_Music_Group_labels,Warner Music Thailand,http://dbpedia.org/resource/France,France,9/27/2023
http://dbpedia.org/resource/Cœur_(song),Cœur (song),http://dbpedia.org/resource/Zoé_Clauzure,Zoé Clauzure,performer,,,,,http://dbpedia.org/resource/List_of_Warner_Music_Group_labels,Warner Music Russia,http://dbpedia.org/resource/France,France,9/27/2023
http://dbpedia.org/resource/Cœur_(song),Cœur (song),http://dbpedia.org/resource/Zoé_Clauzure,Zoé Clauzure,performer,,,,,http://dbpedia.org/resource/List_of_Warner_Music_Group_labels,Warner Music Indonesia,http://dbpedia.org/resource/France,France,9/27/2023
http://dbpedia.org/resource/Cœur_(song),Cœur (song),http://dbpedia.org/resource/Zoé_Clauzure,Zoé Clauzure,performer,,,,,http://dbpedia.org/resource/List_of_Warner_Music_Group_labels,Warner Music Spain,http://dbpedia.org/resource/France,France,9/27/2023
http://dbpedia.org/resource/Cœur_(song),Cœur (song),http://dbpedia.org/resource/Zoé_Clauzure,Zoé Clauzure,performer,,,,,http://dbpedia.org/resource/List_of_Warner_Music_Group_labels,Warner Music India,http://dbpedia.org/resource/France,France,9/27/2023
http://dbpedia.org/resource/Cœur_(song),Cœur (song),http://dbpedia.org/resource/Zoé_Clauzure,Zoé Clauzure,performer,,,,,http://dbpedia.org/resource/List_of_Warner_Music_Group_labels,Warner Music UK,http://dbpedia.org/resource/France,France,9/27/2023
http://dbpedia.org/resource/Cœur_(song),Cœur (song),http://dbpedia.org/resource/Zoé_Clauzure,Zoé Clauzure,performer,,,,,http://dbpedia.org/resource/List_of_Warner_Music_Group_labels,Warner Music Austria,http://dbpedia.org/resource/France,France,9/27/2023
http://dbpedia.org/resource/Euforia_(song),Euforia (song),http://dbpedia.org/resource/Annalisa,Annalisa,performer,,,http://dbpedia.org/resource/Synth-pop,Synth-pop,http://dbpedia.org/resource/List_of_Warner_Music_Group_labels,Warner Music Hong Kong,http://dbpedia.org/resource/Italy,Italy,11/17/2023
http://dbpedia.org/resource/Euforia_(song),Euforia (song),http://dbpedia.org/resource/Annalisa,Annalisa,performer,,,http://dbpedia.org/resource/Synth-pop,Synth-pop,http://dbpedia.org/resource/List_of_Warner_Music_Group_labels,Warner Music Denmark,http://dbpedia.org/resource/Italy,Italy,11/17/2023
http://dbpedia.org/resource/Euforia_(song),Euforia (song),http://dbpedia.org/resource/Annalisa,Annalisa,performer,,,http://dbpedia.org/resource/Synth-pop,Synth-pop,http://dbpedia.org/resource/List_of_Warner_Music_Group_labels,Warner Music Malaysia,http://dbpedia.org/resource/Italy,Italy,11/17/2023
http://dbpedia.org/resource/Euforia_(song),Euforia (song),http://dbpedia.org/resource/Annalisa,Annalisa,performer,,,http://dbpedia.org/resource/Synth-pop,Synth-pop,http://dbpedia.org/resource/List_of_Warner_Music_Group_labels,Warner Music Taiwan,http://dbpedia.org/resource/Italy,Italy,11/17/2023
http://dbpedia.org/resource/Euforia_(song),Euforia (song),http://dbpedia.org/resource/Annalisa,Annalisa,performer,,,http://dbpedia.org/resource/Synth-pop,Synth-pop,http://dbpedia.org/resource/List_of_Warner_Music_Group_labels,Warner Music Portugal,http://dbpedia.org/resource/Italy,Italy,11/17/2023
http://dbpedia.org/resource/Euforia_(song),Euforia (song),http://dbpedia.org/resource/Annalisa,Annalisa,performer,,,http://dbpedia.org/resource/Synth-pop,Synth-pop,http://dbpedia.org/resource/List_of_Warner_Music_Group_labels,Warner Music Brasil,http://dbpedia.org/resource/Italy,Italy,11/17/2023
http://dbpedia.org/resource/Euforia_(song),Euforia (song),http://dbpedia.org/resource/Annalisa,Annalisa,performer,,,http://dbpedia.org/resource/Synth-pop,Synth-pop,http://dbpedia.org/resource/List_of_Warner_Music_Group_labels,Warner Music Japan,http://dbpedia.org/resource/Italy,Italy,11/17/2023
http://dbpedia.org/resource/Euforia_(song),Euforia (song),http://dbpedia.org/resource/Annalisa,Annalisa,performer,,,http://dbpedia.org/resource/Synth-pop,Synth-pop,http://dbpedia.org/resource/List_of_Warner_Music_Group_labels,Warner Music Finland,http://dbpedia.org/resource/Italy,Italy,11/17/2023
http://dbpedia.org/resource/Euforia_(song),Euforia (song),http://dbpedia.org/resource/Annalisa,Annalisa,performer,,,http://dbpedia.org/resource/Synth-pop,Synth-pop,http://dbpedia.org/resource/List_of_Warner_Music_Group_labels,Warner Music Chile,http://dbpedia.org/resource/Italy,Italy,11/17/2023
http://dbpedia.org/resource/Euforia_(song),Euforia (song),http://dbpedia.org/resource/Annalisa,Annalisa,performer,,,http://dbpedia.org/resource/Synth-pop,Synth-pop,http://dbpedia.org/resource/List_of_Warner_Music_Group_labels,Warner Music Germany,http://dbpedia.org/resource/Italy,Italy,11/17/2023
http://dbpedia.org/resource/Euforia_(song),Euforia (song),http://dbpedia.org/resource/Annalisa,Annalisa,performer,,,http://dbpedia.org/resource/Synth-pop,Synth-pop,http://dbpedia.org/resource/List_of_Warner_Music_Group_labels,Warner Music Argentina,http://dbpedia.org/resource/Italy,Italy,11/17/2023
http://dbpedia.org/resource/Cœur_(song),Cœur (song),http://dbpedia.org/resource/Zoé_Clauzure,Zoé Clauzure,performer,,,,,http://dbpedia.org/resource/List_of_Warner_Music_Group_labels,Warner Music Belgium,http://dbpedia.org/resource/France,France,9/27/2023
http://dbpedia.org/resource/Cœur_(song),Cœur (song),http://dbpedia.org/resource/Zoé_Clauzure,Zoé Clauzure,performer,,,,,http://dbpedia.org/resource/List_of_Warner_Music_Group_labels,Warner Music Benelux,http://dbpedia.org/resource/France,France,9/27/2023
http://dbpedia.org/resource/Cœur_(song),Cœur (song),http://dbpedia.org/resource/Zoé_Clauzure,Zoé Clauzure,performer,,,,,http://dbpedia.org/resource/List_of_Warner_Music_Group_labels,Warner Music Central Europe,http://dbpedia.org/resource/France,France,9/27/2023
http://dbpedia.org/resource/Cœur_(song),Cœur (song),http://dbpedia.org/resource/Zoé_Clauzure,Zoé Clauzure,performer,,,,,http://dbpedia.org/resource/List_of_Warner_Music_Group_labels,Warner Music China,http://dbpedia.org/resource/France,France,9/27/2023
http://dbpedia.org/resource/Cœur_(song),Cœur (song),http://dbpedia.org/resource/Zoé_Clauzure,Zoé Clauzure,performer,,,,,http://dbpedia.org/resource/List_of_Warner_Music_Group_labels,Warner Music Colombia,http://dbpedia.org/resource/France,France,9/27/2023
http://dbpedia.org/resource/Cœur_(song),Cœur (song),http://dbpedia.org/resource/Zoé_Clauzure,Zoé Clauzure,performer,,,,,http://dbpedia.org/resource/List_of_Warner_Music_Group_labels,Warner Music Greece,http://dbpedia.org/resource/France,France,9/27/2023
http://dbpedia.org/resource/Cœur_(song),Cœur (song),http://dbpedia.org/resource/Zoé_Clauzure,Zoé Clauzure,performer,,,,,http://dbpedia.org/resource/List_of_Warner_Music_Group_labels,Warner Music Hungary,http://dbpedia.org/resource/France,France,9/27/2023
http://dbpedia.org/resource/Cœur_(song),Cœur (song),http://dbpedia.org/resource/Zoé_Clauzure,Zoé Clauzure,performer,,,,,http://dbpedia.org/resource/List_of_Warner_Music_Group_labels,Warner Music Ireland,http://dbpedia.org/resource/France,France,9/27/2023
http://dbpedia.org/resource/Cœur_(song),Cœur (song),http://dbpedia.org/resource/Zoé_Clauzure,Zoé Clauzure,performer,,,,,http://dbpedia.org/resource/List_of_Warner_Music_Group_labels,Warner Music Korea,http://dbpedia.org/resource/France,France,9/27/2023
http://dbpedia.org/resource/Cœur_(song),Cœur (song),http://dbpedia.org/resource/Zoé_Clauzure,Zoé Clauzure,performer,,,,,http://dbpedia.org/resource/List_of_Warner_Music_Group_labels,Warner Music México,http://dbpedia.org/resource/France,France,9/27/2023
http://dbpedia.org/resource/Cœur_(song),Cœur (song),http://dbpedia.org/resource/Zoé_Clauzure,Zoé Clauzure,performer,,,,,http://dbpedia.org/resource/List_of_Warner_Music_Group_labels,Warner Music Netherlands,http://dbpedia.org/resource/France,France,9/27/2023
http://dbpedia.org/resource/Cœur_(song),Cœur (song),http://dbpedia.org/resource/Zoé_Clauzure,Zoé Clauzure,performer,,,,,http://dbpedia.org/resource/List_of_Warner_Music_Group_labels,Warner Music New Zealand,http://dbpedia.org/resource/France,France,9/27/2023
http://dbpedia.org/resource/Cœur_(song),Cœur (song),http://dbpedia.org/resource/Zoé_Clauzure,Zoé Clauzure,performer,,,,,http://dbpedia.org/resource/List_of_Warner_Music_Group_labels,Warner Music Perú,http://dbpedia.org/resource/France,France,9/27/2023
http://dbpedia.org/resource/Cœur_(song),Cœur (song),http://dbpedia.org/resource/Zoé_Clauzure,Zoé Clauzure,performer,,,,,http://dbpedia.org/resource/List_of_Warner_Music_Group_labels,Warner Music Singapore,http://dbpedia.org/resource/France,France,9/27/2023
http://dbpedia.org/resource/Cœur_(song),Cœur (song),http://dbpedia.org/resource/Zoé_Clauzure,Zoé Clauzure,performer,,,,,http://dbpedia.org/resource/List_of_Warner_Music_Group_labels,Warner Music Switzerland,http://dbpedia.org/resource/France,France,9/27/2023
http://dbpedia.org/resource/Cœur_(song),Cœur (song),http://dbpedia.org/resource/Zoé_Clauzure,Zoé Clauzure,performer,,,,,http://dbpedia.org/resource/List_of_Warner_Music_Group_labels,List of Warner Music Group labels,http://dbpedia.org/resource/France,France,9/27/2023
http://dbpedia.org/resource/Cœur_(song),Cœur (song),http://dbpedia.org/resource/Zoé_Clauzure,Zoé Clauzure,performer,,,,,http://dbpedia.org/resource/List_of_Warner_Music_Group_labels,Play On (record label),http://dbpedia.org/resource/France,France,9/27/2023
http://dbpedia.org/resource/Bon_ton_(song),Bon ton (song),http://dbpedia.org/resource/Blanco_(singer),Blanco (singer),performer,,,,,http://dbpedia.org/resource/Island_Records,Island Records,http://dbpedia.org/resource/Italy,Italy,6/23/2023
http://dbpedia.org/resource/Bon_ton_(song),Bon ton (song),http://dbpedia.org/resource/Blanco_(singer),Blanco (singer),performer,,,,,http://dbpedia.org/resource/Universal_Music_Group,Universal Music Group,http://dbpedia.org/resource/Italy,Italy,6/23/2023
http://dbpedia.org/resource/Bon_ton_(song),Bon ton (song),http://dbpedia.org/resource/Michele_Zocca,Michele Zocca,performer,,,,,http://dbpedia.org/resource/Island_Records,Island Records,http://dbpedia.org/resource/Italy,Italy,6/23/2023
http://dbpedia.org/resource/Bon_ton_(song),Bon ton (song),http://dbpedia.org/resource/Michele_Zocca,Michele Zocca,performer,,,,,http://dbpedia.org/resource/Universal_Music_Group,Universal Music Group,http://dbpedia.org/resource/Italy,Italy,6/23/2023
http://dbpedia.org/resource/Die_4_You,Die 4 You,http://dbpedia.org/resource/Dean_(South_Korean_singer),Dean (South Korean singer),performer,,,http://dbpedia.org/resource/Alternative_R&B,Alternative R&B,http://dbpedia.org/resource/Universal_Music_Group,Universal Music Group,http://dbpedia.org/resource/South_Korea,South Korea,11/18/2023
http://dbpedia.org/resource/Euforia_(song),Euforia (song),http://dbpedia.org/resource/Annalisa,Annalisa,performer,,,http://dbpedia.org/resource/Synth-pop,Synth-pop,http://dbpedia.org/resource/List_of_Warner_Music_Group_labels,Warner Music Nashville,http://dbpedia.org/resource/Italy,Italy,11/17/2023
http://dbpedia.org/resource/Euforia_(song),Euforia (song),http://dbpedia.org/resource/Annalisa,Annalisa,performer,,,http://dbpedia.org/resource/Synth-pop,Synth-pop,http://dbpedia.org/resource/List_of_Warner_Music_Group_labels,Warner Music China,http://dbpedia.org/resource/Italy,Italy,11/17/2023
http://dbpedia.org/resource/Euforia_(song),Euforia (song),http://dbpedia.org/resource/Annalisa,Annalisa,performer,,,http://dbpedia.org/resource/Synth-pop,Synth-pop,http://dbpedia.org/resource/List_of_Warner_Music_Group_labels,Warner Music Belgium,http://dbpedia.org/resource/Italy,Italy,11/17/2023
http://dbpedia.org/resource/Euforia_(song),Euforia (song),http://dbpedia.org/resource/Annalisa,Annalisa,performer,,,http://dbpedia.org/resource/Synth-pop,Synth-pop,http://dbpedia.org/resource/List_of_Warner_Music_Group_labels,Warner Music Singapore,http://dbpedia.org/resource/Italy,Italy,11/17/2023
http://dbpedia.org/resource/Euforia_(song),Euforia (song),http://dbpedia.org/resource/Annalisa,Annalisa,performer,,,http://dbpedia.org/resource/Synth-pop,Synth-pop,http://dbpedia.org/resource/List_of_Warner_Music_Group_labels,Warner Music Austria,http://dbpedia.org/resource/Italy,Italy,11/17/2023
http://dbpedia.org/resource/Euforia_(song),Euforia (song),http://dbpedia.org/resource/Annalisa,Annalisa,performer,,,http://dbpedia.org/resource/Synth-pop,Synth-pop,http://dbpedia.org/resource/List_of_Warner_Music_Group_labels,Warner Music Russia,http://dbpedia.org/resource/Italy,Italy,11/17/2023
http://dbpedia.org/resource/Euforia_(song),Euforia (song),http://dbpedia.org/resource/Annalisa,Annalisa,performer,,,http://dbpedia.org/resource/Synth-pop,Synth-pop,http://dbpedia.org/resource/List_of_Warner_Music_Group_labels,Warner Music Colombia,http://dbpedia.org/resource/Italy,Italy,11/17/2023
http://dbpedia.org/resource/Euforia_(song),Euforia (song),http://dbpedia.org/resource/Annalisa,Annalisa,performer,,,http://dbpedia.org/resource/Synth-pop,Synth-pop,http://dbpedia.org/resource/List_of_Warner_Music_Group_labels,Warner Music UK,http://dbpedia.org/resource/Italy,Italy,11/17/2023
http://dbpedia.org/resource/Euforia_(song),Euforia (song),http://dbpedia.org/resource/Annalisa,Annalisa,performer,,,http://dbpedia.org/resource/Synth-pop,Synth-pop,http://dbpedia.org/resource/List_of_Warner_Music_Group_labels,Warner Music Greece,http://dbpedia.org/resource/Italy,Italy,11/17/2023
http://dbpedia.org/resource/Euforia_(song),Euforia (song),http://dbpedia.org/resource/Annalisa,Annalisa,performer,,,http://dbpedia.org/resource/Synth-pop,Synth-pop,http://dbpedia.org/resource/List_of_Warner_Music_Group_labels,Warner Music Korea,http://dbpedia.org/resource/Italy,Italy,11/17/2023
http://dbpedia.org/resource/Euforia_(song),Euforia (song),http://dbpedia.org/resource/Annalisa,Annalisa,performer,,,http://dbpedia.org/resource/Synth-pop,Synth-pop,http://dbpedia.org/resource/List_of_Warner_Music_Group_labels,Warner Music New Zealand,http://dbpedia.org/resource/Italy,Italy,11/17/2023
http://dbpedia.org/resource/Euforia_(song),Euforia (song),http://dbpedia.org/resource/Annalisa,Annalisa,performer,,,http://dbpedia.org/resource/Synth-pop,Synth-pop,http://dbpedia.org/resource/List_of_Warner_Music_Group_labels,Warner Music Central Europe,http://dbpedia.org/resource/Italy,Italy,11/17/2023
http://dbpedia.org/resource/Euforia_(song),Euforia (song),http://dbpedia.org/resource/Annalisa,Annalisa,performer,,,http://dbpedia.org/resource/Synth-pop,Synth-pop,http://dbpedia.org/resource/List_of_Warner_Music_Group_labels,Warner Music México,http://dbpedia.org/resource/Italy,Italy,11/17/2023
http://dbpedia.org/resource/Euforia_(song),Euforia (song),http://dbpedia.org/resource/Annalisa,Annalisa,performer,,,http://dbpedia.org/resource/Synth-pop,Synth-pop,http://dbpedia.org/resource/List_of_Warner_Music_Group_labels,Warner Music Spain,http://dbpedia.org/resource/Italy,Italy,11/17/2023
http://dbpedia.org/resource/Euforia_(song),Euforia (song),http://dbpedia.org/resource/Annalisa,Annalisa,performer,,,http://dbpedia.org/resource/Synth-pop,Synth-pop,http://dbpedia.org/resource/List_of_Warner_Music_Group_labels,Warner Music Hungary,http://dbpedia.org/resource/Italy,Italy,11/17/2023
http://dbpedia.org/resource/Euforia_(song),Euforia (song),http://dbpedia.org/resource/Annalisa,Annalisa,performer,,,http://dbpedia.org/resource/Synth-pop,Synth-pop,http://dbpedia.org/resource/List_of_Warner_Music_Group_labels,List of Warner Music Group labels,http://dbpedia.org/resource/Italy,Italy,11/17/2023
http://dbpedia.org/resource/Euforia_(song),Euforia (song),http://dbpedia.org/resource/Annalisa,Annalisa,performer,,,http://dbpedia.org/resource/Synth-pop,Synth-pop,http://dbpedia.org/resource/List_of_Warner_Music_Group_labels,Play On (record label),http://dbpedia.org/resource/Italy,Italy,11/17/2023
http://dbpedia.org/resource/Euforia_(song),Euforia (song),http://dbpedia.org/resource/Annalisa,Annalisa,performer,,,http://dbpedia.org/resource/Synth-pop,Synth-pop,http://dbpedia.org/resource/List_of_Warner_Music_Group_labels,Warner Music France,http://dbpedia.org/resource/Italy,Italy,11/17/2023
http://dbpedia.org/resource/Euforia_(song),Euforia (song),http://dbpedia.org/resource/Annalisa,Annalisa,performer,,,http://dbpedia.org/resource/Synth-pop,Synth-pop,http://dbpedia.org/resource/List_of_Warner_Music_Group_labels,Warner Music Netherlands,http://dbpedia.org/resource/Italy,Italy,11/17/2023
http://dbpedia.org/resource/Euforia_(song),Euforia (song),http://dbpedia.org/resource/Annalisa,Annalisa,performer,,,http://dbpedia.org/resource/Synth-pop,Synth-pop,http://dbpedia.org/resource/List_of_Warner_Music_Group_labels,Warner Music Perú,http://dbpedia.org/resource/Italy,Italy,11/17/2023
http://dbpedia.org/resource/Euforia_(song),Euforia (song),http://dbpedia.org/resource/Annalisa,Annalisa,performer,,,http://dbpedia.org/resource/Synth-pop,Synth-pop,http://dbpedia.org/resource/List_of_Warner_Music_Group_labels,Warner Music Thailand,http://dbpedia.org/resource/Italy,Italy,11/17/2023
http://dbpedia.org/resource/Euforia_(song),Euforia (song),http://dbpedia.org/resource/Annalisa,Annalisa,performer,,,http://dbpedia.org/resource/Synth-pop,Synth-pop,http://dbpedia.org/resource/List_of_Warner_Music_Group_labels,Warner Music Ireland,http://dbpedia.org/resource/Italy,Italy,11/17/2023
http://dbpedia.org/resource/Euforia_(song),Euforia (song),http://dbpedia.org/resource/Annalisa,Annalisa,performer,,,http://dbpedia.org/resource/Synth-pop,Synth-pop,http://dbpedia.org/resource/List_of_Warner_Music_Group_labels,Warner Music Benelux,http://dbpedia.org/resource/Italy,Italy,11/17/2023
http://dbpedia.org/resource/Euforia_(song),Euforia (song),http://dbpedia.org/resource/Annalisa,Annalisa,performer,,,http://dbpedia.org/resource/Synth-pop,Synth-pop,http://dbpedia.org/resource/List_of_Warner_Music_Group_labels,Warner Music Norway,http://dbpedia.org/resource/Italy,Italy,11/17/2023
http://dbpedia.org/resource/Euforia_(song),Euforia (song),http://dbpedia.org/resource/Annalisa,Annalisa,performer,,,http://dbpedia.org/resource/Synth-pop,Synth-pop,http://dbpedia.org/resource/List_of_Warner_Music_Group_labels,Warner Music Indonesia,http://dbpedia.org/resource/Italy,Italy,11/17/2023
http://dbpedia.org/resource/Euforia_(song),Euforia (song),http://dbpedia.org/resource/Annalisa,Annalisa,performer,,,http://dbpedia.org/resource/Synth-pop,Synth-pop,http://dbpedia.org/resource/List_of_Warner_Music_Group_labels,Warner Music Italy,http://dbpedia.org/resource/Italy,Italy,11/17/2023
http://dbpedia.org/resource/Euforia_(song),Euforia (song),http://dbpedia.org/resource/Annalisa,Annalisa,performer,,,http://dbpedia.org/resource/Synth-pop,Synth-pop,http://dbpedia.org/resource/List_of_Warner_Music_Group_labels,Warner Music Switzerland,http://dbpedia.org/resource/Italy,Italy,11/17/2023
http://dbpedia.org/resource/Euforia_(song),Euforia (song),http://dbpedia.org/resource/Annalisa,Annalisa,performer,,,http://dbpedia.org/resource/Synth-pop,Synth-pop,http://dbpedia.org/resource/List_of_Warner_Music_Group_labels,Warner Music India,http://dbpedia.org/resource/Italy,Italy,11/17/2023
http://dbpedia.org/resource/My_House_(Beyoncé_song),My House (Beyoncé song),http://dbpedia.org/resource/Beyoncé,Beyoncé,performer,,,http://dbpedia.org/resource/Hip_house,Hip house,http://dbpedia.org/resource/Columbia_Records,Columbia Records,http://dbpedia.org/resource/United_States,United States,12/1/2023
http://dbpedia.org/resource/My_House_(Beyoncé_song),My House (Beyoncé song),http://dbpedia.org/resource/Beyoncé,Beyoncé,performer,,,http://dbpedia.org/resource/Hip_house,Hip house,http://dbpedia.org/resource/Parkwood_Entertainment,Parkwood Entertainment,http://dbpedia.org/resource/United_States,United States,12/1/2023
http://dbpedia.org/resource/My_House_(Beyoncé_song),My House (Beyoncé song),http://dbpedia.org/resource/Beyoncé,Beyoncé,performer,,,http://dbpedia.org/resource/Trap_music,Trap music,http://dbpedia.org/resource/Parkwood_Entertainment,Parkwood Entertainment,http://dbpedia.org/resource/United_States,United States,12/1/2023
http://dbpedia.org/resource/My_House_(Beyoncé_song),My House (Beyoncé song),http://dbpedia.org/resource/Beyoncé,Beyoncé,performer,,,http://dbpedia.org/resource/Trap_music,Trap music,http://dbpedia.org/resource/Columbia_Records,Columbia Records,http://dbpedia.org/resource/United_States,United States,12/1/2023
http://dbpedia.org/resource/Asibe_Happy,Asibe Happy,http://dbpedia.org/resource/Ami_Faku,Ami Faku,performer,,,http://dbpedia.org/resource/Amapiano,Amapiano,http://dbpedia.org/resource/Sony_Music,Sony Music,http://dbpedia.org/resource/South_Africa,South Africa,11/12/2021
http://dbpedia.org/resource/Asibe_Happy,Asibe Happy,http://dbpedia.org/resource/Ami_Faku,Ami Faku,performer,,,http://dbpedia.org/resource/Amapiano,Amapiano,http://dbpedia.org/resource/Sony_Music,Sony Music Canada,http://dbpedia.org/resource/South_Africa,South Africa,11/12/2021
http://dbpedia.org/resource/Asibe_Happy,Asibe Happy,http://dbpedia.org/resource/Ami_Faku,Ami Faku,performer,,,http://dbpedia.org/resource/Amapiano,Amapiano,http://dbpedia.org/resource/Sony_Music,Higher Ground Records,http://dbpedia.org/resource/South_Africa,South Africa,11/12/2021
http://dbpedia.org/resource/Asibe_Happy,Asibe Happy,http://dbpedia.org/resource/Ami_Faku,Ami Faku,performer,,,http://dbpedia.org/resource/Amapiano,Amapiano,http://dbpedia.org/resource/Sony_Music,Sony Music UK,http://dbpedia.org/resource/South_Africa,South Africa,11/12/2021
http://dbpedia.org/resource/Big_FU,Big FU,http://dbpedia.org/resource/Ayra_Starr,Ayra Starr,performer,,,http://dbpedia.org/resource/Afrobeats,Afrobeats,http://dbpedia.org/resource/Warner_Music_Group,Warner Music Group,,,10/27/2023
http://dbpedia.org/resource/Die_4_You,Die 4 You,http://dbpedia.org/resource/Dean_(South_Korean_singer),Dean (South Korean singer),performer,,,http://dbpedia.org/resource/Alternative_R&B,Alternative R&B,http://dbpedia.org/resource/Universal_Music_Group,Universal Music Group,,,11/18/2023
http://dbpedia.org/resource/Big_FU,Big FU,http://dbpedia.org/resource/Ayra_Starr,Ayra Starr,performer,,,http://dbpedia.org/resource/House_music,House music,http://dbpedia.org/resource/Warner_Music_Group,Warner Music Group,,,10/27/2023
http://dbpedia.org/resource/Pedestal_(Aiko_song),Pedestal (Aiko song),http://dbpedia.org/resource/Aiko_(Czech_singer),Aiko (Czech singer),performer,,,http://dbpedia.org/resource/Pop-punk,Pop-punk,http://dbpedia.org/resource/Independent_music,Independent music,,,3/21/2024
http://dbpedia.org/resource/Pedestal_(Aiko_song),Pedestal (Aiko song),http://dbpedia.org/resource/Aiko_(Czech_singer),Aiko (Czech singer),performer,,,http://dbpedia.org/resource/Pop-punk,Pop-punk,http://dbpedia.org/resource/Independent_music,Independent music,,,9/22/2023
http://dbpedia.org/resource/Pedestal_(Aiko_song),Pedestal (Aiko song),http://dbpedia.org/resource/Aiko_(Czech_singer),Aiko (Czech singer),performer,,,http://dbpedia.org/resource/Pop_rock,Pop rock,http://dbpedia.org/resource/Independent_music,Independent music,,,3/21/2024
http://dbpedia.org/resource/Pedestal_(Aiko_song),Pedestal (Aiko song),http://dbpedia.org/resource/Aiko_(Czech_singer),Aiko (Czech singer),performer,,,http://dbpedia.org/resource/Pop_rock,Pop rock,http://dbpedia.org/resource/Independent_music,Independent music,,,9/22/2023
http://dbpedia.org/resource/Ain't_Doin'_Jack,Ain't Doin' Jack,http://dbpedia.org/resource/Josh_Ross,Josh Ross,performer,,,http://dbpedia.org/resource/Country_rock,Country rock,http://dbpedia.org/resource/Universal_Music_Canada,Universal Music Canada,,,7/14/2023
http://dbpedia.org/resource/Big_FU,Big FU,http://dbpedia.org/resource/Ayra_Starr,Ayra Starr,performer,,,http://dbpedia.org/resource/Hip_house,Hip house,http://dbpedia.org/resource/Warner_Music_Group,Warner Music Group,,,10/27/2023
http://dbpedia.org/resource/Sability,Sability,http://dbpedia.org/resource/Ayra_Starr,Ayra Starr,performer,,,http://dbpedia.org/resource/African_popular_music,African popular music,http://dbpedia.org/resource/Mavin_Records,Mavin Records,,,2/10/2023
http://dbpedia.org/resource/Bon_ton_(song),Bon ton (song),http://dbpedia.org/resource/Blanco_(singer),Blanco (singer),performer,,,,,http://dbpedia.org/resource/Island_Records,Island Records,,,6/23/2023
http://dbpedia.org/resource/Bon_ton_(song),Bon ton (song),http://dbpedia.org/resource/Blanco_(singer),Blanco (singer),performer,,,,,http://dbpedia.org/resource/Universal_Music_Group,Universal Music Group,,,6/23/2023
http://dbpedia.org/resource/Cœur_(song),Cœur (song),http://dbpedia.org/resource/Zoé_Clauzure,Zoé Clauzure,performer,,,,,http://dbpedia.org/resource/Parlophone,Parlophone,,,9/27/2023
http://dbpedia.org/resource/Cœur_(song),Cœur (song),http://dbpedia.org/resource/Zoé_Clauzure,Zoé Clauzure,performer,,,,,http://dbpedia.org/resource/List_of_Warner_Music_Group_labels,Warner Music Japan,,,9/27/2023
http://dbpedia.org/resource/Cœur_(song),Cœur (song),http://dbpedia.org/resource/Zoé_Clauzure,Zoé Clauzure,performer,,,,,http://dbpedia.org/resource/List_of_Warner_Music_Group_labels,Warner Music Germany,,,9/27/2023
http://dbpedia.org/resource/Cœur_(song),Cœur (song),http://dbpedia.org/resource/Zoé_Clauzure,Zoé Clauzure,performer,,,,,http://dbpedia.org/resource/List_of_Warner_Music_Group_labels,Warner Music Argentina,,,9/27/2023
http://dbpedia.org/resource/Cœur_(song),Cœur (song),http://dbpedia.org/resource/Zoé_Clauzure,Zoé Clauzure,performer,,,,,http://dbpedia.org/resource/List_of_Warner_Music_Group_labels,Warner Music Brasil,,,9/27/2023
http://dbpedia.org/resource/Cœur_(song),Cœur (song),http://dbpedia.org/resource/Zoé_Clauzure,Zoé Clauzure,performer,,,,,http://dbpedia.org/resource/List_of_Warner_Music_Group_labels,Warner Music Chile,,,9/27/2023
http://dbpedia.org/resource/Cœur_(song),Cœur (song),http://dbpedia.org/resource/Zoé_Clauzure,Zoé Clauzure,performer,,,,,http://dbpedia.org/resource/List_of_Warner_Music_Group_labels,Warner Music Finland,,,9/27/2023
http://dbpedia.org/resource/Cœur_(song),Cœur (song),http://dbpedia.org/resource/Zoé_Clauzure,Zoé Clauzure,performer,,,,,http://dbpedia.org/resource/List_of_Warner_Music_Group_labels,Warner Music Denmark,,,9/27/2023
http://dbpedia.org/resource/Cœur_(song),Cœur (song),http://dbpedia.org/resource/Zoé_Clauzure,Zoé Clauzure,performer,,,,,http://dbpedia.org/resource/List_of_Warner_Music_Group_labels,Warner Music Malaysia,,,9/27/2023
http://dbpedia.org/resource/Cœur_(song),Cœur (song),http://dbpedia.org/resource/Zoé_Clauzure,Zoé Clauzure,performer,,,,,http://dbpedia.org/resource/List_of_Warner_Music_Group_labels,Warner Music Taiwan,,,9/27/2023
http://dbpedia.org/resource/Cœur_(song),Cœur (song),http://dbpedia.org/resource/Zoé_Clauzure,Zoé Clauzure,performer,,,,,http://dbpedia.org/resource/List_of_Warner_Music_Group_labels,Warner Music Hong Kong,,,9/27/2023
http://dbpedia.org/resource/Cœur_(song),Cœur (song),http://dbpedia.org/resource/Zoé_Clauzure,Zoé Clauzure,performer,,,,,http://dbpedia.org/resource/List_of_Warner_Music_Group_labels,Warner Music Portugal,,,9/27/2023
http://dbpedia.org/resource/Cœur_(song),Cœur (song),http://dbpedia.org/resource/Zoé_Clauzure,Zoé Clauzure,performer,,,,,http://dbpedia.org/resource/List_of_Warner_Music_Group_labels,Warner Music Nashville,,,9/27/2023
http://dbpedia.org/resource/Cœur_(song),Cœur (song),http://dbpedia.org/resource/Zoé_Clauzure,Zoé Clauzure,performer,,,,,http://dbpedia.org/resource/List_of_Warner_Music_Group_labels,Warner Music Norway,,,9/27/2023
http://dbpedia.org/resource/Cœur_(song),Cœur (song),http://dbpedia.org/resource/Zoé_Clauzure,Zoé Clauzure,performer,,,,,http://dbpedia.org/resource/List_of_Warner_Music_Group_labels,Warner Music France,,,9/27/2023
http://dbpedia.org/resource/Cœur_(song),Cœur (song),http://dbpedia.org/resource/Zoé_Clauzure,Zoé Clauzure,performer,,,,,http://dbpedia.org/resource/List_of_Warner_Music_Group_labels,Warner Music Italy,,,9/27/2023
http://dbpedia.org/resource/Cœur_(song),Cœur (song),http://dbpedia.org/resource/Zoé_Clauzure,Zoé Clauzure,performer,,,,,http://dbpedia.org/resource/List_of_Warner_Music_Group_labels,Warner Music Thailand,,,9/27/2023
http://dbpedia.org/resource/Cœur_(song),Cœur (song),http://dbpedia.org/resource/Zoé_Clauzure,Zoé Clauzure,performer,,,,,http://dbpedia.org/resource/List_of_Warner_Music_Group_labels,Warner Music Russia,,,9/27/2023
http://dbpedia.org/resource/Cœur_(song),Cœur (song),http://dbpedia.org/resource/Zoé_Clauzure,Zoé Clauzure,performer,,,,,http://dbpedia.org/resource/List_of_Warner_Music_Group_labels,Warner Music Indonesia,,,9/27/2023
http://dbpedia.org/resource/Cœur_(song),Cœur (song),http://dbpedia.org/resource/Zoé_Clauzure,Zoé Clauzure,performer,,,,,http://dbpedia.org/resource/List_of_Warner_Music_Group_labels,Warner Music Spain,,,9/27/2023
http://dbpedia.org/resource/Cœur_(song),Cœur (song),http://dbpedia.org/resource/Zoé_Clauzure,Zoé Clauzure,performer,,,,,http://dbpedia.org/resource/List_of_Warner_Music_Group_labels,Warner Music India,,,9/27/2023
http://dbpedia.org/resource/Cœur_(song),Cœur (song),http://dbpedia.org/resource/Zoé_Clauzure,Zoé Clauzure,performer,,,,,http://dbpedia.org/resource/List_of_Warner_Music_Group_labels,Warner Music UK,,,9/27/2023
http://dbpedia.org/resource/Cœur_(song),Cœur (song),http://dbpedia.org/resource/Zoé_Clauzure,Zoé Clauzure,performer,,,,,http://dbpedia.org/resource/List_of_Warner_Music_Group_labels,Warner Music Austria,,,9/27/2023
http://dbpedia.org/resource/Cœur_(song),Cœur (song),http://dbpedia.org/resource/Zoé_Clauzure,Zoé Clauzure,performer,,,,,http://dbpedia.org/resource/List_of_Warner_Music_Group_labels,Warner Music Belgium,,,9/27/2023
http://dbpedia.org/resource/Cœur_(song),Cœur (song),http://dbpedia.org/resource/Zoé_Clauzure,Zoé Clauzure,performer,,,,,http://dbpedia.org/resource/List_of_Warner_Music_Group_labels,Warner Music Benelux,,,9/27/2023
http://dbpedia.org/resource/Cœur_(song),Cœur (song),http://dbpedia.org/resource/Zoé_Clauzure,Zoé Clauzure,performer,,,,,http://dbpedia.org/resource/List_of_Warner_Music_Group_labels,Warner Music Central Europe,,,9/27/2023
http://dbpedia.org/resource/Cœur_(song),Cœur (song),http://dbpedia.org/resource/Zoé_Clauzure,Zoé Clauzure,performer,,,,,http://dbpedia.org/resource/List_of_Warner_Music_Group_labels,Warner Music China,,,9/27/2023
http://dbpedia.org/resource/Cœur_(song),Cœur (song),http://dbpedia.org/resource/Zoé_Clauzure,Zoé Clauzure,performer,,,,,http://dbpedia.org/resource/List_of_Warner_Music_Group_labels,Warner Music Colombia,,,9/27/2023
http://dbpedia.org/resource/Cœur_(song),Cœur (song),http://dbpedia.org/resource/Zoé_Clauzure,Zoé Clauzure,performer,,,,,http://dbpedia.org/resource/List_of_Warner_Music_Group_labels,Warner Music Greece,,,9/27/2023
http://dbpedia.org/resource/Cœur_(song),Cœur (song),http://dbpedia.org/resource/Zoé_Clauzure,Zoé Clauzure,performer,,,,,http://dbpedia.org/resource/List_of_Warner_Music_Group_labels,Warner Music Hungary,,,9/27/2023
http://dbpedia.org/resource/Cœur_(song),Cœur (song),http://dbpedia.org/resource/Zoé_Clauzure,Zoé Clauzure,performer,,,,,http://dbpedia.org/resource/List_of_Warner_Music_Group_labels,Warner Music Ireland,,,9/27/2023
http://dbpedia.org/resource/Cœur_(song),Cœur (song),http://dbpedia.org/resource/Zoé_Clauzure,Zoé Clauzure,performer,,,,,http://dbpedia.org/resource/List_of_Warner_Music_Group_labels,Warner Music Korea,,,9/27/2023
http://dbpedia.org/resource/Cœur_(song),Cœur (song),http://dbpedia.org/resource/Zoé_Clauzure,Zoé Clauzure,performer,,,,,http://dbpedia.org/resource/List_of_Warner_Music_Group_labels,Warner Music México,,,9/27/2023
http://dbpedia.org/resource/Cœur_(song),Cœur (song),http://dbpedia.org/resource/Zoé_Clauzure,Zoé Clauzure,performer,,,,,http://dbpedia.org/resource/List_of_Warner_Music_Group_labels,Warner Music Netherlands,,,9/27/2023
http://dbpedia.org/resource/Cœur_(song),Cœur (song),http://dbpedia.org/resource/Zoé_Clauzure,Zoé Clauzure,performer,,,,,http://dbpedia.org/resource/List_of_Warner_Music_Group_labels,Warner Music New Zealand,,,9/27/2023
http://dbpedia.org/resource/Cœur_(song),Cœur (song),http://dbpedia.org/resource/Zoé_Clauzure,Zoé Clauzure,performer,,,,,http://dbpedia.org/resource/List_of_Warner_Music_Group_labels,Warner Music Perú,,,9/27/2023
http://dbpedia.org/resource/Cœur_(song),Cœur (song),http://dbpedia.org/resource/Zoé_Clauzure,Zoé Clauzure,performer,,,,,http://dbpedia.org/resource/List_of_Warner_Music_Group_labels,Warner Music Singapore,,,9/27/2023
http://dbpedia.org/resource/Cœur_(song),Cœur (song),http://dbpedia.org/resource/Zoé_Clauzure,Zoé Clauzure,performer,,,,,http://dbpedia.org/resource/List_of_Warner_Music_Group_labels,Warner Music Switzerland,,,9/27/2023
http://dbpedia.org/resource/Cœur_(song),Cœur (song),http://dbpedia.org/resource/Zoé_Clauzure,Zoé Clauzure,performer,,,,,http://dbpedia.org/resource/List_of_Warner_Music_Group_labels,List of Warner Music Group labels,,,9/27/2023
http://dbpedia.org/resource/Cœur_(song),Cœur (song),http://dbpedia.org/resource/Zoé_Clauzure,Zoé Clauzure,performer,,,,,http://dbpedia.org/resource/List_of_Warner_Music_Group_labels,Play On (record label),,,9/27/2023
http://dbpedia.org/resource/Big_FU,Big FU,http://dbpedia.org/resource/David_Guetta,David Guetta,performer,,,http://dbpedia.org/resource/Afrobeats,Afrobeats,http://dbpedia.org/resource/Warner_Music_Group,Warner Music Group,,,10/27/2023
http://dbpedia.org/resource/Proper_Christmas,Proper Christmas,http://dbpedia.org/resource/Kunt_and_the_Gang,Kunt and the Gang,performer,,,http://dbpedia.org/resource/Comedy_music,Comedy music,http://dbpedia.org/resource/Official_culture,Official culture,,,12/8/2023
http://dbpedia.org/resource/Match_for_My_Memory,Match for My Memory,http://dbpedia.org/resource/Robyn_Ottolini,Robyn Ottolini,performer,,,http://dbpedia.org/resource/Country_music,Country music,http://dbpedia.org/resource/Empire_Distribution,Empire Distribution,,,4/28/2023
http://dbpedia.org/resource/Biri-Biri,Biri-Biri,http://dbpedia.org/resource/Yoasobi,Yoasobi,performer,,,http://dbpedia.org/resource/Electropop,Electropop,http://dbpedia.org/resource/Sony_Music_Entertainment_Japan,Sony Music Entertainment Japan,,,11/18/2023
http://dbpedia.org/resource/Big_FU,Big FU,http://dbpedia.org/resource/David_Guetta,David Guetta,performer,,,http://dbpedia.org/resource/House_music,House music,http://dbpedia.org/resource/Warner_Music_Group,Warner Music Group,,,10/27/2023
http://dbpedia.org/resource/Proper_Christmas,Proper Christmas,http://dbpedia.org/resource/Kunt_and_the_Gang,Kunt and the Gang,performer,,,http://dbpedia.org/resource/Punk_rock,Punk rock,http://dbpedia.org/resource/Official_culture,Official culture,,,12/8/2023
http://dbpedia.org/resource/Home_Tonight_/_In_a_Hurry,Home Tonight / In a Hurry,http://dbpedia.org/resource/Paul_McCartney,Paul McCartney,performer,,,http://dbpedia.org/resource/Rock_music,Rock music,http://dbpedia.org/resource/Capitol_Records,Capitol Records,,,11/22/2019
http://dbpedia.org/resource/(Nendest)_narkootikumidest_ei_tea_me_(küll)_midagi,(Nendest) narkootikumidest ei tea me (küll) midagi,http://dbpedia.org/resource/Puuluup,Puuluup,performer,,,http://dbpedia.org/resource/Folktronica,Folktronica,http://dbpedia.org/resource/Universal_Music_Group,Universal Music Group,,,12/8/2023
http://dbpedia.org/resource/(Nendest)_narkootikumidest_ei_tea_me_(küll)_midagi,(Nendest) narkootikumidest ei tea me (küll) midagi,http://dbpedia.org/resource/Puuluup,Puuluup,performer,,,http://dbpedia.org/resource/Hip_house,Hip house,http://dbpedia.org/resource/Universal_Music_Group,Universal Music Group,,,12/8/2023
http://dbpedia.org/resource/Big_FU,Big FU,http://dbpedia.org/resource/David_Guetta,David Guetta,performer,,,http://dbpedia.org/resource/Hip_house,Hip house,http://dbpedia.org/resource/Warner_Music_Group,Warner Music Group,,,10/27/2023
http://dbpedia.org/resource/Heart_Beat_(Yoasobi_song),Heart Beat (Yoasobi song),http://dbpedia.org/resource/Yoasobi,Yoasobi,performer,,,http://dbpedia.org/resource/J-pop,J-pop,http://dbpedia.org/resource/Sony_Music_Entertainment_Japan,Sony Music Entertainment Japan,,,12/26/2023
http://dbpedia.org/resource/(Nendest)_narkootikumidest_ei_tea_me_(küll)_midagi,(Nendest) narkootikumidest ei tea me (küll) midagi,http://dbpedia.org/resource/Puuluup,Puuluup,performer,,,http://dbpedia.org/resource/Psychedelic_folk,Psychedelic folk,http://dbpedia.org/resource/Universal_Music_Group,Universal Music Group,,,12/8/2023
http://dbpedia.org/resource/Akatsuki_no_Requiem,Akatsuki no Requiem,http://dbpedia.org/resource/Sound_Horizon,Sound Horizon,performer,,,http://dbpedia.org/resource/Anime_song,Anime song,http://dbpedia.org/resource/Pony_Canyon,Pony Canyon,,,9/19/2018
http://dbpedia.org/resource/DNA_(Loving_You),DNA (Loving You),http://dbpedia.org/resource/Billy_Gillies,Billy Gillies,performer,,,http://dbpedia.org/resource/Trance_music,Trance music,http://dbpedia.org/resource/Big_Beat_Records_(American_record_label),Big Beat Records (American record label),,,7/28/2023
http://dbpedia.org/resource/Overdrive_(Ofenbach_song),Overdrive (Ofenbach song),http://dbpedia.org/resource/Ofenbach_(DJs),Ofenbach (DJs),performer,,,,,http://dbpedia.org/resource/Elektra_France,Elektra France,,,10/6/2023
http://dbpedia.org/resource/Bon_ton_(song),Bon ton (song),http://dbpedia.org/resource/Drillionaire,Drillionaire,performer,,,,,http://dbpedia.org/resource/Island_Records,Island Records,,,6/23/2023
http://dbpedia.org/resource/Bon_ton_(song),Bon ton (song),http://dbpedia.org/resource/Drillionaire,Drillionaire,performer,,,,,http://dbpedia.org/resource/Universal_Music_Group,Universal Music Group,,,6/23/2023
http://dbpedia.org/resource/Phuze,Phuze,http://dbpedia.org/resource/Dlala_Thukzin,Dlala Thukzin,performer,,,http://dbpedia.org/resource/Dance_music,Dance music,,,http://dbpedia.org/resource/South_Africa,South Africa,7/30/2021
http://dbpedia.org/resource/IPlan,IPlan,http://dbpedia.org/resource/Dlala_Thukzin,Dlala Thukzin,performer,,,http://dbpedia.org/resource/Dance_music,Dance music,,,http://dbpedia.org/resource/South_Africa,South Africa,9/15/2023
http://dbpedia.org/resource/Phuze,Phuze,http://dbpedia.org/resource/Dlala_Thukzin,Dlala Thukzin,performer,,,http://dbpedia.org/resource/Dance_music,Dance music,,,http://dbpedia.org/resource/South_Africa,South Africa,7/30/2021
http://dbpedia.org/resource/IPlan,IPlan,http://dbpedia.org/resource/Dlala_Thukzin,Dlala Thukzin,performer,,,http://dbpedia.org/resource/Dance_music,Dance music,,,http://dbpedia.org/resource/South_Africa,South Africa,9/15/2023
http://dbpedia.org/resource/Phuze,Phuze,http://dbpedia.org/resource/Dlala_Thukzin,Dlala Thukzin,performer,,,http://dbpedia.org/resource/Dance_music,Dance music,,,http://dbpedia.org/resource/South_Africa,South Africa,3/26/2021
http://dbpedia.org/resource/Phuze,Phuze,http://dbpedia.org/resource/Dlala_Thukzin,Dlala Thukzin,performer,,,http://dbpedia.org/resource/Dance_music,Dance music,,,http://dbpedia.org/resource/South_Africa,South Africa,3/26/2021
http://dbpedia.org/resource/Noam's_Song_2,Noam's Song 2,http://dbpedia.org/resource/Maor_Ashkenazi,Maor Ashkenazi,performer,,,http://dbpedia.org/resource/Trap_music,Trap music,,,http://dbpedia.org/resource/Israel,Israel,11/12/2023
http://dbpedia.org/resource/Phuze,Phuze,http://dbpedia.org/resource/Dlala_Thukzin,Dlala Thukzin,performer,,,http://dbpedia.org/resource/Afro_tech,Afro tech,,,http://dbpedia.org/resource/South_Africa,South Africa,3/26/2021
http://dbpedia.org/resource/IPlan,IPlan,http://dbpedia.org/resource/Dlala_Thukzin,Dlala Thukzin,performer,,,http://dbpedia.org/resource/Afro_tech,Afro tech,,,http://dbpedia.org/resource/South_Africa,South Africa,9/15/2023
http://dbpedia.org/resource/Phuze,Phuze,http://dbpedia.org/resource/Dlala_Thukzin,Dlala Thukzin,performer,,,http://dbpedia.org/resource/Afro_tech,Afro tech,,,http://dbpedia.org/resource/South_Africa,South Africa,3/26/2021
http://dbpedia.org/resource/IPlan,IPlan,http://dbpedia.org/resource/Dlala_Thukzin,Dlala Thukzin,performer,,,http://dbpedia.org/resource/Afro_tech,Afro tech,,,http://dbpedia.org/resource/South_Africa,South Africa,9/15/2023
http://dbpedia.org/resource/Phuze,Phuze,http://dbpedia.org/resource/Dlala_Thukzin,Dlala Thukzin,performer,,,http://dbpedia.org/resource/Afro_tech,Afro tech,,,http://dbpedia.org/resource/South_Africa,South Africa,7/30/2021
http://dbpedia.org/resource/Phuze,Phuze,http://dbpedia.org/resource/Dlala_Thukzin,Dlala Thukzin,performer,,,http://dbpedia.org/resource/Afro_tech,Afro tech,,,http://dbpedia.org/resource/South_Africa,South Africa,7/30/2021
http://dbpedia.org/resource/IPlan,IPlan,http://dbpedia.org/resource/Dlala_Thukzin,Dlala Thukzin,performer,,,http://dbpedia.org/resource/Gqom,Gqom,,,http://dbpedia.org/resource/South_Africa,South Africa,9/15/2023
http://dbpedia.org/resource/IPlan,IPlan,http://dbpedia.org/resource/Dlala_Thukzin,Dlala Thukzin,performer,,,http://dbpedia.org/resource/Gqom,Gqom,,,http://dbpedia.org/resource/South_Africa,South Africa,9/15/2023
http://dbpedia.org/resource/Atmosphere_(Fisher_song),Atmosphere (Fisher song),http://dbpedia.org/resource/Fisher_(musician),Fisher (musician),performer,,,http://dbpedia.org/resource/Tech_house,Tech house,,,http://dbpedia.org/resource/Australia,Australia,8/11/2023
http://dbpedia.org/resource/Atmosphere_(Fisher_song),Atmosphere (Fisher song),http://dbpedia.org/resource/Kita_Alexander,Kita Alexander,performer,,,http://dbpedia.org/resource/Tech_house,Tech house,,,http://dbpedia.org/resource/Australia,Australia,8/11/2023
http://dbpedia.org/resource/Noam's_Song_2,Noam's Song 2,http://dbpedia.org/resource/Maor_Ashkenazi,Maor Ashkenazi,performer,,,http://dbpedia.org/resource/Israeli_hip_hop,Israeli hip hop,,,http://dbpedia.org/resource/Israel,Israel,11/12/2023
http://dbpedia.org/resource/Noam's_Song_2,Noam's Song 2,http://dbpedia.org/resource/Maor_Ashkenazi,Maor Ashkenazi,performer,,,http://dbpedia.org/resource/Israeli_hip_hop,Israeli hip-hop,,,http://dbpedia.org/resource/Israel,Israel,11/12/2023
http://dbpedia.org/resource/Boost_Up,Boost Up,http://dbpedia.org/resource/Fisher_(musician),Fisher (musician),performer,,,,,,,http://dbpedia.org/resource/Australia,Australia,8/9/2024
http://dbpedia.org/resource/Atmosphere_(Fisher_song),Atmosphere (Fisher song),http://dbpedia.org/resource/Fisher_(musician),Fisher (musician),performer,,,http://dbpedia.org/resource/Tech_house,Tech house,,,,,8/11/2023
http://dbpedia.org/resource/Atmosphere_(Fisher_song),Atmosphere (Fisher song),http://dbpedia.org/resource/Kita_Alexander,Kita Alexander,performer,,,http://dbpedia.org/resource/Tech_house,Tech house,,,,,8/11/2023
http://dbpedia.org/resource/Boost_Up,Boost Up,http://dbpedia.org/resource/Fisher_(musician),Fisher (musician),performer,,,,,,,,,8/9/2024
http://dbpedia.org/resource/Dalie,Dalie,http://dbpedia.org/resource/Tyler_ICU,Tyler ICU,performer,,,http://dbpedia.org/resource/Amapiano,Amapiano,,,,,10/11/2023
http://dbpedia.org/resource/Find_My_Way_(Paul_McCartney_song)__Find_My_Way__1,,http://dbpedia.org/resource/Beck,Beck,performer,http://dbpedia.org/resource/McCartney_III_Imagined,McCartney III Imagined,http://dbpedia.org/resource/Funk,Funk,http://dbpedia.org/resource/Capitol_Records,Capitol Records,http://dbpedia.org/resource/United_States,United States,3/25/2021
http://dbpedia.org/resource/Find_My_Way_(Paul_McCartney_song)__Find_My_Way__1,,http://dbpedia.org/resource/Beck,Beck,performer,http://dbpedia.org/resource/McCartney_III_Imagined,McCartney III Imagined,http://dbpedia.org/resource/Funk,Funk,http://dbpedia.org/resource/Capitol_Records,Capitol Records,http://dbpedia.org/resource/United_States_women's_national_soccer_team,United States women's national soccer team,3/25/2021
http://dbpedia.org/resource/Find_My_Way_(Paul_McCartney_song)__Find_My_Way__1,,http://dbpedia.org/resource/Paul_McCartney,Paul McCartney,performer,http://dbpedia.org/resource/McCartney_III_Imagined,McCartney III Imagined,http://dbpedia.org/resource/Funk,Funk,http://dbpedia.org/resource/Capitol_Records,Capitol Records,,,3/25/2021
http://dbpedia.org/resource/Buga_(song),Buga (song),http://dbpedia.org/resource/Kizz_Daniel,Kizz Daniel,performer,http://dbpedia.org/resource/Maverick_(Kizz_Daniel_album),Maverick (Kizz Daniel album),http://dbpedia.org/resource/Afrobeats,Afrobeats,http://dbpedia.org/resource/Empire_Distribution,Empire Distribution,http://dbpedia.org/resource/Nigeria,Nigeria,5/4/2022
http://dbpedia.org/resource/Gwagwalada_(song),Gwagwalada (song),http://dbpedia.org/resource/Bnxn,Bnxn,performer,"http://dbpedia.org/resource/Sincerely,_Benson","Sincerely, Benson",http://dbpedia.org/resource/Afrobeats,Afrobeats,http://dbpedia.org/resource/Empire_Distribution,Empire Distribution,http://dbpedia.org/resource/Nigeria,Nigeria,2/16/2023
http://dbpedia.org/resource/Gwagwalada_(song),Gwagwalada (song),http://dbpedia.org/resource/Kizz_Daniel,Kizz Daniel,performer,"http://dbpedia.org/resource/Sincerely,_Benson","Sincerely, Benson",http://dbpedia.org/resource/Afrobeats,Afrobeats,http://dbpedia.org/resource/Empire_Distribution,Empire Distribution,http://dbpedia.org/resource/Nigeria,Nigeria,2/16/2023
http://dbpedia.org/resource/RTID_(Rich_Till_I_Die),RTID (Rich Till I Die),http://dbpedia.org/resource/Kizz_Daniel,Kizz Daniel,performer,http://dbpedia.org/resource/Maverick_(Kizz_Daniel_album),Maverick (Kizz Daniel album),http://dbpedia.org/resource/Afrobeats,Afrobeats,http://dbpedia.org/resource/Empire_Distribution,Empire Distribution,http://dbpedia.org/resource/Nigeria,Nigeria,1/6/2023
http://dbpedia.org/resource/Por_el_Contrario,Por el Contrario,http://dbpedia.org/resource/Leonardo_Aguilar,Leonardo Aguilar,performer,http://dbpedia.org/resource/Encuentros_(Becky_G_album),Encuentros (Becky G album),http://dbpedia.org/resource/Mariachi,Mariachi,http://dbpedia.org/resource/RCA_Records,RCA Records,http://dbpedia.org/resource/Mexico,Mexico,12/13/2023
http://dbpedia.org/resource/Por_el_Contrario,Por el Contrario,http://dbpedia.org/resource/Leonardo_Aguilar,Leonardo Aguilar,performer,http://dbpedia.org/resource/Encuentros_(Becky_G_album),Encuentros,http://dbpedia.org/resource/Mariachi,Mariachi,http://dbpedia.org/resource/RCA_Records,RCA Records,http://dbpedia.org/resource/Mexico,Mexico,12/13/2023
http://dbpedia.org/resource/Por_el_Contrario,Por el Contrario,http://dbpedia.org/resource/Leonardo_Aguilar,Leonardo Aguilar,performer,http://dbpedia.org/resource/Esquinas_(album),Esquinas (album),http://dbpedia.org/resource/Mariachi,Mariachi,http://dbpedia.org/resource/RCA_Records,RCA Records,http://dbpedia.org/resource/Mexico,Mexico,12/13/2023
http://dbpedia.org/resource/Por_el_Contrario,Por el Contrario,http://dbpedia.org/resource/Leonardo_Aguilar,Leonardo Aguilar,performer,http://dbpedia.org/resource/Encuentros_(Becky_G_album),Encuentros (Becky G album),http://dbpedia.org/resource/Mariachi,Mariachi,http://dbpedia.org/resource/Kemosabe_Records,Kemosabe Records,http://dbpedia.org/resource/Mexico,Mexico,12/13/2023
http://dbpedia.org/resource/Por_el_Contrario,Por el Contrario,http://dbpedia.org/resource/Leonardo_Aguilar,Leonardo Aguilar,performer,http://dbpedia.org/resource/Encuentros_(Becky_G_album),Encuentros,http://dbpedia.org/resource/Mariachi,Mariachi,http://dbpedia.org/resource/Kemosabe_Records,Kemosabe Records,http://dbpedia.org/resource/Mexico,Mexico,12/13/2023
http://dbpedia.org/resource/Por_el_Contrario,Por el Contrario,http://dbpedia.org/resource/Leonardo_Aguilar,Leonardo Aguilar,performer,http://dbpedia.org/resource/Esquinas_(album),Esquinas (album),http://dbpedia.org/resource/Mariachi,Mariachi,http://dbpedia.org/resource/Kemosabe_Records,Kemosabe Records,http://dbpedia.org/resource/Mexico,Mexico,12/13/2023
http://dbpedia.org/resource/Por_el_Contrario,Por el Contrario,http://dbpedia.org/resource/Ángela_Aguilar,Ángela Aguilar,performer,http://dbpedia.org/resource/Encuentros_(Becky_G_album),Encuentros (Becky G album),http://dbpedia.org/resource/Mariachi,Mariachi,http://dbpedia.org/resource/RCA_Records,RCA Records,http://dbpedia.org/resource/United_States_women's_national_soccer_team,United States women's national soccer team,12/13/2023
http://dbpedia.org/resource/Por_el_Contrario,Por el Contrario,http://dbpedia.org/resource/Ángela_Aguilar,Ángela Aguilar,performer,http://dbpedia.org/resource/Encuentros_(Becky_G_album),Encuentros,http://dbpedia.org/resource/Mariachi,Mariachi,http://dbpedia.org/resource/RCA_Records,RCA Records,http://dbpedia.org/resource/United_States_women's_national_soccer_team,United States women's national soccer team,12/13/2023
http://dbpedia.org/resource/Por_el_Contrario,Por el Contrario,http://dbpedia.org/resource/Ángela_Aguilar,Ángela Aguilar,performer,http://dbpedia.org/resource/Esquinas_(album),Esquinas (album),http://dbpedia.org/resource/Mariachi,Mariachi,http://dbpedia.org/resource/RCA_Records,RCA Records,http://dbpedia.org/resource/United_States_women's_national_soccer_team,United States women's national soccer team,12/13/2023
http://dbpedia.org/resource/Por_el_Contrario,Por el Contrario,http://dbpedia.org/resource/Ángela_Aguilar,Ángela Aguilar,performer,http://dbpedia.org/resource/Encuentros_(Becky_G_album),Encuentros (Becky G album),http://dbpedia.org/resource/Mariachi,Mariachi,http://dbpedia.org/resource/Kemosabe_Records,Kemosabe Records,http://dbpedia.org/resource/United_States_women's_national_soccer_team,United States women's national soccer team,12/13/2023
http://dbpedia.org/resource/Por_el_Contrario,Por el Contrario,http://dbpedia.org/resource/Ángela_Aguilar,Ángela Aguilar,performer,http://dbpedia.org/resource/Encuentros_(Becky_G_album),Encuentros,http://dbpedia.org/resource/Mariachi,Mariachi,http://dbpedia.org/resource/Kemosabe_Records,Kemosabe Records,http://dbpedia.org/resource/United_States_women's_national_soccer_team,United States women's national soccer team,12/13/2023
http://dbpedia.org/resource/Por_el_Contrario,Por el Contrario,http://dbpedia.org/resource/Ángela_Aguilar,Ángela Aguilar,performer,http://dbpedia.org/resource/Esquinas_(album),Esquinas (album),http://dbpedia.org/resource/Mariachi,Mariachi,http://dbpedia.org/resource/Kemosabe_Records,Kemosabe Records,http://dbpedia.org/resource/United_States_women's_national_soccer_team,United States women's national soccer team,12/13/2023
http://dbpedia.org/resource/Not_My_Fault_(song),Not My Fault (song),http://dbpedia.org/resource/Megan_Thee_Stallion,Megan Thee Stallion,performer,http://dbpedia.org/resource/Mean_Girls_(2024_soundtrack),Mean Girls (2024 soundtrack),http://dbpedia.org/resource/Styles_of_pop_music,Disco-pop,http://dbpedia.org/resource/Interscope_Records,Interscope Records,http://dbpedia.org/resource/United_States,United States,12/15/2023
http://dbpedia.org/resource/Not_My_Fault_(song),Not My Fault (song),http://dbpedia.org/resource/Megan_Thee_Stallion,Megan Thee Stallion,performer,http://dbpedia.org/resource/Mean_Girls_(2024_soundtrack),Mean Girls (2024 soundtrack),http://dbpedia.org/resource/Styles_of_pop_music,Styles of pop music,http://dbpedia.org/resource/Interscope_Records,Interscope Records,http://dbpedia.org/resource/United_States,United States,12/15/2023
http://dbpedia.org/resource/Life_(Gen_Hoshino_song),Life (Gen Hoshino song),http://dbpedia.org/resource/Gen_Hoshino,Gen Hoshino,performer,http://dbpedia.org/resource/Gen_(album),Gen (album),http://dbpedia.org/resource/Contemporary_R&B,Contemporary R&B,http://dbpedia.org/resource/Victor_Entertainment,Victor Entertainment,http://dbpedia.org/resource/Japan,Japan,8/14/2023
http://dbpedia.org/resource/Harley_Quinn_(song),Harley Quinn (song),http://dbpedia.org/resource/Marshmello,Marshmello,performer,http://dbpedia.org/resource/Pa_Las_Baby's_y_Belikeada,Pa Las Baby's y Belikeada,http://dbpedia.org/resource/Electronic_dance_music,Electronic dance music,http://dbpedia.org/resource/Sony_Music_Latin,Sony Music Latin,http://dbpedia.org/resource/United_States,United States,12/14/2023
http://dbpedia.org/resource/Harley_Quinn_(song),Harley Quinn (song),http://dbpedia.org/resource/Marshmello,Marshmello,performer,http://dbpedia.org/resource/Pa_Las_Baby's_y_Belikeada,Pa Las Baby's y Belikeada,http://dbpedia.org/resource/Electronic_dance_music,Electronic dance music,http://dbpedia.org/resource/Sony_Music_Latin,Sony Music Latin,http://dbpedia.org/resource/United_States,United States,12/14/2023
http://dbpedia.org/resource/Harley_Quinn_(song),Harley Quinn (song),http://dbpedia.org/resource/Marshmello,Marshmello,performer,http://dbpedia.org/resource/Pa_Las_Baby's_y_Belikeada,Pa Las Baby's y Belikeada,http://dbpedia.org/resource/House_music,House music,http://dbpedia.org/resource/Sony_Music_Latin,Sony Music Latin,http://dbpedia.org/resource/United_States,United States,12/14/2023
http://dbpedia.org/resource/Harley_Quinn_(song),Harley Quinn (song),http://dbpedia.org/resource/Marshmello,Marshmello,performer,http://dbpedia.org/resource/Pa_Las_Baby's_y_Belikeada,Pa Las Baby's y Belikeada,http://dbpedia.org/resource/House_music,House music,http://dbpedia.org/resource/Sony_Music_Latin,Sony Music Latin,http://dbpedia.org/resource/United_States,United States,12/14/2023
http://dbpedia.org/resource/Out_of_My_System_(Louis_Tomlinson_song),Out of My System (Louis Tomlinson song),http://dbpedia.org/resource/Louis_Tomlinson,Louis Tomlinson,performer,http://dbpedia.org/resource/Faith_in_the_Future_(Louis_Tomlinson_album),Faith in the Future (Louis Tomlinson album),http://dbpedia.org/resource/Pop-punk,Pop-punk,http://dbpedia.org/resource/BMG_Rights_Management,BMG Rights Management,http://dbpedia.org/resource/United_Kingdom,United Kingdom,10/14/2022
http://dbpedia.org/resource/Satellite_(Bebe_Rexha_and_Snoop_Dogg_song),Satellite (Bebe Rexha and Snoop Dogg song),http://dbpedia.org/resource/Bebe_Rexha,Bebe Rexha,performer,http://dbpedia.org/resource/Bebe_(album),Bebe (album),http://dbpedia.org/resource/Pop_music,Pop music,http://dbpedia.org/resource/Warner_Records,Warner Records,http://dbpedia.org/resource/United_States,United States,4/19/2023
http://dbpedia.org/resource/Satellite_(Bebe_Rexha_and_Snoop_Dogg_song),Satellite (Bebe Rexha and Snoop Dogg song),http://dbpedia.org/resource/Bebe_Rexha,Bebe Rexha,performer,http://dbpedia.org/resource/Bebe_(album),Bebe (album),http://dbpedia.org/resource/Pop_music,Pop music,http://dbpedia.org/resource/Warner_Records,Warner Bros. Records,http://dbpedia.org/resource/United_States,United States,4/19/2023
http://dbpedia.org/resource/Cobra_(Megan_Thee_Stallion_song),Cobra (Megan Thee Stallion song),http://dbpedia.org/resource/Megan_Thee_Stallion,Megan Thee Stallion,performer,http://dbpedia.org/resource/Megan_(album),Megan (album),http://dbpedia.org/resource/Rap_rock,Rap rock,http://dbpedia.org/resource/Megan_Thee_Stallion,Megan Thee Stallion,http://dbpedia.org/resource/United_States,United States,11/3/2023
http://dbpedia.org/resource/Eureka_(Gen_Hoshino_song),Eureka (Gen Hoshino song),http://dbpedia.org/resource/Gen_Hoshino,Gen Hoshino,performer,http://dbpedia.org/resource/Gen_(album),Gen (album),http://dbpedia.org/resource/Soul_music,Soul music,http://dbpedia.org/resource/Victor_Entertainment,Victor Entertainment,http://dbpedia.org/resource/Japan,Japan,1/28/2025
http://dbpedia.org/resource/Go_Home_W_U,Go Home W U,http://dbpedia.org/resource/Keith_Urban,Keith Urban,performer,http://dbpedia.org/resource/High_(Keith_Urban_album),High (Keith Urban album),http://dbpedia.org/resource/Country_pop,Country pop,http://dbpedia.org/resource/Capitol_Records_Nashville,Capitol Records Nashville,http://dbpedia.org/resource/New_Zealand,New Zealand,5/3/2024
"http://dbpedia.org/resource/Bebé,_Perdón","Bebé, Perdón",http://dbpedia.org/resource/Thalía,Thalía,performer,http://dbpedia.org/resource/A_Mucha_Honra,A Mucha Honra,http://dbpedia.org/resource/Regional_Mexican,Regional Mexican,http://dbpedia.org/resource/Sony_Music_Latin,Sony Music Latin,http://dbpedia.org/resource/Mexico,Mexico,10/4/2023
http://dbpedia.org/resource/Choro_(song),Choro (song),http://dbpedia.org/resource/Thalía,Thalía,performer,http://dbpedia.org/resource/A_Mucha_Honra,A Mucha Honra,http://dbpedia.org/resource/Regional_Mexican,Regional Mexican,http://dbpedia.org/resource/Sony_Music_Latin,Sony Music Latin,http://dbpedia.org/resource/Mexico,Mexico,11/30/2023
http://dbpedia.org/resource/Harley_Quinn_(song),Harley Quinn (song),http://dbpedia.org/resource/Marshmello,Marshmello,performer,http://dbpedia.org/resource/Pa_Las_Baby's_y_Belikeada,Pa Las Baby's y Belikeada,http://dbpedia.org/resource/Regional_Mexican,Regional Mexican,http://dbpedia.org/resource/Sony_Music_Latin,Sony Music Latin,http://dbpedia.org/resource/United_States,United States,12/14/2023
http://dbpedia.org/resource/Harley_Quinn_(song),Harley Quinn (song),http://dbpedia.org/resource/Marshmello,Marshmello,performer,http://dbpedia.org/resource/Pa_Las_Baby's_y_Belikeada,Pa Las Baby's y Belikeada,http://dbpedia.org/resource/Regional_Mexican,Regional Mexican,http://dbpedia.org/resource/Sony_Music_Latin,Sony Music Latin,http://dbpedia.org/resource/United_States,United States,12/14/2023
http://dbpedia.org/resource/Quando_nevica,Quando nevica,http://dbpedia.org/resource/Elisa_(Italian_singer),Elisa (Italian singer),performer,http://dbpedia.org/resource/Intimate_–_Recordings_at_Abbey_Road_Studios,Intimate – Recordings at Abbey Road Studios,http://dbpedia.org/resource/Power_ballad,Power ballad,http://dbpedia.org/resource/Island_Records,Island Records,http://dbpedia.org/resource/Italy,Italy,11/24/2023
http://dbpedia.org/resource/Quando_nevica,Quando nevica,http://dbpedia.org/resource/Elisa_(Italian_singer),Elisa (Italian singer),performer,http://dbpedia.org/resource/Intimate_–_Recordings_at_Abbey_Road_Studios,Intimate – Recordings at Abbey Road Studios,http://dbpedia.org/resource/Power_ballad,Power ballad,http://dbpedia.org/resource/Universal_Music_Group,Universal Music Group,http://dbpedia.org/resource/Italy,Italy,11/24/2023
http://dbpedia.org/resource/I_Wanna_Be_Your_Ghost,I Wanna Be Your Ghost,http://dbpedia.org/resource/Gen_Hoshino,Gen Hoshino,performer,http://dbpedia.org/resource/Gen_(album),Gen (album),http://dbpedia.org/resource/Dance_music,Dance music,http://dbpedia.org/resource/Victor_Entertainment,Victor Entertainment,http://dbpedia.org/resource/Japan,Japan,7/18/2022
http://dbpedia.org/resource/Not_My_Fault_(song),Not My Fault (song),http://dbpedia.org/resource/Megan_Thee_Stallion,Megan Thee Stallion,performer,http://dbpedia.org/resource/Mean_Girls_(2024_soundtrack),Mean Girls (2024 soundtrack),http://dbpedia.org/resource/Disco,Disco,http://dbpedia.org/resource/Interscope_Records,Interscope Records,http://dbpedia.org/resource/United_States,United States,12/15/2023
http://dbpedia.org/resource/Satellite_(Bebe_Rexha_and_Snoop_Dogg_song),Satellite (Bebe Rexha and Snoop Dogg song),http://dbpedia.org/resource/Bebe_Rexha,Bebe Rexha,performer,http://dbpedia.org/resource/Bebe_(album),Bebe (album),http://dbpedia.org/resource/Disco,Disco,http://dbpedia.org/resource/Warner_Records,Warner Records,http://dbpedia.org/resource/United_States,United States,4/19/2023
http://dbpedia.org/resource/Satellite_(Bebe_Rexha_and_Snoop_Dogg_song),Satellite (Bebe Rexha and Snoop Dogg song),http://dbpedia.org/resource/Bebe_Rexha,Bebe Rexha,performer,http://dbpedia.org/resource/Bebe_(album),Bebe (album),http://dbpedia.org/resource/Disco,Disco,http://dbpedia.org/resource/Warner_Records,Warner Bros. Records,http://dbpedia.org/resource/United_States,United States,4/19/2023
http://dbpedia.org/resource/Cobra_(Megan_Thee_Stallion_song),Cobra (Megan Thee Stallion song),http://dbpedia.org/resource/Megan_Thee_Stallion,Megan Thee Stallion,performer,http://dbpedia.org/resource/Megan_(album),Megan (album),http://dbpedia.org/resource/Emo_rap,Emo rap,http://dbpedia.org/resource/Megan_Thee_Stallion,Megan Thee Stallion,http://dbpedia.org/resource/United_States,United States,11/3/2023
http://dbpedia.org/resource/Out_of_My_System_(Louis_Tomlinson_song),Out of My System (Louis Tomlinson song),http://dbpedia.org/resource/Louis_Tomlinson,Louis Tomlinson,performer,http://dbpedia.org/resource/Faith_in_the_Future_(Louis_Tomlinson_album),Faith in the Future (Louis Tomlinson album),http://dbpedia.org/resource/Industrial_rock,Industrial rock,http://dbpedia.org/resource/BMG_Rights_Management,BMG Rights Management,http://dbpedia.org/resource/United_Kingdom,United Kingdom,10/14/2022
http://dbpedia.org/resource/Eureka_(Gen_Hoshino_song),Eureka (Gen Hoshino song),http://dbpedia.org/resource/Gen_Hoshino,Gen Hoshino,performer,http://dbpedia.org/resource/Gen_(album),Gen (album),http://dbpedia.org/resource/J-pop,J-pop,http://dbpedia.org/resource/Victor_Entertainment,Victor Entertainment,http://dbpedia.org/resource/Japan,Japan,1/28/2025
http://dbpedia.org/resource/I_Wanna_Be_Your_Ghost,I Wanna Be Your Ghost,http://dbpedia.org/resource/Gen_Hoshino,Gen Hoshino,performer,http://dbpedia.org/resource/Gen_(album),Gen (album),http://dbpedia.org/resource/J-pop,J-pop,http://dbpedia.org/resource/Victor_Entertainment,Victor Entertainment,http://dbpedia.org/resource/Japan,Japan,7/18/2022
http://dbpedia.org/resource/Not_My_Fault_(song),Not My Fault (song),http://dbpedia.org/resource/Megan_Thee_Stallion,Megan Thee Stallion,performer,http://dbpedia.org/resource/Mean_Girls_(2024_soundtrack),Mean Girls (2024 soundtrack),http://dbpedia.org/resource/Pop_rap,Pop rap,http://dbpedia.org/resource/Interscope_Records,Interscope Records,http://dbpedia.org/resource/United_States,United States,12/15/2023
http://dbpedia.org/resource/Presha,Presha,http://dbpedia.org/resource/2_Chainz,2 Chainz,performer,http://dbpedia.org/resource/Welcome_2_Collegrove,Welcome 2 Collegrove,http://dbpedia.org/resource/Trap_music,Trap music,http://dbpedia.org/resource/Def_Jam_Recordings,Def Jam Recordings,http://dbpedia.org/resource/United_States,United States,10/20/2023
http://dbpedia.org/resource/Gwagwalada_(song),Gwagwalada (song),http://dbpedia.org/resource/Bnxn,Bnxn,performer,"http://dbpedia.org/resource/Sincerely,_Benson","Sincerely, Benson",http://dbpedia.org/resource/Amapiano,Amapiano,http://dbpedia.org/resource/Empire_Distribution,Empire Distribution,http://dbpedia.org/resource/Nigeria,Nigeria,2/16/2023
http://dbpedia.org/resource/Gwagwalada_(song),Gwagwalada (song),http://dbpedia.org/resource/Kizz_Daniel,Kizz Daniel,performer,"http://dbpedia.org/resource/Sincerely,_Benson","Sincerely, Benson",http://dbpedia.org/resource/Amapiano,Amapiano,http://dbpedia.org/resource/Empire_Distribution,Empire Distribution,http://dbpedia.org/resource/Nigeria,Nigeria,2/16/2023
http://dbpedia.org/resource/Party_No_Dey_Stop,Party No Dey Stop,http://dbpedia.org/resource/Adekunle_Gold,Adekunle Gold,performer,http://dbpedia.org/resource/Tequila_Ever_After,Tequila Ever After,http://dbpedia.org/resource/Amapiano,Amapiano,http://dbpedia.org/resource/Def_Jam_Recordings,Def Jam Recordings,http://dbpedia.org/resource/Nigeria,Nigeria,3/15/2023
http://dbpedia.org/resource/Amapiano_(song),Amapiano (song),http://dbpedia.org/resource/Olamide,Olamide,performer,http://dbpedia.org/resource/Work_of_Art_(album),Work of Art (album),http://dbpedia.org/resource/Afro_fusion,Afro fusion,http://dbpedia.org/resource/YBNL_Nation,YBNL Nation,http://dbpedia.org/resource/Nigeria,Nigeria,5/24/2023
http://dbpedia.org/resource/Amapiano_(song),Amapiano (song),http://dbpedia.org/resource/Olamide,Olamide,performer,http://dbpedia.org/resource/Work_of_Art_(album),Work of Art (album),http://dbpedia.org/resource/Afro_fusion,Afro fusion,http://dbpedia.org/resource/YBNL_Nation,YBNL (album),http://dbpedia.org/resource/Nigeria,Nigeria,5/24/2023
http://dbpedia.org/resource/Amapiano_(song),Amapiano (song),http://dbpedia.org/resource/Olamide,Olamide,performer,http://dbpedia.org/resource/Work_of_Art_(album),Work of Art (album),http://dbpedia.org/resource/Afro_fusion,Afro fusion,http://dbpedia.org/resource/YBNL_Nation,YBNL Nation,http://dbpedia.org/resource/Nigeria,Nigeria,5/24/2023
http://dbpedia.org/resource/Amapiano_(song),Amapiano (song),http://dbpedia.org/resource/Olamide,Olamide,performer,http://dbpedia.org/resource/Work_of_Art_(album),Work of Art (album),http://dbpedia.org/resource/Afro_fusion,Afro fusion,http://dbpedia.org/resource/YBNL_Nation,YBNL (album),http://dbpedia.org/resource/Nigeria,Nigeria,5/24/2023
http://dbpedia.org/resource/Buga_(song),Buga (song),http://dbpedia.org/resource/Kizz_Daniel,Kizz Daniel,performer,http://dbpedia.org/resource/Maverick_(Kizz_Daniel_album),Maverick (Kizz Daniel album),http://dbpedia.org/resource/African_popular_music,African popular music,http://dbpedia.org/resource/Empire_Distribution,Empire Distribution,http://dbpedia.org/resource/Nigeria,Nigeria,5/4/2022
http://dbpedia.org/resource/Cough_(Odo),Cough (Odo),http://dbpedia.org/resource/Kizz_Daniel,Kizz Daniel,performer,http://dbpedia.org/resource/Maverick_(Kizz_Daniel_album),Maverick (Kizz Daniel album),http://dbpedia.org/resource/African_popular_music,African popular music,http://dbpedia.org/resource/Empire_Distribution,Empire Distribution,http://dbpedia.org/resource/Nigeria,Nigeria,10/14/2022
http://dbpedia.org/resource/Pour_Me_Water,Pour Me Water,http://dbpedia.org/resource/Kizz_Daniel,Kizz Daniel,performer,http://dbpedia.org/resource/Barnabas_(EP),Barnabas (EP),http://dbpedia.org/resource/African_popular_music,African popular music,http://dbpedia.org/resource/Empire_Distribution,Empire Distribution,http://dbpedia.org/resource/Nigeria,Nigeria,11/19/2021
http://dbpedia.org/resource/RTID_(Rich_Till_I_Die),RTID (Rich Till I Die),http://dbpedia.org/resource/Kizz_Daniel,Kizz Daniel,performer,http://dbpedia.org/resource/Maverick_(Kizz_Daniel_album),Maverick (Kizz Daniel album),http://dbpedia.org/resource/African_popular_music,African popular music,http://dbpedia.org/resource/Empire_Distribution,Empire Distribution,http://dbpedia.org/resource/Nigeria,Nigeria,1/6/2023
http://dbpedia.org/resource/Life_(Gen_Hoshino_song),Life (Gen Hoshino song),http://dbpedia.org/resource/Gen_Hoshino,Gen Hoshino,performer,http://dbpedia.org/resource/Gen_(album),Gen (album),http://dbpedia.org/resource/Japanese_rock,Japanese rock,http://dbpedia.org/resource/Victor_Entertainment,Victor Entertainment,http://dbpedia.org/resource/Japan,Japan,8/14/2023
http://dbpedia.org/resource/Harley_Quinn_(song),Harley Quinn (song),http://dbpedia.org/resource/Marshmello,Marshmello,performer,http://dbpedia.org/resource/Pa_Las_Baby's_y_Belikeada,Pa Las Baby's y Belikeada,http://dbpedia.org/resource/Corridos_tumbados,Corridos tumbados,http://dbpedia.org/resource/Sony_Music_Latin,Sony Music Latin,http://dbpedia.org/resource/United_States,United States,12/14/2023
http://dbpedia.org/resource/Harley_Quinn_(song),Harley Quinn (song),http://dbpedia.org/resource/Marshmello,Marshmello,performer,http://dbpedia.org/resource/Pa_Las_Baby's_y_Belikeada,Pa Las Baby's y Belikeada,http://dbpedia.org/resource/Corridos_tumbados,Corridos tumbados,http://dbpedia.org/resource/Sony_Music_Latin,Sony Music Latin,http://dbpedia.org/resource/United_States,United States,12/14/2023
http://dbpedia.org/resource/My_G_(Kizz_Daniel_song),My G (Kizz Daniel song),http://dbpedia.org/resource/Kizz_Daniel,Kizz Daniel,performer,http://dbpedia.org/resource/Maverick_(Kizz_Daniel_album),Maverick (Kizz Daniel album),,,http://dbpedia.org/resource/Empire_Distribution,Empire Distribution,http://dbpedia.org/resource/Nigeria,Nigeria,10/9/2023
http://dbpedia.org/resource/Did_Me_Wrong,Did Me Wrong,http://dbpedia.org/resource/A_Boogie_wit_da_Hoodie,A Boogie wit da Hoodie,performer,http://dbpedia.org/resource/Better_Off_Alone_(album),Better Off Alone (album),,,http://dbpedia.org/resource/Atlantic_Records,Atlantic Records,http://dbpedia.org/resource/United_States,United States,10/24/2023
http://dbpedia.org/resource/Long_Story_Short_(2_Chainz_and_Lil_Wayne_song),Long Story Short (2 Chainz and Lil Wayne song),http://dbpedia.org/resource/2_Chainz,2 Chainz,performer,http://dbpedia.org/resource/Welcome_2_Collegrove,Welcome 2 Collegrove,,,http://dbpedia.org/resource/Def_Jam_Recordings,Def Jam Recordings,http://dbpedia.org/resource/United_States,United States,11/10/2023
http://dbpedia.org/resource/Buga_(song),Buga (song),http://dbpedia.org/resource/Kizz_Daniel,Kizz Daniel,performer,http://dbpedia.org/resource/Maverick_(Kizz_Daniel_album),Maverick (Kizz Daniel album),http://dbpedia.org/resource/Afrobeats,Afrobeats,http://dbpedia.org/resource/Empire_Distribution,Empire Distribution,,,5/4/2022
http://dbpedia.org/resource/Gwagwalada_(song),Gwagwalada (song),http://dbpedia.org/resource/Kizz_Daniel,Kizz Daniel,performer,"http://dbpedia.org/resource/Sincerely,_Benson","Sincerely, Benson",http://dbpedia.org/resource/Afrobeats,Afrobeats,http://dbpedia.org/resource/Empire_Distribution,Empire Distribution,,,2/16/2023
http://dbpedia.org/resource/Nightmares_(Chris_Brown_song),Nightmares (Chris Brown song),http://dbpedia.org/resource/Chris_Brown,Chris Brown,performer,http://dbpedia.org/resource/11:11_(Chris_Brown_album),11:11 (Chris Brown album),http://dbpedia.org/resource/Afrobeats,Afrobeats,http://dbpedia.org/resource/RCA_Records,RCA Records,,,11/7/2023
http://dbpedia.org/resource/RTID_(Rich_Till_I_Die),RTID (Rich Till I Die),http://dbpedia.org/resource/Kizz_Daniel,Kizz Daniel,performer,http://dbpedia.org/resource/Maverick_(Kizz_Daniel_album),Maverick (Kizz Daniel album),http://dbpedia.org/resource/Afrobeats,Afrobeats,http://dbpedia.org/resource/Empire_Distribution,Empire Distribution,,,1/6/2023
http://dbpedia.org/resource/Por_el_Contrario,Por el Contrario,http://dbpedia.org/resource/Leonardo_Aguilar,Leonardo Aguilar,performer,http://dbpedia.org/resource/Encuentros_(Becky_G_album),Encuentros (Becky G album),http://dbpedia.org/resource/Mariachi,Mariachi,http://dbpedia.org/resource/RCA_Records,RCA Records,,,12/13/2023
http://dbpedia.org/resource/Por_el_Contrario,Por el Contrario,http://dbpedia.org/resource/Leonardo_Aguilar,Leonardo Aguilar,performer,http://dbpedia.org/resource/Encuentros_(Becky_G_album),Encuentros,http://dbpedia.org/resource/Mariachi,Mariachi,http://dbpedia.org/resource/RCA_Records,RCA Records,,,12/13/2023
http://dbpedia.org/resource/Por_el_Contrario,Por el Contrario,http://dbpedia.org/resource/Leonardo_Aguilar,Leonardo Aguilar,performer,http://dbpedia.org/resource/Esquinas_(album),Esquinas (album),http://dbpedia.org/resource/Mariachi,Mariachi,http://dbpedia.org/resource/RCA_Records,RCA Records,,,12/13/2023
http://dbpedia.org/resource/Por_el_Contrario,Por el Contrario,http://dbpedia.org/resource/Leonardo_Aguilar,Leonardo Aguilar,performer,http://dbpedia.org/resource/Encuentros_(Becky_G_album),Encuentros (Becky G album),http://dbpedia.org/resource/Mariachi,Mariachi,http://dbpedia.org/resource/Kemosabe_Records,Kemosabe Records,,,12/13/2023
http://dbpedia.org/resource/Por_el_Contrario,Por el Contrario,http://dbpedia.org/resource/Leonardo_Aguilar,Leonardo Aguilar,performer,http://dbpedia.org/resource/Encuentros_(Becky_G_album),Encuentros,http://dbpedia.org/resource/Mariachi,Mariachi,http://dbpedia.org/resource/Kemosabe_Records,Kemosabe Records,,,12/13/2023
http://dbpedia.org/resource/Por_el_Contrario,Por el Contrario,http://dbpedia.org/resource/Leonardo_Aguilar,Leonardo Aguilar,performer,http://dbpedia.org/resource/Esquinas_(album),Esquinas (album),http://dbpedia.org/resource/Mariachi,Mariachi,http://dbpedia.org/resource/Kemosabe_Records,Kemosabe Records,,,12/13/2023
http://dbpedia.org/resource/Por_el_Contrario,Por el Contrario,http://dbpedia.org/resource/Becky_G,Becky G,performer,http://dbpedia.org/resource/Encuentros_(Becky_G_album),Encuentros (Becky G album),http://dbpedia.org/resource/Mariachi,Mariachi,http://dbpedia.org/resource/RCA_Records,RCA Records,,,12/13/2023
http://dbpedia.org/resource/Por_el_Contrario,Por el Contrario,http://dbpedia.org/resource/Becky_G,Becky G,performer,http://dbpedia.org/resource/Encuentros_(Becky_G_album),Encuentros,http://dbpedia.org/resource/Mariachi,Mariachi,http://dbpedia.org/resource/RCA_Records,RCA Records,,,12/13/2023
http://dbpedia.org/resource/Por_el_Contrario,Por el Contrario,http://dbpedia.org/resource/Becky_G,Becky G,performer,http://dbpedia.org/resource/Esquinas_(album),Esquinas (album),http://dbpedia.org/resource/Mariachi,Mariachi,http://dbpedia.org/resource/RCA_Records,RCA Records,,,12/13/2023
http://dbpedia.org/resource/Por_el_Contrario,Por el Contrario,http://dbpedia.org/resource/Becky_G,Becky G,performer,http://dbpedia.org/resource/Encuentros_(Becky_G_album),Encuentros (Becky G album),http://dbpedia.org/resource/Mariachi,Mariachi,http://dbpedia.org/resource/Kemosabe_Records,Kemosabe Records,,,12/13/2023
http://dbpedia.org/resource/Por_el_Contrario,Por el Contrario,http://dbpedia.org/resource/Becky_G,Becky G,performer,http://dbpedia.org/resource/Encuentros_(Becky_G_album),Encuentros,http://dbpedia.org/resource/Mariachi,Mariachi,http://dbpedia.org/resource/Kemosabe_Records,Kemosabe Records,,,12/13/2023
http://dbpedia.org/resource/Por_el_Contrario,Por el Contrario,http://dbpedia.org/resource/Becky_G,Becky G,performer,http://dbpedia.org/resource/Esquinas_(album),Esquinas (album),http://dbpedia.org/resource/Mariachi,Mariachi,http://dbpedia.org/resource/Kemosabe_Records,Kemosabe Records,,,12/13/2023
http://dbpedia.org/resource/Not_My_Fault_(song),Not My Fault (song),http://dbpedia.org/resource/Megan_Thee_Stallion,Megan Thee Stallion,performer,http://dbpedia.org/resource/Mean_Girls_(2024_soundtrack),Mean Girls (2024 soundtrack),http://dbpedia.org/resource/Styles_of_pop_music,Disco-pop,http://dbpedia.org/resource/Interscope_Records,Interscope Records,,,12/15/2023
http://dbpedia.org/resource/Not_My_Fault_(song),Not My Fault (song),http://dbpedia.org/resource/Megan_Thee_Stallion,Megan Thee Stallion,performer,http://dbpedia.org/resource/Mean_Girls_(2024_soundtrack),Mean Girls (2024 soundtrack),http://dbpedia.org/resource/Styles_of_pop_music,Styles of pop music,http://dbpedia.org/resource/Interscope_Records,Interscope Records,,,12/15/2023
http://dbpedia.org/resource/Angel_Numbers_/_Ten_Toes,Angel Numbers / Ten Toes,http://dbpedia.org/resource/Chris_Brown,Chris Brown,performer,http://dbpedia.org/resource/11:11_(Chris_Brown_album),11:11 (Chris Brown album),http://dbpedia.org/resource/Contemporary_R&B,Contemporary R&B,http://dbpedia.org/resource/RCA_Records,RCA Records,,,11/10/2023
http://dbpedia.org/resource/City_Girls_(song),City Girls (song),http://dbpedia.org/resource/Chris_Brown,Chris Brown,performer,http://dbpedia.org/resource/Slime_&_B,Slime & B,http://dbpedia.org/resource/Contemporary_R&B,Contemporary R&B,http://dbpedia.org/resource/RCA_Records,RCA Records,,,5/5/2020
http://dbpedia.org/resource/Life_(Gen_Hoshino_song),Life (Gen Hoshino song),http://dbpedia.org/resource/Gen_Hoshino,Gen Hoshino,performer,http://dbpedia.org/resource/Gen_(album),Gen (album),http://dbpedia.org/resource/Contemporary_R&B,Contemporary R&B,http://dbpedia.org/resource/Victor_Entertainment,Victor Entertainment,,,8/14/2023
http://dbpedia.org/resource/Needle_(song),Needle (song),http://dbpedia.org/resource/Nicki_Minaj,Nicki Minaj,performer,http://dbpedia.org/resource/Pink_Friday_2,Pink Friday 2,http://dbpedia.org/resource/Contemporary_R&B,Contemporary R&B,http://dbpedia.org/resource/Republic_Records,Universal Republic Records,,,12/8/2023
http://dbpedia.org/resource/Needle_(song),Needle (song),http://dbpedia.org/resource/Nicki_Minaj,Nicki Minaj,performer,http://dbpedia.org/resource/Pink_Friday_2,Pink Friday 2,http://dbpedia.org/resource/Contemporary_R&B,Contemporary R&B,http://dbpedia.org/resource/Republic_Records,Republic Records,,,12/8/2023
http://dbpedia.org/resource/Nightmares_(Chris_Brown_song),Nightmares (Chris Brown song),http://dbpedia.org/resource/Chris_Brown,Chris Brown,performer,http://dbpedia.org/resource/11:11_(Chris_Brown_album),11:11 (Chris Brown album),http://dbpedia.org/resource/Dancehall,Dancehall,http://dbpedia.org/resource/RCA_Records,RCA Records,,,11/7/2023
http://dbpedia.org/resource/2ndo_Chance,2ndo Chance,http://dbpedia.org/resource/Becky_G,Becky G,performer,http://dbpedia.org/resource/Esquinas_(album),Esquinas (album),http://dbpedia.org/resource/Latin_pop,Latin pop,http://dbpedia.org/resource/RCA_Records,RCA Records,,,9/27/2023
http://dbpedia.org/resource/2ndo_Chance,2ndo Chance,http://dbpedia.org/resource/Becky_G,Becky G,performer,http://dbpedia.org/resource/Esquinas_(album),Esquinas (album),http://dbpedia.org/resource/Latin_pop,Latin pop,http://dbpedia.org/resource/Kemosabe_Records,Kemosabe Records,,,9/27/2023
http://dbpedia.org/resource/Out_of_My_System_(Louis_Tomlinson_song),Out of My System (Louis Tomlinson song),http://dbpedia.org/resource/Louis_Tomlinson,Louis Tomlinson,performer,http://dbpedia.org/resource/Faith_in_the_Future_(Louis_Tomlinson_album),Faith in the Future (Louis Tomlinson album),http://dbpedia.org/resource/Pop-punk,Pop-punk,http://dbpedia.org/resource/BMG_Rights_Management,BMG Rights Management,,,10/14/2022
http://dbpedia.org/resource/Last_Time_I_Saw_You,Last Time I Saw You,http://dbpedia.org/resource/Nicki_Minaj,Nicki Minaj,performer,http://dbpedia.org/resource/Pink_Friday_2,Pink Friday 2,http://dbpedia.org/resource/Pop_music,Pop music,http://dbpedia.org/resource/Republic_Records,Universal Republic Records,,,9/1/2023
http://dbpedia.org/resource/Last_Time_I_Saw_You,Last Time I Saw You,http://dbpedia.org/resource/Nicki_Minaj,Nicki Minaj,performer,http://dbpedia.org/resource/Pink_Friday_2,Pink Friday 2,http://dbpedia.org/resource/Pop_music,Pop music,http://dbpedia.org/resource/Republic_Records,Republic Records,,,9/1/2023
http://dbpedia.org/resource/Cobra_(Megan_Thee_Stallion_song),Cobra (Megan Thee Stallion song),http://dbpedia.org/resource/Megan_Thee_Stallion,Megan Thee Stallion,performer,http://dbpedia.org/resource/Megan_(album),Megan (album),http://dbpedia.org/resource/Rap_rock,Rap rock,http://dbpedia.org/resource/Megan_Thee_Stallion,Megan Thee Stallion,,,11/3/2023
http://dbpedia.org/resource/Eureka_(Gen_Hoshino_song),Eureka (Gen Hoshino song),http://dbpedia.org/resource/Gen_Hoshino,Gen Hoshino,performer,http://dbpedia.org/resource/Gen_(album),Gen (album),http://dbpedia.org/resource/Soul_music,Soul music,http://dbpedia.org/resource/Victor_Entertainment,Victor Entertainment,,,1/28/2025
http://dbpedia.org/resource/Mamaw's_House,Mamaw's House,http://dbpedia.org/resource/Thomas_Rhett,Thomas Rhett,performer,http://dbpedia.org/resource/20_Number_Ones,20 Number Ones,http://dbpedia.org/resource/Country_pop,Country pop,http://dbpedia.org/resource/Big_Machine_Records,Big Machine Records,,,9/29/2023
"http://dbpedia.org/resource/Bebé,_Perdón","Bebé, Perdón",http://dbpedia.org/resource/Thalía,Thalía,performer,http://dbpedia.org/resource/A_Mucha_Honra,A Mucha Honra,http://dbpedia.org/resource/Regional_Mexican,Regional Mexican,http://dbpedia.org/resource/Sony_Music_Latin,Sony Music Latin,,,10/4/2023
http://dbpedia.org/resource/Choro_(song),Choro (song),http://dbpedia.org/resource/Thalía,Thalía,performer,http://dbpedia.org/resource/A_Mucha_Honra,A Mucha Honra,http://dbpedia.org/resource/Regional_Mexican,Regional Mexican,http://dbpedia.org/resource/Sony_Music_Latin,Sony Music Latin,,,11/30/2023
http://dbpedia.org/resource/I_Wanna_Be_Your_Ghost,I Wanna Be Your Ghost,http://dbpedia.org/resource/Gen_Hoshino,Gen Hoshino,performer,http://dbpedia.org/resource/Gen_(album),Gen (album),http://dbpedia.org/resource/Dance_music,Dance music,http://dbpedia.org/resource/Victor_Entertainment,Victor Entertainment,,,7/18/2022
http://dbpedia.org/resource/Not_My_Fault_(song),Not My Fault (song),http://dbpedia.org/resource/Megan_Thee_Stallion,Megan Thee Stallion,performer,http://dbpedia.org/resource/Mean_Girls_(2024_soundtrack),Mean Girls (2024 soundtrack),http://dbpedia.org/resource/Disco,Disco,http://dbpedia.org/resource/Interscope_Records,Interscope Records,,,12/15/2023
http://dbpedia.org/resource/AGATS2_(Insecure),AGATS2 (Insecure),http://dbpedia.org/resource/Nicki_Minaj,Nicki Minaj,performer,http://dbpedia.org/resource/The_Party_Never_Ends,The Party Never Ends,http://dbpedia.org/resource/Emo_rap,Emo rap,http://dbpedia.org/resource/Lil_Bibby,Lil Bibby,,,11/15/2024
http://dbpedia.org/resource/AGATS2_(Insecure),AGATS2 (Insecure),http://dbpedia.org/resource/Nicki_Minaj,Nicki Minaj,performer,http://dbpedia.org/resource/The_Party_Never_Ends,The Party Never Ends,http://dbpedia.org/resource/Emo_rap,Emo rap,http://dbpedia.org/resource/Interscope_Records,Interscope Records,,,11/15/2024
http://dbpedia.org/resource/Cobra_(Megan_Thee_Stallion_song),Cobra (Megan Thee Stallion song),http://dbpedia.org/resource/Megan_Thee_Stallion,Megan Thee Stallion,performer,http://dbpedia.org/resource/Megan_(album),Megan (album),http://dbpedia.org/resource/Emo_rap,Emo rap,http://dbpedia.org/resource/Megan_Thee_Stallion,Megan Thee Stallion,,,11/3/2023
http://dbpedia.org/resource/Out_of_My_System_(Louis_Tomlinson_song),Out of My System (Louis Tomlinson song),http://dbpedia.org/resource/Louis_Tomlinson,Louis Tomlinson,performer,http://dbpedia.org/resource/Faith_in_the_Future_(Louis_Tomlinson_album),Faith in the Future (Louis Tomlinson album),http://dbpedia.org/resource/Industrial_rock,Industrial rock,http://dbpedia.org/resource/BMG_Rights_Management,BMG Rights Management,,,10/14/2022
http://dbpedia.org/resource/Eureka_(Gen_Hoshino_song),Eureka (Gen Hoshino song),http://dbpedia.org/resource/Gen_Hoshino,Gen Hoshino,performer,http://dbpedia.org/resource/Gen_(album),Gen (album),http://dbpedia.org/resource/J-pop,J-pop,http://dbpedia.org/resource/Victor_Entertainment,Victor Entertainment,,,1/28/2025
http://dbpedia.org/resource/I_Wanna_Be_Your_Ghost,I Wanna Be Your Ghost,http://dbpedia.org/resource/Gen_Hoshino,Gen Hoshino,performer,http://dbpedia.org/resource/Gen_(album),Gen (album),http://dbpedia.org/resource/J-pop,J-pop,http://dbpedia.org/resource/Victor_Entertainment,Victor Entertainment,,,7/18/2022
http://dbpedia.org/resource/Not_My_Fault_(song),Not My Fault (song),http://dbpedia.org/resource/Megan_Thee_Stallion,Megan Thee Stallion,performer,http://dbpedia.org/resource/Mean_Girls_(2024_soundtrack),Mean Girls (2024 soundtrack),http://dbpedia.org/resource/Pop_rap,Pop rap,http://dbpedia.org/resource/Interscope_Records,Interscope Records,,,12/15/2023
http://dbpedia.org/resource/Needle_(song),Needle (song),http://dbpedia.org/resource/Nicki_Minaj,Nicki Minaj,performer,http://dbpedia.org/resource/Pink_Friday_2,Pink Friday 2,http://dbpedia.org/resource/Tropical_house,Tropical house,http://dbpedia.org/resource/Republic_Records,Universal Republic Records,,,12/8/2023
http://dbpedia.org/resource/Needle_(song),Needle (song),http://dbpedia.org/resource/Nicki_Minaj,Nicki Minaj,performer,http://dbpedia.org/resource/Pink_Friday_2,Pink Friday 2,http://dbpedia.org/resource/Tropical_house,Tropical house,http://dbpedia.org/resource/Republic_Records,Republic Records,,,12/8/2023
http://dbpedia.org/resource/AGATS2_(Insecure),AGATS2 (Insecure),http://dbpedia.org/resource/Nicki_Minaj,Nicki Minaj,performer,http://dbpedia.org/resource/The_Party_Never_Ends,The Party Never Ends,http://dbpedia.org/resource/Trap_music,Trap music,http://dbpedia.org/resource/Lil_Bibby,Lil Bibby,,,11/15/2024
http://dbpedia.org/resource/AGATS2_(Insecure),AGATS2 (Insecure),http://dbpedia.org/resource/Nicki_Minaj,Nicki Minaj,performer,http://dbpedia.org/resource/The_Party_Never_Ends,The Party Never Ends,http://dbpedia.org/resource/Trap_music,Trap music,http://dbpedia.org/resource/Interscope_Records,Interscope Records,,,11/15/2024
http://dbpedia.org/resource/City_Girls_(song),City Girls (song),http://dbpedia.org/resource/Chris_Brown,Chris Brown,performer,http://dbpedia.org/resource/Slime_&_B,Slime & B,http://dbpedia.org/resource/Trap_music,Trap music,http://dbpedia.org/resource/RCA_Records,RCA Records,,,5/5/2020
http://dbpedia.org/resource/Gwagwalada_(song),Gwagwalada (song),http://dbpedia.org/resource/Kizz_Daniel,Kizz Daniel,performer,"http://dbpedia.org/resource/Sincerely,_Benson","Sincerely, Benson",http://dbpedia.org/resource/Amapiano,Amapiano,http://dbpedia.org/resource/Empire_Distribution,Empire Distribution,,,2/16/2023
http://dbpedia.org/resource/Amapiano_(song),Amapiano (song),http://dbpedia.org/resource/Olamide,Olamide,performer,http://dbpedia.org/resource/Work_of_Art_(album),Work of Art (album),http://dbpedia.org/resource/Afro_fusion,Afro fusion,http://dbpedia.org/resource/YBNL_Nation,YBNL Nation,,,5/24/2023
http://dbpedia.org/resource/Amapiano_(song),Amapiano (song),http://dbpedia.org/resource/Olamide,Olamide,performer,http://dbpedia.org/resource/Work_of_Art_(album),Work of Art (album),http://dbpedia.org/resource/Afro_fusion,Afro fusion,http://dbpedia.org/resource/YBNL_Nation,YBNL (album),,,5/24/2023
http://dbpedia.org/resource/Buga_(song),Buga (song),http://dbpedia.org/resource/Kizz_Daniel,Kizz Daniel,performer,http://dbpedia.org/resource/Maverick_(Kizz_Daniel_album),Maverick (Kizz Daniel album),http://dbpedia.org/resource/African_popular_music,African popular music,http://dbpedia.org/resource/Empire_Distribution,Empire Distribution,,,5/4/2022
http://dbpedia.org/resource/Cough_(Odo),Cough (Odo),http://dbpedia.org/resource/Kizz_Daniel,Kizz Daniel,performer,http://dbpedia.org/resource/Maverick_(Kizz_Daniel_album),Maverick (Kizz Daniel album),http://dbpedia.org/resource/African_popular_music,African popular music,http://dbpedia.org/resource/Empire_Distribution,Empire Distribution,,,10/14/2022
http://dbpedia.org/resource/Pour_Me_Water,Pour Me Water,http://dbpedia.org/resource/Kizz_Daniel,Kizz Daniel,performer,http://dbpedia.org/resource/Barnabas_(EP),Barnabas (EP),http://dbpedia.org/resource/African_popular_music,African popular music,http://dbpedia.org/resource/Empire_Distribution,Empire Distribution,,,11/19/2021
http://dbpedia.org/resource/RTID_(Rich_Till_I_Die),RTID (Rich Till I Die),http://dbpedia.org/resource/Kizz_Daniel,Kizz Daniel,performer,http://dbpedia.org/resource/Maverick_(Kizz_Daniel_album),Maverick (Kizz Daniel album),http://dbpedia.org/resource/African_popular_music,African popular music,http://dbpedia.org/resource/Empire_Distribution,Empire Distribution,,,1/6/2023
http://dbpedia.org/resource/Life_(Gen_Hoshino_song),Life (Gen Hoshino song),http://dbpedia.org/resource/Gen_Hoshino,Gen Hoshino,performer,http://dbpedia.org/resource/Gen_(album),Gen (album),http://dbpedia.org/resource/Japanese_rock,Japanese rock,http://dbpedia.org/resource/Victor_Entertainment,Victor Entertainment,,,8/14/2023
http://dbpedia.org/resource/Did_Me_Wrong,Did Me Wrong,http://dbpedia.org/resource/A_Boogie_wit_da_Hoodie,A Boogie wit da Hoodie,performer,http://dbpedia.org/resource/Better_Off_Alone_(album),Better Off Alone (album),,,http://dbpedia.org/resource/Atlantic_Records,Atlantic Records,,,10/24/2023
http://dbpedia.org/resource/Blue_(V_song),Blue (V song),http://dbpedia.org/resource/V_(singer),V (singer),performer,http://dbpedia.org/resource/Layover_(album),Layover (album),,,http://dbpedia.org/resource/Big_Hit_Music,Big Hit Music,,,9/8/2023
http://dbpedia.org/resource/For_Us_(song),For Us (song),http://dbpedia.org/resource/V_(singer),V (singer),performer,http://dbpedia.org/resource/Layover_(album),Layover (album),,,http://dbpedia.org/resource/Big_Hit_Music,Big Hit Music,,,9/8/2023
http://dbpedia.org/resource/My_G_(Kizz_Daniel_song),My G (Kizz Daniel song),http://dbpedia.org/resource/Kizz_Daniel,Kizz Daniel,performer,http://dbpedia.org/resource/Maverick_(Kizz_Daniel_album),Maverick (Kizz Daniel album),,,http://dbpedia.org/resource/Empire_Distribution,Empire Distribution,,,10/9/2023
http://dbpedia.org/resource/Querido_Abuelo,Querido Abuelo,http://dbpedia.org/resource/Becky_G,Becky G,performer,http://dbpedia.org/resource/Esquinas_(album),Esquinas (album),,,http://dbpedia.org/resource/RCA_Records,RCA Records,,,9/14/2023
http://dbpedia.org/resource/Querido_Abuelo,Querido Abuelo,http://dbpedia.org/resource/Becky_G,Becky G,performer,http://dbpedia.org/resource/Esquinas_(album),Esquinas (album),,,http://dbpedia.org/resource/Kemosabe_Records,Kemosabe Records,,,9/14/2023
http://dbpedia.org/resource/Cosmic_(song),Cosmic (song),http://dbpedia.org/resource/Red_Velvet_(group),Red Velvet (group),performer,http://dbpedia.org/resource/Cosmic_(EP),Cosmic (EP),http://dbpedia.org/resource/Dance-pop,Dance-pop,http://dbpedia.org/resource/SM_Entertainment,SM Entertainment,,,6/24/2024
http://dbpedia.org/resource/Chill_Kill_(song),Chill Kill (song),http://dbpedia.org/resource/Red_Velvet_(group),Red Velvet (group),performer,http://dbpedia.org/resource/Chill_Kill,Chill Kill,http://dbpedia.org/resource/Dance-pop,Dance-pop,http://dbpedia.org/resource/Kakao_Entertainment,Kakao Entertainment,,,11/13/2023
http://dbpedia.org/resource/Cosmic_(song),Cosmic (song),http://dbpedia.org/resource/Red_Velvet_(group),Red Velvet (group),performer,http://dbpedia.org/resource/Cosmic_(EP),Cosmic (EP),http://dbpedia.org/resource/Dance-pop,Dance-pop,http://dbpedia.org/resource/Kakao_Entertainment,Kakao Entertainment,,,6/24/2024
http://dbpedia.org/resource/Chill_Kill_(song),Chill Kill (song),http://dbpedia.org/resource/Red_Velvet_(group),Red Velvet (group),performer,http://dbpedia.org/resource/Chill_Kill,Chill Kill,http://dbpedia.org/resource/Dance-pop,Dance-pop,http://dbpedia.org/resource/SM_Entertainment,SM Entertainment,,,11/13/2023
http://dbpedia.org/resource/Not_Strong_Enough,Not Strong Enough,http://dbpedia.org/resource/Boygenius,Boygenius,performer,http://dbpedia.org/resource/The_Record_(Boygenius_album),The Record (Boygenius album),http://dbpedia.org/resource/Folk_rock,Folk rock,http://dbpedia.org/resource/Interscope_Records,Interscope Records,,,3/1/2023
"http://dbpedia.org/resource/Brand_New_(Tyga,_YG_and_Lil_Wayne_song)","Brand New (Tyga, YG and Lil Wayne song)",http://dbpedia.org/resource/YG_(rapper),YG (rapper),performer,http://dbpedia.org/resource/Hit_Me_When_U_Leave_the_Klub:_The_Playlist,Hit Me When U Leave the Klub: The Playlist,http://dbpedia.org/resource/Hip_hop_music,Hip hop music,http://dbpedia.org/resource/Empire_Distribution,Empire Distribution,,,9/27/2023
"http://dbpedia.org/resource/Brand_New_(Tyga,_YG_and_Lil_Wayne_song)","Brand New (Tyga, YG and Lil Wayne song)",http://dbpedia.org/resource/YG_(rapper),YG (rapper),performer,http://dbpedia.org/resource/Hit_Me_When_U_Leave_the_Klub:_The_Playlist,Hit Me When U Leave the Klub: The Playlist,http://dbpedia.org/resource/Hip_hop_music,Hip-hop,http://dbpedia.org/resource/Empire_Distribution,Empire Distribution,,,9/27/2023
"http://dbpedia.org/resource/Brand_New_(Tyga,_YG_and_Lil_Wayne_song)","Brand New (Tyga, YG and Lil Wayne song)",http://dbpedia.org/resource/YG_(rapper),YG (rapper),performer,http://dbpedia.org/resource/Hit_Me_When_U_Leave_the_Klub:_The_Playlist,Hit Me When U Leave the Klub: The Playlist,http://dbpedia.org/resource/Hip_hop_music,Hip hop music,http://dbpedia.org/resource/YG_(rapper),YG (rapper),,,9/27/2023
"http://dbpedia.org/resource/Brand_New_(Tyga,_YG_and_Lil_Wayne_song)","Brand New (Tyga, YG and Lil Wayne song)",http://dbpedia.org/resource/YG_(rapper),YG (rapper),performer,http://dbpedia.org/resource/Hit_Me_When_U_Leave_the_Klub:_The_Playlist,Hit Me When U Leave the Klub: The Playlist,http://dbpedia.org/resource/Hip_hop_music,Hip-hop,http://dbpedia.org/resource/YG_(rapper),YG (rapper),,,9/27/2023
"http://dbpedia.org/resource/Doomsday_(Lyrical_Lemonade,_Juice_Wrld_and_Cordae_song)","Doomsday (Lyrical Lemonade, Juice Wrld and Cordae song)",http://dbpedia.org/resource/Cole_Bennett,Cole Bennett,performer,http://dbpedia.org/resource/All_Is_Yellow,All Is Yellow,http://dbpedia.org/resource/Hip_hop_music,Hip hop music,http://dbpedia.org/resource/Def_Jam_Recordings,Def Jam Recordings,,,6/23/2023
"http://dbpedia.org/resource/Doomsday_(Lyrical_Lemonade,_Juice_Wrld_and_Cordae_song)","Doomsday (Lyrical Lemonade, Juice Wrld and Cordae song)",http://dbpedia.org/resource/Cole_Bennett,Cole Bennett,performer,http://dbpedia.org/resource/All_Is_Yellow,All Is Yellow,http://dbpedia.org/resource/Hip_hop_music,Hip-hop,http://dbpedia.org/resource/Def_Jam_Recordings,Def Jam Recordings,,,6/23/2023
"http://dbpedia.org/resource/Brand_New_(Tyga,_YG_and_Lil_Wayne_song)","Brand New (Tyga, YG and Lil Wayne song)",http://dbpedia.org/resource/YG_(rapper),YG (rapper),performer,http://dbpedia.org/resource/Hit_Me_When_U_Leave_the_Klub:_The_Playlist,Hit Me When U Leave the Klub: The Playlist,http://dbpedia.org/resource/Hip_hop_music,Hip hop music,http://dbpedia.org/resource/Last_Kings_Records,Last Kings Records,,,9/27/2023
"http://dbpedia.org/resource/Brand_New_(Tyga,_YG_and_Lil_Wayne_song)","Brand New (Tyga, YG and Lil Wayne song)",http://dbpedia.org/resource/YG_(rapper),YG (rapper),performer,http://dbpedia.org/resource/Hit_Me_When_U_Leave_the_Klub:_The_Playlist,Hit Me When U Leave the Klub: The Playlist,http://dbpedia.org/resource/Hip_hop_music,Hip-hop,http://dbpedia.org/resource/Last_Kings_Records,Last Kings Records,,,9/27/2023
http://dbpedia.org/resource/Not_Strong_Enough,Not Strong Enough,http://dbpedia.org/resource/Boygenius,Boygenius,performer,http://dbpedia.org/resource/The_Record_(Boygenius_album),The Record (Boygenius album),http://dbpedia.org/resource/Indie_rock,Indie rock,http://dbpedia.org/resource/Interscope_Records,Interscope Records,,,3/1/2023
http://dbpedia.org/resource/Dilemma_(Green_Day_song),Dilemma (Green Day song),http://dbpedia.org/resource/Green_Day,Green Day,performer,http://dbpedia.org/resource/Saviors_(album),Saviors (album),http://dbpedia.org/resource/Pop-punk,Pop-punk,http://dbpedia.org/resource/Reprise_Records,Reprise Records,,,12/7/2023
"http://dbpedia.org/resource/Look_Ma,_No_Brains!","Look Ma, No Brains!",http://dbpedia.org/resource/Green_Day,Green Day,performer,http://dbpedia.org/resource/Saviors_(album),Saviors (album),http://dbpedia.org/resource/Pop-punk,Pop-punk,http://dbpedia.org/resource/Reprise_Records,Reprise Records,,,11/2/2023
http://dbpedia.org/resource/One_Eyed_Bastard,One Eyed Bastard,http://dbpedia.org/resource/Green_Day,Green Day,performer,http://dbpedia.org/resource/Saviors_(album),Saviors (album),http://dbpedia.org/resource/Pop-punk,Pop-punk,http://dbpedia.org/resource/Reprise_Records,Reprise Records,,,1/5/2024
http://dbpedia.org/resource/Dilemma_(Green_Day_song),Dilemma (Green Day song),http://dbpedia.org/resource/Green_Day,Green Day,performer,http://dbpedia.org/resource/Saviors_(album),Saviors (album),http://dbpedia.org/resource/Punk_rock,Punk rock,http://dbpedia.org/resource/Reprise_Records,Reprise Records,,,12/7/2023
"http://dbpedia.org/resource/Look_Ma,_No_Brains!","Look Ma, No Brains!",http://dbpedia.org/resource/Green_Day,Green Day,performer,http://dbpedia.org/resource/Saviors_(album),Saviors (album),http://dbpedia.org/resource/Punk_rock,Punk rock,http://dbpedia.org/resource/Reprise_Records,Reprise Records,,,11/2/2023
http://dbpedia.org/resource/One_Eyed_Bastard,One Eyed Bastard,http://dbpedia.org/resource/Green_Day,Green Day,performer,http://dbpedia.org/resource/Saviors_(album),Saviors (album),http://dbpedia.org/resource/Punk_rock,Punk rock,http://dbpedia.org/resource/Reprise_Records,Reprise Records,,,1/5/2024
http://dbpedia.org/resource/Dilemma_(Green_Day_song),Dilemma (Green Day song),http://dbpedia.org/resource/Green_Day,Green Day,performer,http://dbpedia.org/resource/Saviors_(album),Saviors (album),http://dbpedia.org/resource/Power_pop,Power pop,http://dbpedia.org/resource/Reprise_Records,Reprise Records,,,12/7/2023
http://dbpedia.org/resource/Chant_(song),Chant (song),http://dbpedia.org/resource/Macklemore,Macklemore,performer,http://dbpedia.org/resource/Ben_(Macklemore_album),Ben (Macklemore album),http://dbpedia.org/resource/Hip_hop_music,Hip hop music,,,http://dbpedia.org/resource/United_States,United States,7/22/2022
http://dbpedia.org/resource/Chant_(song),Chant (song),http://dbpedia.org/resource/Macklemore,Macklemore,performer,http://dbpedia.org/resource/Ben_(Macklemore_album),Ben (Macklemore album),http://dbpedia.org/resource/Hip_hop_music,Hip-hop,,,http://dbpedia.org/resource/United_States,United States,7/22/2022
http://dbpedia.org/resource/Heroes_(Macklemore_song),Heroes (Macklemore song),http://dbpedia.org/resource/Macklemore,Macklemore,performer,http://dbpedia.org/resource/Ben_(Macklemore_album),Ben (Macklemore album),http://dbpedia.org/resource/Hip_hop_music,Hip hop music,,,http://dbpedia.org/resource/United_States,United States,1/20/2023
http://dbpedia.org/resource/Heroes_(Macklemore_song),Heroes (Macklemore song),http://dbpedia.org/resource/Macklemore,Macklemore,performer,http://dbpedia.org/resource/Ben_(Macklemore_album),Ben (Macklemore album),http://dbpedia.org/resource/Hip_hop_music,Hip-hop,,,http://dbpedia.org/resource/United_States,United States,1/20/2023
http://dbpedia.org/resource/Bellakeo,Bellakeo,http://dbpedia.org/resource/Anitta_(singer),Anitta (singer),performer,http://dbpedia.org/resource/Éxodo,Éxodo,http://dbpedia.org/resource/Reggaeton,Reggaeton,,,http://dbpedia.org/resource/Brazil,Brazil,12/7/2023
http://dbpedia.org/resource/Maniac_(Macklemore_song),Maniac (Macklemore song),http://dbpedia.org/resource/Macklemore,Macklemore,performer,http://dbpedia.org/resource/Ben_(Macklemore_album),Ben (Macklemore album),,,,,http://dbpedia.org/resource/United_States,United States,8/19/2022
http://dbpedia.org/resource/Long_Journey,Long Journey,http://dbpedia.org/resource/Rod_Wave,Rod Wave,performer,http://dbpedia.org/resource/Nostalgia_(Rod_Wave_album),Nostalgia (Rod Wave album),,,,,http://dbpedia.org/resource/United_States,United States,9/15/2023
http://dbpedia.org/resource/Faithful_(Macklemore_song),Faithful (Macklemore song),http://dbpedia.org/resource/Macklemore,Macklemore,performer,http://dbpedia.org/resource/Ben_(Macklemore_album),Ben (Macklemore album),,,,,http://dbpedia.org/resource/United_States,United States,10/28/2022
http://dbpedia.org/resource/How_We_Roll_(Ciara_and_Chris_Brown_song),How We Roll (Ciara and Chris Brown song),http://dbpedia.org/resource/Chris_Brown,Chris Brown,performer,http://dbpedia.org/resource/CiCi_(EP),CiCi (EP),http://dbpedia.org/resource/Contemporary_R&B,Contemporary R&B,,,,,8/4/2023
http://dbpedia.org/resource/Bellakeo,Bellakeo,http://dbpedia.org/resource/Anitta_(singer),Anitta (singer),performer,http://dbpedia.org/resource/Éxodo,Éxodo,http://dbpedia.org/resource/Reggaeton,Reggaeton,,,,,12/7/2023
http://dbpedia.org/resource/Lucid_Dream_(Owl_City_song),Lucid Dream (Owl City song),http://dbpedia.org/resource/Owl_City,Owl City,performer,http://dbpedia.org/resource/Cinematic_(Owl_City_album),Cinematic (Owl City album),http://dbpedia.org/resource/Electronic_dance_music,Electronic dance music,,,,,1/12/2018
http://dbpedia.org/resource/Chant_(song),Chant (song),http://dbpedia.org/resource/Tones_and_I,Tones and I,performer,http://dbpedia.org/resource/Ben_(Macklemore_album),Ben (Macklemore album),http://dbpedia.org/resource/Hip_hop_music,Hip hop music,,,,,7/22/2022
http://dbpedia.org/resource/Chant_(song),Chant (song),http://dbpedia.org/resource/Tones_and_I,Tones and I,performer,http://dbpedia.org/resource/Ben_(Macklemore_album),Ben (Macklemore album),http://dbpedia.org/resource/Hip_hop_music,Hip-hop,,,,,7/22/2022
http://dbpedia.org/resource/Ritual_(Within_Temptation_song),Ritual (Within Temptation song),http://dbpedia.org/resource/Within_Temptation,Within Temptation,performer,http://dbpedia.org/resource/Bleed_Out_(Within_Temptation_album),Bleed Out (Within Temptation album),,,,,,,9/29/2023
http://dbpedia.org/resource/Brand_New_Sun,Brand New Sun,http://dbpedia.org/resource/Take_That,Take That,performer,http://dbpedia.org/resource/This_Life_(Take_That_album),This Life (Take That album),,,,,,,10/17/2023
http://dbpedia.org/resource/New_York_City_(Owl_City_song),New York City (Owl City song),http://dbpedia.org/resource/Owl_City,Owl City,performer,http://dbpedia.org/resource/Cinematic_(Owl_City_album),Cinematic (Owl City album),,,,,,,3/9/2018
http://dbpedia.org/resource/Fought_&_Lost,Fought & Lost,http://dbpedia.org/resource/Sam_Ryder,Sam Ryder,performer,,,http://dbpedia.org/resource/Pop_music,Pop music,http://dbpedia.org/resource/Parlophone,Parlophone,http://dbpedia.org/resource/United_Kingdom,United Kingdom,5/24/2023
http://dbpedia.org/resource/Fought_&_Lost,Fought & Lost,http://dbpedia.org/resource/Sam_Ryder,Sam Ryder,performer,,,http://dbpedia.org/resource/Pop_music,Pop music,http://dbpedia.org/resource/Parlophone,Parlophone,http://dbpedia.org/resource/United_Kingdom,United Kingdom,5/24/2023
http://dbpedia.org/resource/Oral_(song),Oral (song),http://dbpedia.org/resource/Björk,Björk,performer,,,http://dbpedia.org/resource/Pop_music,Pop music,http://dbpedia.org/resource/One_Little_Independent_Records,One Little Independent Records,http://dbpedia.org/resource/Iceland,Iceland,11/21/2023
http://dbpedia.org/resource/Fought_&_Lost,Fought & Lost,http://dbpedia.org/resource/Sam_Ryder,Sam Ryder,performer,,,http://dbpedia.org/resource/Pop_music,Pop music,http://dbpedia.org/resource/Parlophone,Parlophone,http://dbpedia.org/resource/Essex,Essex,5/24/2023
http://dbpedia.org/resource/Michiteyuku,Michiteyuku,http://dbpedia.org/resource/Fujii_Kaze,Fujii Kaze,performer,,,http://dbpedia.org/resource/J-pop,J-pop,http://dbpedia.org/resource/Universal_Music_Japan,Universal Music Japan,http://dbpedia.org/resource/Japan,Japan,3/15/2024
http://dbpedia.org/resource/Michiteyuku,Michiteyuku,http://dbpedia.org/resource/Fujii_Kaze,Fujii Kaze,performer,,,http://dbpedia.org/resource/J-pop,J-pop,http://dbpedia.org/resource/Universal_Music_Japan,Universal Music Japan,http://dbpedia.org/resource/Japan,Japan,3/15/2024
http://dbpedia.org/resource/Lovin_on_Me,Lovin on Me,http://dbpedia.org/resource/Jack_Harlow,Jack Harlow,performer,,,http://dbpedia.org/resource/Pop_rap,Pop rap,http://dbpedia.org/resource/Atlantic_Records,Atlantic Records,http://dbpedia.org/resource/United_States,United States,11/10/2023
http://dbpedia.org/resource/Asibe_Happy,Asibe Happy,http://dbpedia.org/resource/DJ_Maphorisa,DJ Maphorisa,performer,,,http://dbpedia.org/resource/Amapiano,Amapiano,http://dbpedia.org/resource/Sony_Music,Higher Ground Records,http://dbpedia.org/resource/South_Africa,South Africa,11/12/2021
http://dbpedia.org/resource/Asibe_Happy,Asibe Happy,http://dbpedia.org/resource/DJ_Maphorisa,DJ Maphorisa,performer,,,http://dbpedia.org/resource/Amapiano,Amapiano,http://dbpedia.org/resource/Sony_Music,Sony Music Canada,http://dbpedia.org/resource/South_Africa,South Africa,11/12/2021
http://dbpedia.org/resource/Asibe_Happy,Asibe Happy,http://dbpedia.org/resource/DJ_Maphorisa,DJ Maphorisa,performer,,,http://dbpedia.org/resource/Amapiano,Amapiano,http://dbpedia.org/resource/Sony_Music,Sony Music UK,http://dbpedia.org/resource/South_Africa,South Africa,11/12/2021
http://dbpedia.org/resource/Asibe_Happy,Asibe Happy,http://dbpedia.org/resource/DJ_Maphorisa,DJ Maphorisa,performer,,,http://dbpedia.org/resource/Amapiano,Amapiano,http://dbpedia.org/resource/Sony_Music,Sony Music UK,http://dbpedia.org/resource/South_Africa,South Africa,11/12/2021
http://dbpedia.org/resource/Asibe_Happy,Asibe Happy,http://dbpedia.org/resource/DJ_Maphorisa,DJ Maphorisa,performer,,,http://dbpedia.org/resource/Amapiano,Amapiano,http://dbpedia.org/resource/Sony_Music,Sony Music Canada,http://dbpedia.org/resource/South_Africa,South Africa,11/12/2021
http://dbpedia.org/resource/Asibe_Happy,Asibe Happy,http://dbpedia.org/resource/DJ_Maphorisa,DJ Maphorisa,performer,,,http://dbpedia.org/resource/Amapiano,Amapiano,http://dbpedia.org/resource/Sony_Music,Higher Ground Records,http://dbpedia.org/resource/South_Africa,South Africa,11/12/2021
http://dbpedia.org/resource/Asibe_Happy,Asibe Happy,http://dbpedia.org/resource/DJ_Maphorisa,DJ Maphorisa,performer,,,http://dbpedia.org/resource/Amapiano,Amapiano,http://dbpedia.org/resource/Sony_Music,Sony Music,http://dbpedia.org/resource/South_Africa,South Africa,11/12/2021
http://dbpedia.org/resource/Asibe_Happy,Asibe Happy,http://dbpedia.org/resource/DJ_Maphorisa,DJ Maphorisa,performer,,,http://dbpedia.org/resource/Amapiano,Amapiano,http://dbpedia.org/resource/Sony_Music,Sony Music,http://dbpedia.org/resource/South_Africa,South Africa,11/12/2021
http://dbpedia.org/resource/Bon_ton_(song),Bon ton (song),http://dbpedia.org/resource/Sfera_Ebbasta,Sfera Ebbasta,performer,,,,,http://dbpedia.org/resource/Universal_Music_Group,Universal Music Group,http://dbpedia.org/resource/Italy,Italy,6/23/2023
http://dbpedia.org/resource/Bon_ton_(song),Bon ton (song),http://dbpedia.org/resource/Sfera_Ebbasta,Sfera Ebbasta,performer,,,,,http://dbpedia.org/resource/Island_Records,Island Records,http://dbpedia.org/resource/Italy,Italy,6/23/2023
http://dbpedia.org/resource/Bon_ton_(song),Bon ton (song),http://dbpedia.org/resource/Sfera_Ebbasta,Sfera Ebbasta,performer,,,,,http://dbpedia.org/resource/Universal_Music_Group,Universal Music Group,http://dbpedia.org/resource/Italy,Italy,6/23/2023
http://dbpedia.org/resource/Bon_ton_(song),Bon ton (song),http://dbpedia.org/resource/Sfera_Ebbasta,Sfera Ebbasta,performer,,,,,http://dbpedia.org/resource/Island_Records,Island Records,http://dbpedia.org/resource/Italy,Italy,6/23/2023
http://dbpedia.org/resource/Hana_(Fujii_Kaze_song),Hana (Fujii Kaze song),http://dbpedia.org/resource/Fujii_Kaze,Fujii Kaze,performer,,,,,http://dbpedia.org/resource/Universal_Music_Japan,Universal Music Japan,http://dbpedia.org/resource/Japan,Japan,10/13/2023
http://dbpedia.org/resource/Hana_(Fujii_Kaze_song),Hana (Fujii Kaze song),http://dbpedia.org/resource/Fujii_Kaze,Fujii Kaze,performer,,,,,http://dbpedia.org/resource/Universal_Music_Japan,Universal Music Japan,http://dbpedia.org/resource/Japan,Japan,10/13/2023
http://dbpedia.org/resource/Rhyme_Dust,Rhyme Dust,http://dbpedia.org/resource/MK_(DJ),Alana Simon,performer,,,,,http://dbpedia.org/resource/Columbia_Records,Columbia Records,http://dbpedia.org/resource/United_States,United States,2/24/2023
http://dbpedia.org/resource/Rhyme_Dust,Rhyme Dust,http://dbpedia.org/resource/MK_(DJ),MK (DJ),performer,,,,,http://dbpedia.org/resource/Columbia_Records,Columbia Records,http://dbpedia.org/resource/United_States,United States,2/24/2023
http://dbpedia.org/resource/Eat_Your_Man,Eat Your Man,http://dbpedia.org/resource/Nelly_Furtado,Nelly Furtado,performer,,,http://dbpedia.org/resource/Tech_house,Tech house,http://dbpedia.org/resource/Sony_Music,Higher Ground Records,,,6/2/2023
http://dbpedia.org/resource/Eat_Your_Man,Eat Your Man,http://dbpedia.org/resource/Nelly_Furtado,Nelly Furtado,performer,,,http://dbpedia.org/resource/Tech_house,Tech house,http://dbpedia.org/resource/Sony_Music,Sony Music,,,6/2/2023
http://dbpedia.org/resource/Eat_Your_Man,Eat Your Man,http://dbpedia.org/resource/Nelly_Furtado,Nelly Furtado,performer,,,http://dbpedia.org/resource/Tech_house,Tech house,http://dbpedia.org/resource/Sony_Music,Sony Music UK,,,6/2/2023
http://dbpedia.org/resource/Eat_Your_Man,Eat Your Man,http://dbpedia.org/resource/Nelly_Furtado,Nelly Furtado,performer,,,http://dbpedia.org/resource/Tech_house,Tech house,http://dbpedia.org/resource/Sony_Music,Sony Music Canada,,,6/2/2023
http://dbpedia.org/resource/Rhyme_Dust,Rhyme Dust,http://dbpedia.org/resource/MK_(DJ),Alana Simon,performer,,,,,http://dbpedia.org/resource/Columbia_Records,Columbia Records,,,2/24/2023
http://dbpedia.org/resource/Rhyme_Dust,Rhyme Dust,http://dbpedia.org/resource/MK_(DJ),MK (DJ),performer,,,,,http://dbpedia.org/resource/Columbia_Records,Columbia Records,,,2/24/2023
http://dbpedia.org/resource/Kizuna_no_Kiseki,Kizuna no Kiseki,http://dbpedia.org/resource/Man_with_a_Mission,Man with a Mission,performer,,,http://dbpedia.org/resource/Rock_music,Rock music,http://dbpedia.org/resource/Sony_Music_Entertainment_Japan,Sony Music Entertainment Japan,,,5/31/2023
http://dbpedia.org/resource/Kizuna_no_Kiseki,Kizuna no Kiseki,http://dbpedia.org/resource/Milet_(singer),Milet (singer),performer,,,http://dbpedia.org/resource/Rock_music,Rock music,http://dbpedia.org/resource/Sony_Music_Entertainment_Japan,Sony Music Entertainment Japan,,,5/31/2023
http://dbpedia.org/resource/(Nendest)_narkootikumidest_ei_tea_me_(küll)_midagi,(Nendest) narkootikumidest ei tea me (küll) midagi,http://dbpedia.org/resource/5miinust,5miinust,performer,,,http://dbpedia.org/resource/Folktronica,Folktronica,http://dbpedia.org/resource/Universal_Music_Group,Universal Music Group,,,12/8/2023
http://dbpedia.org/resource/(Nendest)_narkootikumidest_ei_tea_me_(küll)_midagi,(Nendest) narkootikumidest ei tea me (küll) midagi,http://dbpedia.org/resource/5miinust,5miinust,performer,,,http://dbpedia.org/resource/Hip_house,Hip house,http://dbpedia.org/resource/Universal_Music_Group,Universal Music Group,,,12/8/2023
http://dbpedia.org/resource/(Nendest)_narkootikumidest_ei_tea_me_(küll)_midagi,(Nendest) narkootikumidest ei tea me (küll) midagi,http://dbpedia.org/resource/5miinust,5miinust,performer,,,http://dbpedia.org/resource/Psychedelic_folk,Psychedelic folk,http://dbpedia.org/resource/Universal_Music_Group,Universal Music Group,,,12/8/2023
http://dbpedia.org/resource/Akwaba,Akwaba,http://dbpedia.org/resource/Magic_System,Magic System,performer,,,http://dbpedia.org/resource/African_popular_music,African popular music,http://dbpedia.org/resource/Universal_Music_Africa,Universal Music Africa,,,10/13/2023
http://dbpedia.org/resource/Platinum_Megamix,Platinum Megamix,http://dbpedia.org/resource/Steps_(pop_group),Steps (pop group),performer,,,,,http://dbpedia.org/resource/Sony_Music,Sony Music,,,6/3/2022
http://dbpedia.org/resource/Platinum_Megamix,Platinum Megamix,http://dbpedia.org/resource/Steps_(pop_group),Steps (pop group),performer,,,,,http://dbpedia.org/resource/Sony_Music,Sony Music Canada,,,6/3/2022
http://dbpedia.org/resource/Platinum_Megamix,Platinum Megamix,http://dbpedia.org/resource/Steps_(pop_group),Steps (pop group),performer,,,,,http://dbpedia.org/resource/Sony_Music,Higher Ground Records,,,6/3/2022
http://dbpedia.org/resource/Platinum_Megamix,Platinum Megamix,http://dbpedia.org/resource/Steps_(pop_group),Steps (pop group),performer,,,,,http://dbpedia.org/resource/Sony_Music,Sony Music UK,,,6/3/2022
http://dbpedia.org/resource/Anytime_Anywhere_(song),Anytime Anywhere (song),http://dbpedia.org/resource/Milet_(singer),Milet (singer),performer,,,,,http://dbpedia.org/resource/Sony_Music_Entertainment_Japan,Sony Music Entertainment Japan,,,9/29/2023
http://dbpedia.org/resource/La_culpa_(song),La culpa (song),http://dbpedia.org/resource/Joel_DELEŌN,Joel DELEŌN,performer,,,http://dbpedia.org/resource/Latin_pop,Latin pop,,,,,10/21/2021
http://dbpedia.org/resource/Blue_(Joel_Deleōn_song),Blue (Joel Deleōn song),http://dbpedia.org/resource/Joel_DELEŌN,Joel DELEŌN,performer,,,http://dbpedia.org/resource/Synth-pop,Synth-pop,,,,,10/26/2023
http://dbpedia.org/resource/La_culpa_(song),La culpa (song),http://dbpedia.org/resource/Joel_DELEŌN,Joel DELEŌN,performer,,,http://dbpedia.org/resource/Regional_Mexican,Regional Mexican,,,,,10/21/2021
http://dbpedia.org/resource/La_culpa_(song),La culpa (song),http://dbpedia.org/resource/Joel_DELEŌN,Joel DELEŌN,performer,,,http://dbpedia.org/resource/Ranchera,Ranchera,,,,,10/21/2021
http://dbpedia.org/resource/IDK_Y,IDK Y,http://dbpedia.org/resource/Joel_DELEŌN,Joel DELEŌN,performer,,,,,,,,,12/16/2022
http://dbpedia.org/resource/COCO_(song),COCO (song),http://dbpedia.org/resource/Joel_DELEŌN,Joel DELEŌN,performer,,,,,,,,,1/27/2022
"http://dbpedia.org/resource/Make_Me_Say_It_Again,_Girl_(song)","Make Me Say It Again, Girl (song)",http://dbpedia.org/resource/The_Isley_Brothers,The Isley Brothers,performer,,,http://dbpedia.org/resource/Soul_music,Soul music,,,,,8/12/2022
http://dbpedia.org/resource/Boost_Up,Boost Up,http://dbpedia.org/resource/Flowdan,Flowdan,performer,,,,,,,,,8/9/2024
http://dbpedia.org/resource/Cough_(Odo)__Cough_Remix__1,,http://dbpedia.org/resource/Kizz_Daniel,Kizz Daniel,performer,http://dbpedia.org/resource/Maverick_(Kizz_Daniel_album),Maverick (Kizz Daniel album),http://dbpedia.org/resource/African_popular_music,African popular music,http://dbpedia.org/resource/Empire_Distribution,Empire Distribution,http://dbpedia.org/resource/Nigeria,Nigeria,7/21/2023
http://dbpedia.org/resource/Cough_(Odo)__Cough_Remix__1,,http://dbpedia.org/resource/Kizz_Daniel,Kizz Daniel,performer,http://dbpedia.org/resource/Maverick_(Kizz_Daniel_album),Maverick (Kizz Daniel album),http://dbpedia.org/resource/African_popular_music,African popular music,http://dbpedia.org/resource/Empire_Distribution,Empire Distribution,,,7/21/2023
http://dbpedia.org/resource/Hard_2_Forget__Hard_2_Forget__1,,http://dbpedia.org/resource/Steps_(pop_group),Steps (pop group),performer,http://dbpedia.org/resource/Platinum_Collection_(Steps_album),Platinum Collection (Steps album),,,http://dbpedia.org/resource/Fascination_Records,Fascination Records,,,7/7/2022
http://dbpedia.org/resource/Hard_2_Forget__Hard_2_Forget__1,,http://dbpedia.org/resource/Steps_(pop_group),Steps (pop group),performer,http://dbpedia.org/resource/Platinum_Collection_(Steps_album),Platinum Collection (Steps album),,,http://dbpedia.org/resource/Sony_Music,Sony Music,,,7/7/2022
http://dbpedia.org/resource/Hard_2_Forget__Hard_2_Forget__1,,http://dbpedia.org/resource/Steps_(pop_group),Steps (pop group),performer,http://dbpedia.org/resource/Platinum_Collection_(Steps_album),Platinum Collection (Steps album),,,http://dbpedia.org/resource/Sony_Music,Sony Music Canada,,,7/7/2022
http://dbpedia.org/resource/Hard_2_Forget__Hard_2_Forget__1,,http://dbpedia.org/resource/Steps_(pop_group),Steps (pop group),performer,http://dbpedia.org/resource/Platinum_Collection_(Steps_album),Platinum Collection (Steps album),,,http://dbpedia.org/resource/Sony_Music,Higher Ground Records,,,7/7/2022
http://dbpedia.org/resource/Hard_2_Forget__Hard_2_Forget__1,,http://dbpedia.org/resource/Steps_(pop_group),Steps (pop group),performer,http://dbpedia.org/resource/Platinum_Collection_(Steps_album),Platinum Collection (Steps album),,,http://dbpedia.org/resource/Sony_Music,Sony Music UK,,,7/7/2022
http://dbpedia.org/resource/Gwagwalada_(song),Gwagwalada (song),http://dbpedia.org/resource/Seyi_Vibez,Seyi Vibez,performer,"http://dbpedia.org/resource/Sincerely,_Benson","Sincerely, Benson",http://dbpedia.org/resource/Afrobeats,Afrobeats,http://dbpedia.org/resource/Empire_Distribution,Empire Distribution,http://dbpedia.org/resource/Nigeria,Nigeria,2/16/2023
http://dbpedia.org/resource/Aparentemente_Bien,Aparentemente Bien,http://dbpedia.org/resource/Jenni_Rivera,Jenni Rivera,performer,http://dbpedia.org/resource/Misión_Cumplida,Misión Cumplida,http://dbpedia.org/resource/Mariachi,Mariachi,http://dbpedia.org/resource/Sony_Music_Latin,Sony Music Latin,http://dbpedia.org/resource/United_States,United States,7/2/2019
http://dbpedia.org/resource/City_Girls_(song),City Girls (song),http://dbpedia.org/resource/Young_Thug,Young Thug,performer,http://dbpedia.org/resource/Slime_&_B,Slime & B,http://dbpedia.org/resource/Contemporary_R&B,Contemporary R&B,http://dbpedia.org/resource/RCA_Records,RCA Records,http://dbpedia.org/resource/United_States,United States,5/5/2020
http://dbpedia.org/resource/It's_OK_I'm_OK,It's OK I'm OK,http://dbpedia.org/resource/Tate_McRae,Tate McRae,performer,http://dbpedia.org/resource/So_Close_to_What,So Close to What,http://dbpedia.org/resource/Contemporary_R&B,Contemporary R&B,http://dbpedia.org/resource/RCA_Records,RCA Records,http://dbpedia.org/resource/Canada,Canada,9/12/2024
http://dbpedia.org/resource/Girls_(The_Kid_Laroi_song),Girls (The Kid Laroi song),http://dbpedia.org/resource/The_Kid_Laroi,The Kid Laroi,performer,http://dbpedia.org/resource/The_First_Time_(The_Kid_Laroi_album),The First Time (The Kid Laroi album),http://dbpedia.org/resource/Contemporary_R&B,Contemporary R&B,http://dbpedia.org/resource/Columbia_Records,Columbia Records,http://dbpedia.org/resource/Australia,Australia,6/28/2024
http://dbpedia.org/resource/City_Girls_(song),City Girls (song),http://dbpedia.org/resource/Young_Thug,Young Thug,performer,http://dbpedia.org/resource/Slime_&_B,Slime & B,http://dbpedia.org/resource/Contemporary_R&B,Contemporary R&B,http://dbpedia.org/resource/RCA_Records,RCA Records,http://dbpedia.org/resource/United_States,United States,5/5/2020
http://dbpedia.org/resource/Exes_(song),Exes (song),http://dbpedia.org/resource/Tate_McRae,Tate McRae,performer,http://dbpedia.org/resource/Think_Later,Think Later,http://dbpedia.org/resource/Contemporary_R&B,Contemporary R&B,http://dbpedia.org/resource/RCA_Records,RCA Records,http://dbpedia.org/resource/Canada,Canada,11/17/2023
http://dbpedia.org/resource/Greedy_(Tate_McRae_song),Greedy (Tate McRae song),http://dbpedia.org/resource/Tate_McRae,Tate McRae,performer,http://dbpedia.org/resource/Think_Later,Think Later,http://dbpedia.org/resource/Contemporary_R&B,Contemporary R&B,http://dbpedia.org/resource/RCA_Records,RCA Records,http://dbpedia.org/resource/Canada,Canada,9/15/2023
http://dbpedia.org/resource/Greedy_(Tate_McRae_song),Greedy (Tate McRae song),http://dbpedia.org/resource/Tate_McRae,Tate McRae,performer,http://dbpedia.org/resource/Think_Later,Think Later,http://dbpedia.org/resource/Dance-pop,Dance-pop,http://dbpedia.org/resource/RCA_Records,RCA Records,http://dbpedia.org/resource/Canada,Canada,9/15/2023
http://dbpedia.org/resource/It's_OK_I'm_OK,It's OK I'm OK,http://dbpedia.org/resource/Tate_McRae,Tate McRae,performer,http://dbpedia.org/resource/So_Close_to_What,So Close to What,http://dbpedia.org/resource/Electronic_music,Electronic music,http://dbpedia.org/resource/RCA_Records,RCA Records,http://dbpedia.org/resource/Canada,Canada,9/12/2024
http://dbpedia.org/resource/It's_OK_I'm_OK,It's OK I'm OK,http://dbpedia.org/resource/Tate_McRae,Tate McRae,performer,http://dbpedia.org/resource/So_Close_to_What,So Close to What,http://dbpedia.org/resource/Hip_hop_music,Hip hop music,http://dbpedia.org/resource/RCA_Records,RCA Records,http://dbpedia.org/resource/Canada,Canada,9/12/2024
http://dbpedia.org/resource/It's_OK_I'm_OK,It's OK I'm OK,http://dbpedia.org/resource/Tate_McRae,Tate McRae,performer,http://dbpedia.org/resource/So_Close_to_What,So Close to What,http://dbpedia.org/resource/Hip_hop_music,Hip-hop,http://dbpedia.org/resource/RCA_Records,RCA Records,http://dbpedia.org/resource/Canada,Canada,9/12/2024
"http://dbpedia.org/resource/Doomsday_(Lyrical_Lemonade,_Juice_Wrld_and_Cordae_song)","Doomsday (Lyrical Lemonade, Juice Wrld and Cordae song)",http://dbpedia.org/resource/Cordae,Cordae,performer,http://dbpedia.org/resource/All_Is_Yellow,All Is Yellow,http://dbpedia.org/resource/Hip_hop_music,Hip hop music,http://dbpedia.org/resource/Def_Jam_Recordings,Def Jam Recordings,http://dbpedia.org/resource/United_States,United States,6/23/2023
"http://dbpedia.org/resource/Doomsday_(Lyrical_Lemonade,_Juice_Wrld_and_Cordae_song)","Doomsday (Lyrical Lemonade, Juice Wrld and Cordae song)",http://dbpedia.org/resource/Cordae,Cordae,performer,http://dbpedia.org/resource/All_Is_Yellow,All Is Yellow,http://dbpedia.org/resource/Hip_hop_music,Hip-hop,http://dbpedia.org/resource/Def_Jam_Recordings,Def Jam Recordings,http://dbpedia.org/resource/United_States,United States,6/23/2023
http://dbpedia.org/resource/Aparentemente_Bien,Aparentemente Bien,http://dbpedia.org/resource/Jenni_Rivera,Jenni Rivera,performer,http://dbpedia.org/resource/Misión_Cumplida,Misión Cumplida,http://dbpedia.org/resource/Latin_pop,Latin pop,http://dbpedia.org/resource/Sony_Music_Latin,Sony Music Latin,http://dbpedia.org/resource/United_States,United States,7/2/2019
http://dbpedia.org/resource/Greedy_(Tate_McRae_song),Greedy (Tate McRae song),http://dbpedia.org/resource/Tate_McRae,Tate McRae,performer,http://dbpedia.org/resource/Think_Later,Think Later,http://dbpedia.org/resource/Pop_music,Pop music,http://dbpedia.org/resource/RCA_Records,RCA Records,http://dbpedia.org/resource/Canada,Canada,9/15/2023
http://dbpedia.org/resource/It's_OK_I'm_OK,It's OK I'm OK,http://dbpedia.org/resource/Tate_McRae,Tate McRae,performer,http://dbpedia.org/resource/So_Close_to_What,So Close to What,http://dbpedia.org/resource/Pop_music,Pop music,http://dbpedia.org/resource/RCA_Records,RCA Records,http://dbpedia.org/resource/Canada,Canada,9/12/2024
http://dbpedia.org/resource/Exes_(song),Exes (song),http://dbpedia.org/resource/Tate_McRae,Tate McRae,performer,http://dbpedia.org/resource/Think_Later,Think Later,http://dbpedia.org/resource/Pop_music,Pop music,http://dbpedia.org/resource/RCA_Records,RCA Records,http://dbpedia.org/resource/Canada,Canada,11/17/2023
http://dbpedia.org/resource/Aparentemente_Bien,Aparentemente Bien,http://dbpedia.org/resource/Jenni_Rivera,Jenni Rivera,performer,http://dbpedia.org/resource/Misión_Cumplida,Misión Cumplida,http://dbpedia.org/resource/Regional_Mexican,Regional Mexican,http://dbpedia.org/resource/Sony_Music_Latin,Sony Music Latin,http://dbpedia.org/resource/United_States,United States,7/2/2019
http://dbpedia.org/resource/Rimani_Qui,Rimani Qui,http://dbpedia.org/resource/Elisa_(Italian_singer),Elisa (Italian singer),performer,http://dbpedia.org/resource/Duets_(30th_Anniversary),Duets (30th Anniversary),http://dbpedia.org/resource/Power_ballad,Power ballad,http://dbpedia.org/resource/Decca_Records,Decca Records,http://dbpedia.org/resource/Italy,Italy,10/25/2024
http://dbpedia.org/resource/Rimani_Qui,Rimani qui,http://dbpedia.org/resource/Elisa_(Italian_singer),Elisa (Italian singer),performer,http://dbpedia.org/resource/Duets_(30th_Anniversary),Duets (30th Anniversary),http://dbpedia.org/resource/Power_ballad,Power ballad,http://dbpedia.org/resource/Decca_Records,Decca Records,http://dbpedia.org/resource/Italy,Italy,10/25/2024
http://dbpedia.org/resource/City_Girls_(song),City Girls (song),http://dbpedia.org/resource/Young_Thug,Young Thug,performer,http://dbpedia.org/resource/Slime_&_B,Slime & B,http://dbpedia.org/resource/Trap_music,Trap music,http://dbpedia.org/resource/RCA_Records,RCA Records,http://dbpedia.org/resource/United_States,United States,5/5/2020
http://dbpedia.org/resource/Exes_(song),Exes (song),http://dbpedia.org/resource/Tate_McRae,Tate McRae,performer,http://dbpedia.org/resource/Think_Later,Think Later,http://dbpedia.org/resource/Trap_music,Trap music,http://dbpedia.org/resource/RCA_Records,RCA Records,http://dbpedia.org/resource/Canada,Canada,11/17/2023
http://dbpedia.org/resource/City_Girls_(song),City Girls (song),http://dbpedia.org/resource/Young_Thug,Young Thug,performer,http://dbpedia.org/resource/Slime_&_B,Slime & B,http://dbpedia.org/resource/Trap_music,Trap music,http://dbpedia.org/resource/RCA_Records,RCA Records,http://dbpedia.org/resource/United_States,United States,5/5/2020
http://dbpedia.org/resource/Gwagwalada_(song),Gwagwalada (song),http://dbpedia.org/resource/Seyi_Vibez,Seyi Vibez,performer,"http://dbpedia.org/resource/Sincerely,_Benson","Sincerely, Benson",http://dbpedia.org/resource/Amapiano,Amapiano,http://dbpedia.org/resource/Empire_Distribution,Empire Distribution,http://dbpedia.org/resource/Nigeria,Nigeria,2/16/2023
http://dbpedia.org/resource/Baby_I'm_Back_(The_Kid_Laroi_song),Baby I'm Back (The Kid Laroi song),http://dbpedia.org/resource/The_Kid_Laroi,The Kid Laroi,performer,http://dbpedia.org/resource/The_First_Time_(The_Kid_Laroi_album),The First Time (The Kid Laroi album),,,http://dbpedia.org/resource/Columbia_Records,Columbia Records,http://dbpedia.org/resource/Australia,Australia,9/27/2024
http://dbpedia.org/resource/Gwagwalada_(song),Gwagwalada (song),http://dbpedia.org/resource/Seyi_Vibez,Seyi Vibez,performer,"http://dbpedia.org/resource/Sincerely,_Benson","Sincerely, Benson",http://dbpedia.org/resource/Afrobeats,Afrobeats,http://dbpedia.org/resource/Empire_Distribution,Empire Distribution,,,2/16/2023
http://dbpedia.org/resource/Not_My_Fault_(song),Not My Fault (song),http://dbpedia.org/resource/Reneé_Rapp,Reneé Rapp,performer,http://dbpedia.org/resource/Mean_Girls_(2024_soundtrack),Mean Girls (2024 soundtrack),http://dbpedia.org/resource/Styles_of_pop_music,Disco-pop,http://dbpedia.org/resource/Interscope_Records,Interscope Records,,,12/15/2023
http://dbpedia.org/resource/Not_My_Fault_(song),Not My Fault (song),http://dbpedia.org/resource/Reneé_Rapp,Reneé Rapp,performer,http://dbpedia.org/resource/Mean_Girls_(2024_soundtrack),Mean Girls (2024 soundtrack),http://dbpedia.org/resource/Styles_of_pop_music,Styles of pop music,http://dbpedia.org/resource/Interscope_Records,Interscope Records,,,12/15/2023
http://dbpedia.org/resource/Girls_(The_Kid_Laroi_song),Girls (The Kid Laroi song),http://dbpedia.org/resource/The_Kid_Laroi,The Kid Laroi,performer,http://dbpedia.org/resource/The_First_Time_(The_Kid_Laroi_album),The First Time (The Kid Laroi album),http://dbpedia.org/resource/Contemporary_R&B,Contemporary R&B,http://dbpedia.org/resource/Columbia_Records,Columbia Records,,,6/28/2024
http://dbpedia.org/resource/3D_(song),3D (song),http://dbpedia.org/resource/Jungkook,Jung Kook,performer,http://dbpedia.org/resource/Golden_(Jungkook_album),Golden (Jung Kook album),http://dbpedia.org/resource/Contemporary_R&B,Contemporary R&B,http://dbpedia.org/resource/Big_Hit_Music,Big Hit Music,,,11/24/2023
http://dbpedia.org/resource/3D_(song),3D (song),http://dbpedia.org/resource/Jungkook,Jung Kook,performer,http://dbpedia.org/resource/Golden_(Jungkook_album),Golden (Jungkook album),http://dbpedia.org/resource/Contemporary_R&B,Contemporary R&B,http://dbpedia.org/resource/Big_Hit_Music,Big Hit Music,,,11/24/2023
http://dbpedia.org/resource/3D_(song),3D (song),http://dbpedia.org/resource/Jungkook,Jungkook,performer,http://dbpedia.org/resource/Golden_(Jungkook_album),Golden (Jungkook album),http://dbpedia.org/resource/Contemporary_R&B,Contemporary R&B,http://dbpedia.org/resource/Big_Hit_Music,Big Hit Music,,,11/24/2023
http://dbpedia.org/resource/3D_(song),3D (song),http://dbpedia.org/resource/Jungkook,Jungkook,performer,http://dbpedia.org/resource/Golden_(Jungkook_album),Golden (Jung Kook album),http://dbpedia.org/resource/Contemporary_R&B,Contemporary R&B,http://dbpedia.org/resource/Big_Hit_Music,Big Hit Music,,,11/24/2023
http://dbpedia.org/resource/3D_(song),3D (song),http://dbpedia.org/resource/Jungkook,Jungkook,performer,http://dbpedia.org/resource/Golden_(Jungkook_album),Golden (Jungkook album),http://dbpedia.org/resource/Contemporary_R&B,Contemporary R&B,http://dbpedia.org/resource/Big_Hit_Music,Big Hit Music,,,9/29/2023
http://dbpedia.org/resource/3D_(song),3D (song),http://dbpedia.org/resource/Jungkook,Jung Kook,performer,http://dbpedia.org/resource/Golden_(Jungkook_album),Golden (Jung Kook album),http://dbpedia.org/resource/Contemporary_R&B,Contemporary R&B,http://dbpedia.org/resource/Big_Hit_Music,Big Hit Music,,,9/29/2023
http://dbpedia.org/resource/3D_(song),3D (song),http://dbpedia.org/resource/Jungkook,Jungkook,performer,http://dbpedia.org/resource/Golden_(Jungkook_album),Golden (Jung Kook album),http://dbpedia.org/resource/Contemporary_R&B,Contemporary R&B,http://dbpedia.org/resource/Big_Hit_Music,Big Hit Music,,,9/29/2023
http://dbpedia.org/resource/3D_(song),3D (song),http://dbpedia.org/resource/Jungkook,Jung Kook,performer,http://dbpedia.org/resource/Golden_(Jungkook_album),Golden (Jungkook album),http://dbpedia.org/resource/Contemporary_R&B,Contemporary R&B,http://dbpedia.org/resource/Big_Hit_Music,Big Hit Music,,,9/29/2023
http://dbpedia.org/resource/Naa_Ready,Naa Ready,http://dbpedia.org/resource/Anirudh_Ravichander,Anirudh Ravichander,performer,http://dbpedia.org/resource/Leo_(soundtrack),Leo (soundtrack),http://dbpedia.org/resource/Electronic_dance_music,Electronic dance music,http://dbpedia.org/resource/Sony_Music_India,Sony Music India,,,6/22/2023
http://dbpedia.org/resource/Naa_Ready,Naa Ready,http://dbpedia.org/resource/Anirudh_Ravichander,Anirudh Ravichander,performer,http://dbpedia.org/resource/Leo_(soundtrack),Leo (soundtrack),http://dbpedia.org/resource/Electronic_dance_music,Electronic dance music,http://dbpedia.org/resource/Sony_Music_India,Sony Music India,,,6/22/2023
http://dbpedia.org/resource/3D_(song),3D (song),http://dbpedia.org/resource/Jungkook,Jungkook,performer,http://dbpedia.org/resource/Golden_(Jungkook_album),Golden (Jungkook album),http://dbpedia.org/resource/Pop_music,Pop music,http://dbpedia.org/resource/Big_Hit_Music,Big Hit Music,,,9/29/2023
http://dbpedia.org/resource/3D_(song),3D (song),http://dbpedia.org/resource/Jungkook,Jung Kook,performer,http://dbpedia.org/resource/Golden_(Jungkook_album),Golden (Jung Kook album),http://dbpedia.org/resource/Pop_music,Pop music,http://dbpedia.org/resource/Big_Hit_Music,Big Hit Music,,,9/29/2023
http://dbpedia.org/resource/3D_(song),3D (song),http://dbpedia.org/resource/Jungkook,Jungkook,performer,http://dbpedia.org/resource/Golden_(Jungkook_album),Golden (Jung Kook album),http://dbpedia.org/resource/Pop_music,Pop music,http://dbpedia.org/resource/Big_Hit_Music,Big Hit Music,,,9/29/2023
http://dbpedia.org/resource/3D_(song),3D (song),http://dbpedia.org/resource/Jungkook,Jung Kook,performer,http://dbpedia.org/resource/Golden_(Jungkook_album),Golden (Jungkook album),http://dbpedia.org/resource/Pop_music,Pop music,http://dbpedia.org/resource/Big_Hit_Music,Big Hit Music,,,9/29/2023
http://dbpedia.org/resource/3D_(song),3D (song),http://dbpedia.org/resource/Jungkook,Jung Kook,performer,http://dbpedia.org/resource/Golden_(Jungkook_album),Golden (Jung Kook album),http://dbpedia.org/resource/Pop_music,Pop music,http://dbpedia.org/resource/Big_Hit_Music,Big Hit Music,,,11/24/2023
http://dbpedia.org/resource/3D_(song),3D (song),http://dbpedia.org/resource/Jungkook,Jungkook,performer,http://dbpedia.org/resource/Golden_(Jungkook_album),Golden (Jung Kook album),http://dbpedia.org/resource/Pop_music,Pop music,http://dbpedia.org/resource/Big_Hit_Music,Big Hit Music,,,11/24/2023
http://dbpedia.org/resource/3D_(song),3D (song),http://dbpedia.org/resource/Jungkook,Jungkook,performer,http://dbpedia.org/resource/Golden_(Jungkook_album),Golden (Jungkook album),http://dbpedia.org/resource/Pop_music,Pop music,http://dbpedia.org/resource/Big_Hit_Music,Big Hit Music,,,11/24/2023
http://dbpedia.org/resource/3D_(song),3D (song),http://dbpedia.org/resource/Jungkook,Jung Kook,performer,http://dbpedia.org/resource/Golden_(Jungkook_album),Golden (Jungkook album),http://dbpedia.org/resource/Pop_music,Pop music,http://dbpedia.org/resource/Big_Hit_Music,Big Hit Music,,,11/24/2023
http://dbpedia.org/resource/Naa_Ready,Naa Ready,http://dbpedia.org/resource/Anirudh_Ravichander,Anirudh Ravichander,performer,http://dbpedia.org/resource/Leo_(soundtrack),Leo (soundtrack),http://dbpedia.org/resource/Rapping,Rapping,http://dbpedia.org/resource/Sony_Music_India,Sony Music India,,,6/22/2023
http://dbpedia.org/resource/Naa_Ready,Naa Ready,http://dbpedia.org/resource/Anirudh_Ravichander,Anirudh Ravichander,performer,http://dbpedia.org/resource/Leo_(soundtrack),Leo (soundtrack),http://dbpedia.org/resource/Rapping,Rapping,http://dbpedia.org/resource/Sony_Music_India,Sony Music India,,,6/22/2023
http://dbpedia.org/resource/Juggernaut_(song),Juggernaut (song),"http://dbpedia.org/resource/Tyler,_the_Creator","Tyler, the Creator",performer,http://dbpedia.org/resource/Call_Me_If_You_Get_Lost,Call Me If You Get Lost,http://dbpedia.org/resource/Alternative_hip_hop,Alternative hip hop,http://dbpedia.org/resource/Columbia_Records,Columbia Records,,,6/25/2021
http://dbpedia.org/resource/Juggernaut_(song),Juggernaut (song),"http://dbpedia.org/resource/Tyler,_the_Creator","Tyler, the Creator",performer,http://dbpedia.org/resource/Call_Me_If_You_Get_Lost,Call Me If You Get Lost,http://dbpedia.org/resource/Alternative_hip_hop,Alternative hip-hop,http://dbpedia.org/resource/Columbia_Records,Columbia Records,,,6/25/2021
http://dbpedia.org/resource/Ain't_No_Love_in_Oklahoma,Ain't No Love in Oklahoma,http://dbpedia.org/resource/Luke_Combs,Luke Combs,performer,http://dbpedia.org/resource/Twisters:_The_Album,Twisters: The Album,http://dbpedia.org/resource/Country_rock,Country rock,http://dbpedia.org/resource/Atlantic_Records,Atlantic Records,,,5/20/2024
http://dbpedia.org/resource/Ain't_No_Love_in_Oklahoma,Ain't No Love in Oklahoma,http://dbpedia.org/resource/Luke_Combs,Luke Combs,performer,http://dbpedia.org/resource/Twisters:_The_Album,Twisters: The Album,http://dbpedia.org/resource/Country_rock,Country rock,http://dbpedia.org/resource/Columbia_Records,Columbia Records,,,5/20/2024
http://dbpedia.org/resource/Not_My_Fault_(song),Not My Fault (song),http://dbpedia.org/resource/Reneé_Rapp,Reneé Rapp,performer,http://dbpedia.org/resource/Mean_Girls_(2024_soundtrack),Mean Girls (2024 soundtrack),http://dbpedia.org/resource/Disco,Disco,http://dbpedia.org/resource/Interscope_Records,Interscope Records,,,12/15/2023
http://dbpedia.org/resource/Not_My_Fault_(song),Not My Fault (song),http://dbpedia.org/resource/Reneé_Rapp,Reneé Rapp,performer,http://dbpedia.org/resource/Mean_Girls_(2024_soundtrack),Mean Girls (2024 soundtrack),http://dbpedia.org/resource/Pop_rap,Pop rap,http://dbpedia.org/resource/Interscope_Records,Interscope Records,,,12/15/2023
http://dbpedia.org/resource/Juggernaut_(song),Juggernaut (song),"http://dbpedia.org/resource/Tyler,_the_Creator","Tyler, the Creator",performer,http://dbpedia.org/resource/Call_Me_If_You_Get_Lost,Call Me If You Get Lost,http://dbpedia.org/resource/Trap_music,Trap music,http://dbpedia.org/resource/Columbia_Records,Columbia Records,,,6/25/2021
http://dbpedia.org/resource/Gwagwalada_(song),Gwagwalada (song),http://dbpedia.org/resource/Seyi_Vibez,Seyi Vibez,performer,"http://dbpedia.org/resource/Sincerely,_Benson","Sincerely, Benson",http://dbpedia.org/resource/Amapiano,Amapiano,http://dbpedia.org/resource/Empire_Distribution,Empire Distribution,,,2/16/2023
http://dbpedia.org/resource/Naa_Ready,Naa Ready,http://dbpedia.org/resource/Anirudh_Ravichander,Anirudh Ravichander,performer,http://dbpedia.org/resource/Leo_(soundtrack),Leo (soundtrack),http://dbpedia.org/resource/Kuthu_(disambiguation),Kuththu,http://dbpedia.org/resource/Sony_Music_India,Sony Music India,,,6/22/2023
http://dbpedia.org/resource/Naa_Ready,Naa Ready,http://dbpedia.org/resource/Anirudh_Ravichander,Anirudh Ravichander,performer,http://dbpedia.org/resource/Leo_(soundtrack),Leo (soundtrack),http://dbpedia.org/resource/Kuthu_(disambiguation),Kuthu,http://dbpedia.org/resource/Sony_Music_India,Sony Music India,,,6/22/2023
http://dbpedia.org/resource/Naa_Ready,Naa Ready,http://dbpedia.org/resource/Anirudh_Ravichander,Anirudh Ravichander,performer,http://dbpedia.org/resource/Leo_(soundtrack),Leo (soundtrack),http://dbpedia.org/resource/Kuthu_(disambiguation),Kuthu (disambiguation),http://dbpedia.org/resource/Sony_Music_India,Sony Music India,,,6/22/2023
http://dbpedia.org/resource/Naa_Ready,Naa Ready,http://dbpedia.org/resource/Anirudh_Ravichander,Anirudh Ravichander,performer,http://dbpedia.org/resource/Leo_(soundtrack),Leo (soundtrack),http://dbpedia.org/resource/Kuthu_(disambiguation),Kuththu,http://dbpedia.org/resource/Sony_Music_India,Sony Music India,,,6/22/2023
http://dbpedia.org/resource/Naa_Ready,Naa Ready,http://dbpedia.org/resource/Anirudh_Ravichander,Anirudh Ravichander,performer,http://dbpedia.org/resource/Leo_(soundtrack),Leo (soundtrack),http://dbpedia.org/resource/Kuthu_(disambiguation),Kuthu,http://dbpedia.org/resource/Sony_Music_India,Sony Music India,,,6/22/2023
http://dbpedia.org/resource/Naa_Ready,Naa Ready,http://dbpedia.org/resource/Anirudh_Ravichander,Anirudh Ravichander,performer,http://dbpedia.org/resource/Leo_(soundtrack),Leo (soundtrack),http://dbpedia.org/resource/Kuthu_(disambiguation),Kuthu (disambiguation),http://dbpedia.org/resource/Sony_Music_India,Sony Music India,,,6/22/2023
http://dbpedia.org/resource/Baby_I'm_Back_(The_Kid_Laroi_song),Baby I'm Back (The Kid Laroi song),http://dbpedia.org/resource/The_Kid_Laroi,The Kid Laroi,performer,http://dbpedia.org/resource/The_First_Time_(The_Kid_Laroi_album),The First Time (The Kid Laroi album),,,http://dbpedia.org/resource/Columbia_Records,Columbia Records,,,9/27/2024
http://dbpedia.org/resource/Alone_(Jimin_song),Alone (Jimin song),http://dbpedia.org/resource/Jimin,Jimin,performer,http://dbpedia.org/resource/Face_(Jimin_album),Face (Jimin album),,,http://dbpedia.org/resource/Big_Hit_Music,Big Hit Music,,,3/24/2023
http://dbpedia.org/resource/Face-Off_(Jimin_song),Face-Off (Jimin song),http://dbpedia.org/resource/Jimin,Jimin,performer,http://dbpedia.org/resource/Face_(Jimin_album),Face (Jimin album),,,http://dbpedia.org/resource/Big_Hit_Music,Big Hit Music,,,3/24/2023
http://dbpedia.org/resource/Closer_to_You_(Jungkook_song),Closer to You (Jung Kook song),http://dbpedia.org/resource/Jungkook,Jung Kook,performer,http://dbpedia.org/resource/Golden_(Jungkook_album),Golden (Jung Kook album),,,http://dbpedia.org/resource/Big_Hit_Music,Big Hit Music,,,11/3/2023
http://dbpedia.org/resource/Closer_to_You_(Jungkook_song),Closer to You (Jung Kook song),http://dbpedia.org/resource/Jungkook,Jung Kook,performer,http://dbpedia.org/resource/Golden_(Jungkook_album),Golden (Jungkook album),,,http://dbpedia.org/resource/Big_Hit_Music,Big Hit Music,,,11/3/2023
http://dbpedia.org/resource/Closer_to_You_(Jungkook_song),Closer to You (Jungkook song),http://dbpedia.org/resource/Jungkook,Jung Kook,performer,http://dbpedia.org/resource/Golden_(Jungkook_album),Golden (Jung Kook album),,,http://dbpedia.org/resource/Big_Hit_Music,Big Hit Music,,,11/3/2023
http://dbpedia.org/resource/Closer_to_You_(Jungkook_song),Closer to You (Jungkook song),http://dbpedia.org/resource/Jungkook,Jung Kook,performer,http://dbpedia.org/resource/Golden_(Jungkook_album),Golden (Jungkook album),,,http://dbpedia.org/resource/Big_Hit_Music,Big Hit Music,,,11/3/2023
http://dbpedia.org/resource/Closer_to_You_(Jungkook_song),Closer to You (Jung Kook song),http://dbpedia.org/resource/Jungkook,Jungkook,performer,http://dbpedia.org/resource/Golden_(Jungkook_album),Golden (Jung Kook album),,,http://dbpedia.org/resource/Big_Hit_Music,Big Hit Music,,,11/3/2023
http://dbpedia.org/resource/Closer_to_You_(Jungkook_song),Closer to You (Jung Kook song),http://dbpedia.org/resource/Jungkook,Jungkook,performer,http://dbpedia.org/resource/Golden_(Jungkook_album),Golden (Jungkook album),,,http://dbpedia.org/resource/Big_Hit_Music,Big Hit Music,,,11/3/2023
http://dbpedia.org/resource/Closer_to_You_(Jungkook_song),Closer to You (Jungkook song),http://dbpedia.org/resource/Jungkook,Jungkook,performer,http://dbpedia.org/resource/Golden_(Jungkook_album),Golden (Jung Kook album),,,http://dbpedia.org/resource/Big_Hit_Music,Big Hit Music,,,11/3/2023
http://dbpedia.org/resource/Closer_to_You_(Jungkook_song),Closer to You (Jungkook song),http://dbpedia.org/resource/Jungkook,Jungkook,performer,http://dbpedia.org/resource/Golden_(Jungkook_album),Golden (Jungkook album),,,http://dbpedia.org/resource/Big_Hit_Music,Big Hit Music,,,11/3/2023
http://dbpedia.org/resource/Bleach_(song),Bleach (song),http://dbpedia.org/resource/Brockhampton_(band),Brockhampton (band),performer,http://dbpedia.org/resource/Saturation_III,Saturation III,http://dbpedia.org/resource/Contemporary_R&B,Contemporary R&B,http://dbpedia.org/resource/Empire_Distribution,Empire Distribution,,,12/15/2017
http://dbpedia.org/resource/I'm_Not_for_Everyone,I'm Not for Everyone,http://dbpedia.org/resource/Brothers_Osborne,Brothers Osborne,performer,http://dbpedia.org/resource/Skeletons_(Brothers_Osborne_album),Skeletons (Brothers Osborne album),http://dbpedia.org/resource/Country_music,Country music,http://dbpedia.org/resource/Universal_Music_Group_Nashville,Lost Highway Records,,,4/26/2021
http://dbpedia.org/resource/I'm_Not_for_Everyone,I'm Not for Everyone,http://dbpedia.org/resource/Brothers_Osborne,Brothers Osborne,performer,http://dbpedia.org/resource/Skeletons_(Brothers_Osborne_album),Skeletons (Brothers Osborne album),http://dbpedia.org/resource/Country_music,Country music,http://dbpedia.org/resource/Universal_Music_Group_Nashville,Universal Music Group Nashville,,,4/26/2021
http://dbpedia.org/resource/I'm_Not_for_Everyone,I'm Not for Everyone,http://dbpedia.org/resource/Brothers_Osborne,Brothers Osborne,performer,http://dbpedia.org/resource/Skeletons_(Brothers_Osborne_album),Skeletons (Brothers Osborne album),http://dbpedia.org/resource/Country_music,Country music,http://dbpedia.org/resource/Universal_Music_Group_Nashville,Music Corporation of America,,,4/26/2021
http://dbpedia.org/resource/Gummy_(song),Gummy (song),http://dbpedia.org/resource/Brockhampton_(band),Brockhampton (band),performer,http://dbpedia.org/resource/Saturation_II,Saturation II,http://dbpedia.org/resource/Hip_hop_music,Hip hop music,http://dbpedia.org/resource/Empire_Distribution,Empire Distribution,,,8/2/2017
http://dbpedia.org/resource/Gummy_(song),Gummy (song),http://dbpedia.org/resource/Brockhampton_(band),Brockhampton (band),performer,http://dbpedia.org/resource/Saturation_II,Saturation II,http://dbpedia.org/resource/Hip_hop_music,Hip-hop,http://dbpedia.org/resource/Empire_Distribution,Empire Distribution,,,8/2/2017
http://dbpedia.org/resource/Bleach_(song),Bleach (song),http://dbpedia.org/resource/Brockhampton_(band),Brockhampton (band),performer,http://dbpedia.org/resource/Saturation_III,Saturation III,http://dbpedia.org/resource/Hip_hop_music,Hip hop music,http://dbpedia.org/resource/Empire_Distribution,Empire Distribution,,,12/15/2017
http://dbpedia.org/resource/Bleach_(song),Bleach (song),http://dbpedia.org/resource/Brockhampton_(band),Brockhampton (band),performer,http://dbpedia.org/resource/Saturation_III,Saturation III,http://dbpedia.org/resource/Hip_hop_music,Hip-hop,http://dbpedia.org/resource/Empire_Distribution,Empire Distribution,,,12/15/2017
http://dbpedia.org/resource/Gold_(Brockhampton_song),Gold (Brockhampton song),http://dbpedia.org/resource/Brockhampton_(band),Brockhampton (band),performer,http://dbpedia.org/resource/Saturation_(Brockhampton_album),Saturation (Brockhampton album),http://dbpedia.org/resource/Hip_hop_music,Hip hop music,http://dbpedia.org/resource/Empire_Distribution,Empire Distribution,,,5/23/2017
http://dbpedia.org/resource/Gold_(Brockhampton_song),Gold (Brockhampton song),http://dbpedia.org/resource/Brockhampton_(band),Brockhampton (band),performer,http://dbpedia.org/resource/Saturation_(Brockhampton_album),Saturation (Brockhampton album),http://dbpedia.org/resource/Hip_hop_music,Hip-hop,http://dbpedia.org/resource/Empire_Distribution,Empire Distribution,,,5/23/2017
http://dbpedia.org/resource/God_Is_Really_Real,God Is Really Real,http://dbpedia.org/resource/AJR,AJR,performer,http://dbpedia.org/resource/The_Maybe_Man,The Maybe Man,http://dbpedia.org/resource/Pop_music,Pop music,http://dbpedia.org/resource/Mercury_Records,Mercury Records,,,7/5/2023
http://dbpedia.org/resource/Boogie_(song),Boogie (song),http://dbpedia.org/resource/Brockhampton_(band),Brockhampton (band),performer,http://dbpedia.org/resource/Saturation_III,Saturation III,http://dbpedia.org/resource/Alternative_hip_hop,Alternative hip hop,http://dbpedia.org/resource/Empire_Distribution,Empire Distribution,,,12/12/2017
http://dbpedia.org/resource/Boogie_(song),Boogie (song),http://dbpedia.org/resource/Brockhampton_(band),Brockhampton (band),performer,http://dbpedia.org/resource/Saturation_III,Saturation III,http://dbpedia.org/resource/Alternative_hip_hop,Alternative hip-hop,http://dbpedia.org/resource/Empire_Distribution,Empire Distribution,,,12/12/2017
http://dbpedia.org/resource/J'ouvert_(song),J'ouvert (song),http://dbpedia.org/resource/Brockhampton_(band),Brockhampton (band),performer,http://dbpedia.org/resource/Iridescence_(album),Iridescence (album),http://dbpedia.org/resource/Alternative_hip_hop,Alternative hip hop,http://dbpedia.org/resource/RCA_Records,RCA Records,,,9/20/2018
http://dbpedia.org/resource/J'ouvert_(song),J'ouvert (song),http://dbpedia.org/resource/Brockhampton_(band),Brockhampton (band),performer,http://dbpedia.org/resource/Iridescence_(album),Iridescence (album),http://dbpedia.org/resource/Alternative_hip_hop,Alternative hip-hop,http://dbpedia.org/resource/RCA_Records,RCA Records,,,9/20/2018
http://dbpedia.org/resource/Delresto_(Echoes),Delresto (Echoes),http://dbpedia.org/resource/Travis_Scott,Travis Scott,performer,http://dbpedia.org/resource/Utopia_(Travis_Scott_album),Utopia (Travis Scott album),http://dbpedia.org/resource/Hip_house,Hip house,http://dbpedia.org/resource/Cactus_Jack_Records,Cactus Jack Records,,,7/28/2023
http://dbpedia.org/resource/Delresto_(Echoes),Delresto (Echoes),http://dbpedia.org/resource/Travis_Scott,Travis Scott,performer,http://dbpedia.org/resource/Utopia_(Travis_Scott_album),Utopia (Travis Scott album),http://dbpedia.org/resource/Hip_house,Hip house,http://dbpedia.org/resource/Parkwood_Entertainment,Parkwood Entertainment,,,7/28/2023
http://dbpedia.org/resource/Delresto_(Echoes),Delresto (Echoes),http://dbpedia.org/resource/Travis_Scott,Travis Scott,performer,http://dbpedia.org/resource/Utopia_(Travis_Scott_album),Utopia (Travis Scott album),http://dbpedia.org/resource/Hip_house,Hip house,http://dbpedia.org/resource/Epic_Records,Epic Records,,,7/28/2023
http://dbpedia.org/resource/Delresto_(Echoes),Delresto (Echoes),http://dbpedia.org/resource/Travis_Scott,Travis Scott,performer,http://dbpedia.org/resource/Utopia_(Travis_Scott_album),Utopia (Travis Scott album),http://dbpedia.org/resource/Hip_house,Hip house,http://dbpedia.org/resource/Columbia_Records,Columbia Records,,,7/28/2023
http://dbpedia.org/resource/J'ouvert_(song),J'ouvert (song),http://dbpedia.org/resource/Brockhampton_(band),Brockhampton (band),performer,http://dbpedia.org/resource/Iridescence_(album),Iridescence (album),http://dbpedia.org/resource/Industrial_hip_hop,Industrial hip hop,http://dbpedia.org/resource/RCA_Records,RCA Records,,,9/20/2018
http://dbpedia.org/resource/J'ouvert_(song),J'ouvert (song),http://dbpedia.org/resource/Brockhampton_(band),Brockhampton (band),performer,http://dbpedia.org/resource/Iridescence_(album),Iridescence (album),http://dbpedia.org/resource/Industrial_hip_hop,Industrial hip-hop,http://dbpedia.org/resource/RCA_Records,RCA Records,,,9/20/2018
http://dbpedia.org/resource/Heat_(Brockhampton_song),Heat (Brockhampton song),http://dbpedia.org/resource/Brockhampton_(band),Brockhampton (band),performer,http://dbpedia.org/resource/Saturation_(Brockhampton_album),Saturation (Brockhampton album),http://dbpedia.org/resource/Hardcore_hip_hop,Hardcore hip hop,http://dbpedia.org/resource/Empire_Distribution,Empire Distribution,,,5/18/2017
http://dbpedia.org/resource/Heat_(Brockhampton_song),Heat (Brockhampton song),http://dbpedia.org/resource/Brockhampton_(band),Brockhampton (band),performer,http://dbpedia.org/resource/Saturation_(Brockhampton_album),Saturation (Brockhampton album),http://dbpedia.org/resource/Hardcore_hip_hop,Hardcore hip-hop,http://dbpedia.org/resource/Empire_Distribution,Empire Distribution,,,5/18/2017
http://dbpedia.org/resource/Junky_(song),Junky (song),http://dbpedia.org/resource/Brockhampton_(band),Brockhampton (band),performer,http://dbpedia.org/resource/Saturation_II,Saturation II,http://dbpedia.org/resource/Hardcore_hip_hop,Hardcore hip hop,http://dbpedia.org/resource/Empire_Distribution,Empire Distribution,,,8/15/2017
http://dbpedia.org/resource/Junky_(song),Junky (song),http://dbpedia.org/resource/Brockhampton_(band),Brockhampton (band),performer,http://dbpedia.org/resource/Saturation_II,Saturation II,http://dbpedia.org/resource/Hardcore_hip_hop,Hardcore hip-hop,http://dbpedia.org/resource/Empire_Distribution,Empire Distribution,,,8/15/2017
http://dbpedia.org/resource/Junky_(song),Junky (song),http://dbpedia.org/resource/Brockhampton_(band),Brockhampton (band),performer,http://dbpedia.org/resource/Saturation_II,Saturation II,http://dbpedia.org/resource/Political_hip_hop,Conscious hip hop,http://dbpedia.org/resource/Empire_Distribution,Empire Distribution,,,8/15/2017
http://dbpedia.org/resource/Junky_(song),Junky (song),http://dbpedia.org/resource/Brockhampton_(band),Brockhampton (band),performer,http://dbpedia.org/resource/Saturation_II,Saturation II,http://dbpedia.org/resource/Political_hip_hop,Political hip hop,http://dbpedia.org/resource/Empire_Distribution,Empire Distribution,,,8/15/2017
http://dbpedia.org/resource/Junky_(song),Junky (song),http://dbpedia.org/resource/Brockhampton_(band),Brockhampton (band),performer,http://dbpedia.org/resource/Saturation_II,Saturation II,http://dbpedia.org/resource/Political_hip_hop,Political hip-hop,http://dbpedia.org/resource/Empire_Distribution,Empire Distribution,,,8/15/2017
http://dbpedia.org/resource/Beg_Forgiveness,Beg Forgiveness,http://dbpedia.org/resource/¥$,¥$,performer,http://dbpedia.org/resource/Vultures_1,Vultures 1,,,http://dbpedia.org/resource/Yeezy_(brand),Yeezy (brand),,,2/10/2024
http://dbpedia.org/resource/Honey_(Are_U_Coming%3F),Honey (Are U Coming?),http://dbpedia.org/resource/Måneskin,Måneskin,performer,http://dbpedia.org/resource/Rush!,Rush!,,,http://dbpedia.org/resource/Epic_Records,Epic Records,,,9/1/2023
http://dbpedia.org/resource/Bad_Time_(Alkaline_Trio_song),Bad Time (Alkaline Trio song),http://dbpedia.org/resource/Alkaline_Trio,Alkaline Trio,performer,"http://dbpedia.org/resource/Blood,_Hair,_and_Eyeballs","Blood, Hair, and Eyeballs",,,http://dbpedia.org/resource/Rise_Records,Rise Records,,,11/30/2023
http://dbpedia.org/resource/Little_Big_Us,Little Big Us,http://dbpedia.org/resource/JJ_Lin,JJ Lin,performer,http://dbpedia.org/resource/Message_in_a_Bottle_(album),Message in a Bottle (album),http://dbpedia.org/resource/Mandopop,Mandopop,,,,,11/25/2017
http://dbpedia.org/resource/Nobody's_Nobody,Nobody's Nobody,http://dbpedia.org/resource/Brothers_Osborne,Brothers Osborne,performer,http://dbpedia.org/resource/Brothers_Osborne_(album),Brothers Osborne (album),http://dbpedia.org/resource/Country_music,Country music,,,,,4/7/2023
http://dbpedia.org/resource/Always_Beside_You,Always Beside You,http://dbpedia.org/resource/Coterie_(band),Coterie (band),performer,http://dbpedia.org/resource/Coterie_(album),Coterie (album),http://dbpedia.org/resource/Dub_music,Dub music,,,,,12/9/2022
http://dbpedia.org/resource/Always_Beside_You,Always Beside You,http://dbpedia.org/resource/Coterie_(band),Coterie (band),performer,http://dbpedia.org/resource/Coterie_(album),Coterie (album),http://dbpedia.org/resource/Pop_music,Pop music,,,,,12/9/2022
http://dbpedia.org/resource/Always_Beside_You,Always Beside You,http://dbpedia.org/resource/Coterie_(band),Coterie (band),performer,http://dbpedia.org/resource/Coterie_(album),Coterie (album),http://dbpedia.org/resource/Reggae,Reggae,,,,,12/9/2022
http://dbpedia.org/resource/Big_FU,Big FU,http://dbpedia.org/resource/Lil_Durk,Lil Durk,performer,,,http://dbpedia.org/resource/Afrobeats,Afrobeats,http://dbpedia.org/resource/Warner_Music_Group,Warner Music Group,http://dbpedia.org/resource/United_States,United States,10/27/2023
http://dbpedia.org/resource/Big_FU,Big FU,http://dbpedia.org/resource/Lil_Durk,Lil Durk,performer,,,http://dbpedia.org/resource/Afrobeats,Afrobeats,http://dbpedia.org/resource/Warner_Music_Group,Warner Music Group,http://dbpedia.org/resource/United_States,United States,10/27/2023
http://dbpedia.org/resource/Saving_Up,Saving Up,http://dbpedia.org/resource/Dom_Dolla,Dom Dolla,performer,,,http://dbpedia.org/resource/House_music,House music,http://dbpedia.org/resource/Sony_Music,Sony Music Canada,http://dbpedia.org/resource/Philippines,Philippines,10/6/2023
http://dbpedia.org/resource/Saving_Up,Saving Up,http://dbpedia.org/resource/Dom_Dolla,Dom Dolla,performer,,,http://dbpedia.org/resource/House_music,House music,http://dbpedia.org/resource/Sony_Music,Sony Music UK,http://dbpedia.org/resource/Philippines,Philippines,10/6/2023
http://dbpedia.org/resource/Big_FU,Big FU,http://dbpedia.org/resource/Lil_Durk,Lil Durk,performer,,,http://dbpedia.org/resource/House_music,House music,http://dbpedia.org/resource/Warner_Music_Group,Warner Music Group,http://dbpedia.org/resource/United_States,United States,10/27/2023
http://dbpedia.org/resource/Saving_Up,Saving Up,http://dbpedia.org/resource/Dom_Dolla,Dom Dolla,performer,,,http://dbpedia.org/resource/House_music,House music,http://dbpedia.org/resource/Sony_Music,Sony Music,http://dbpedia.org/resource/Philippines,Philippines,10/6/2023
http://dbpedia.org/resource/Saving_Up,Saving Up,http://dbpedia.org/resource/Dom_Dolla,Dom Dolla,performer,,,http://dbpedia.org/resource/House_music,House music,http://dbpedia.org/resource/Sony_Music,Higher Ground Records,http://dbpedia.org/resource/Philippines,Philippines,10/6/2023
http://dbpedia.org/resource/Big_FU,Big FU,http://dbpedia.org/resource/Lil_Durk,Lil Durk,performer,,,http://dbpedia.org/resource/House_music,House music,http://dbpedia.org/resource/Warner_Music_Group,Warner Music Group,http://dbpedia.org/resource/United_States,United States,10/27/2023
http://dbpedia.org/resource/Ice_Slippin,Ice Slippin,http://dbpedia.org/resource/Omar_Apollo,Omar Apollo,performer,,,http://dbpedia.org/resource/Synth-pop,Synth-pop,http://dbpedia.org/resource/Warner_Records,Warner Bros. Records,http://dbpedia.org/resource/United_States,United States,8/26/2023
http://dbpedia.org/resource/Ice_Slippin,Ice Slippin,http://dbpedia.org/resource/Omar_Apollo,Omar Apollo,performer,,,http://dbpedia.org/resource/Synth-pop,Synth-pop,http://dbpedia.org/resource/Warner_Records,Warner Records,http://dbpedia.org/resource/United_States,United States,8/26/2023
http://dbpedia.org/resource/Saving_Up,Saving Up,http://dbpedia.org/resource/Dom_Dolla,Dom Dolla,performer,,,http://dbpedia.org/resource/Disco,Disco,http://dbpedia.org/resource/Sony_Music,Sony Music UK,http://dbpedia.org/resource/Philippines,Philippines,10/6/2023
http://dbpedia.org/resource/Saving_Up,Saving Up,http://dbpedia.org/resource/Dom_Dolla,Dom Dolla,performer,,,http://dbpedia.org/resource/Disco,Disco,http://dbpedia.org/resource/Sony_Music,Sony Music Canada,http://dbpedia.org/resource/Philippines,Philippines,10/6/2023
http://dbpedia.org/resource/Saving_Up,Saving Up,http://dbpedia.org/resource/Dom_Dolla,Dom Dolla,performer,,,http://dbpedia.org/resource/Disco,Disco,http://dbpedia.org/resource/Sony_Music,Sony Music,http://dbpedia.org/resource/Philippines,Philippines,10/6/2023
http://dbpedia.org/resource/Saving_Up,Saving Up,http://dbpedia.org/resource/Dom_Dolla,Dom Dolla,performer,,,http://dbpedia.org/resource/Disco,Disco,http://dbpedia.org/resource/Sony_Music,Higher Ground Records,http://dbpedia.org/resource/Philippines,Philippines,10/6/2023
http://dbpedia.org/resource/Big_FU,Big FU,http://dbpedia.org/resource/Lil_Durk,Lil Durk,performer,,,http://dbpedia.org/resource/Hip_house,Hip house,http://dbpedia.org/resource/Warner_Music_Group,Warner Music Group,http://dbpedia.org/resource/United_States,United States,10/27/2023
http://dbpedia.org/resource/Big_FU,Big FU,http://dbpedia.org/resource/Lil_Durk,Lil Durk,performer,,,http://dbpedia.org/resource/Hip_house,Hip house,http://dbpedia.org/resource/Warner_Music_Group,Warner Music Group,http://dbpedia.org/resource/United_States,United States,10/27/2023
http://dbpedia.org/resource/Asibe_Happy,Asibe Happy,http://dbpedia.org/resource/Kabza_de_Small,Kabza de Small,performer,,,http://dbpedia.org/resource/Amapiano,Amapiano,http://dbpedia.org/resource/Sony_Music,Sony Music,http://dbpedia.org/resource/South_Africa,South Africa,11/12/2021
http://dbpedia.org/resource/Asibe_Happy,Asibe Happy,http://dbpedia.org/resource/Kabza_de_Small,Kabza de Small,performer,,,http://dbpedia.org/resource/Amapiano,Amapiano,http://dbpedia.org/resource/Sony_Music,Sony Music Canada,http://dbpedia.org/resource/South_Africa,South Africa,11/12/2021
http://dbpedia.org/resource/Asibe_Happy,Asibe Happy,http://dbpedia.org/resource/Kabza_de_Small,Kabza de Small,performer,,,http://dbpedia.org/resource/Amapiano,Amapiano,http://dbpedia.org/resource/Sony_Music,Higher Ground Records,http://dbpedia.org/resource/South_Africa,South Africa,11/12/2021
http://dbpedia.org/resource/Asibe_Happy,Asibe Happy,http://dbpedia.org/resource/Kabza_de_Small,Kabza de Small,performer,,,http://dbpedia.org/resource/Amapiano,Amapiano,http://dbpedia.org/resource/Sony_Music,Sony Music UK,http://dbpedia.org/resource/South_Africa,South Africa,11/12/2021
http://dbpedia.org/resource/Asibe_Happy,Asibe Happy,http://dbpedia.org/resource/Kabza_de_Small,Kabza de Small,performer,,,http://dbpedia.org/resource/Amapiano,Amapiano,http://dbpedia.org/resource/Sony_Music,Sony Music UK,http://dbpedia.org/resource/South_Africa,South Africa,11/12/2021
http://dbpedia.org/resource/Asibe_Happy,Asibe Happy,http://dbpedia.org/resource/Kabza_de_Small,Kabza de Small,performer,,,http://dbpedia.org/resource/Amapiano,Amapiano,http://dbpedia.org/resource/Sony_Music,Sony Music,http://dbpedia.org/resource/South_Africa,South Africa,11/12/2021
http://dbpedia.org/resource/Asibe_Happy,Asibe Happy,http://dbpedia.org/resource/Kabza_de_Small,Kabza de Small,performer,,,http://dbpedia.org/resource/Amapiano,Amapiano,http://dbpedia.org/resource/Sony_Music,Sony Music Canada,http://dbpedia.org/resource/South_Africa,South Africa,11/12/2021
http://dbpedia.org/resource/Asibe_Happy,Asibe Happy,http://dbpedia.org/resource/Kabza_de_Small,Kabza de Small,performer,,,http://dbpedia.org/resource/Amapiano,Amapiano,http://dbpedia.org/resource/Sony_Music,Higher Ground Records,http://dbpedia.org/resource/South_Africa,South Africa,11/12/2021
http://dbpedia.org/resource/Eat_Your_Man,Eat Your Man,http://dbpedia.org/resource/Dom_Dolla,Dom Dolla,performer,,,http://dbpedia.org/resource/Tech_house,Tech house,http://dbpedia.org/resource/Sony_Music,Sony Music UK,http://dbpedia.org/resource/Philippines,Philippines,6/2/2023
http://dbpedia.org/resource/Eat_Your_Man,Eat Your Man,http://dbpedia.org/resource/Dom_Dolla,Dom Dolla,performer,,,http://dbpedia.org/resource/Tech_house,Tech house,http://dbpedia.org/resource/Sony_Music,Sony Music,http://dbpedia.org/resource/Philippines,Philippines,6/2/2023
http://dbpedia.org/resource/Eat_Your_Man,Eat Your Man,http://dbpedia.org/resource/Dom_Dolla,Dom Dolla,performer,,,http://dbpedia.org/resource/Tech_house,Tech house,http://dbpedia.org/resource/Sony_Music,Higher Ground Records,http://dbpedia.org/resource/Philippines,Philippines,6/2/2023
http://dbpedia.org/resource/Pump_the_Brakes,Pump the Brakes,http://dbpedia.org/resource/Dom_Dolla,Dom Dolla,performer,,,http://dbpedia.org/resource/Tech_house,Tech house,http://dbpedia.org/resource/RCA_Records,RCA Records,http://dbpedia.org/resource/Philippines,Philippines,3/26/2021
http://dbpedia.org/resource/Eat_Your_Man,Eat Your Man,http://dbpedia.org/resource/Dom_Dolla,Dom Dolla,performer,,,http://dbpedia.org/resource/Tech_house,Tech house,http://dbpedia.org/resource/Sony_Music,Sony Music Canada,http://dbpedia.org/resource/Philippines,Philippines,6/2/2023
http://dbpedia.org/resource/Girls_(Dom_Dolla_song),Girls (Dom Dolla song),http://dbpedia.org/resource/Dom_Dolla,Dom Dolla,performer,,,,,http://dbpedia.org/resource/Sony_Music,Higher Ground Records,http://dbpedia.org/resource/Philippines,Philippines,6/7/2024
http://dbpedia.org/resource/Miracle_Maker,Miracle Maker,http://dbpedia.org/resource/Dom_Dolla,Dom Dolla,performer,,,,,http://dbpedia.org/resource/Warner_Music_Australia,Warner Music Australia,http://dbpedia.org/resource/Philippines,Philippines,7/15/2022
http://dbpedia.org/resource/Moving_Blind,Moving Blind,http://dbpedia.org/resource/Dom_Dolla,Dom Dolla,performer,,,,,http://dbpedia.org/resource/Warner_Music_Australia,Warner Music Australia,http://dbpedia.org/resource/Philippines,Philippines,6/26/2020
http://dbpedia.org/resource/Girls_(Dom_Dolla_song),Girls (Dom Dolla song),http://dbpedia.org/resource/Dom_Dolla,Dom Dolla,performer,,,,,http://dbpedia.org/resource/Sony_Music,Sony Music,http://dbpedia.org/resource/Philippines,Philippines,6/7/2024
http://dbpedia.org/resource/Girls_(Dom_Dolla_song),Girls (Dom Dolla song),http://dbpedia.org/resource/Dom_Dolla,Dom Dolla,performer,,,,,http://dbpedia.org/resource/Sony_Music,Sony Music UK,http://dbpedia.org/resource/Philippines,Philippines,6/7/2024
http://dbpedia.org/resource/Girls_(Dom_Dolla_song),Girls (Dom Dolla song),http://dbpedia.org/resource/Dom_Dolla,Dom Dolla,performer,,,,,http://dbpedia.org/resource/Sony_Music,Sony Music Canada,http://dbpedia.org/resource/Philippines,Philippines,6/7/2024
http://dbpedia.org/resource/3_Boys,3 Boys,http://dbpedia.org/resource/Omar_Apollo,Omar Apollo,performer,,,,,http://dbpedia.org/resource/Warner_Records,Warner Records,http://dbpedia.org/resource/United_States,United States,2/16/2023
http://dbpedia.org/resource/3_Boys,3 Boys,http://dbpedia.org/resource/Omar_Apollo,Omar Apollo,performer,,,,,http://dbpedia.org/resource/Warner_Records,Warner Bros. Records,http://dbpedia.org/resource/United_States,United States,2/16/2023
http://dbpedia.org/resource/Akwaba,Akwaba,http://dbpedia.org/resource/Mohamed_Ramadan_(actor_and_singer),Mohamed Ramadan (actor and singer),performer,,,http://dbpedia.org/resource/African_popular_music,African popular music,http://dbpedia.org/resource/Universal_Music_Africa,Universal Music Africa,,,10/13/2023
http://dbpedia.org/resource/Never_Let_Go_(Jungkook_song),Never Let Go (Jungkook song),http://dbpedia.org/resource/Jungkook,Jungkook,performer,,,,,http://dbpedia.org/resource/Big_Hit_Music,Big Hit Music,,,6/7/2024
http://dbpedia.org/resource/Never_Let_Go_(Jungkook_song),Never Let Go (Jungkook song),http://dbpedia.org/resource/Jungkook,Jung Kook,performer,,,,,http://dbpedia.org/resource/Big_Hit_Music,Big Hit Music,,,6/7/2024
http://dbpedia.org/resource/Never_Let_Go_(Jungkook_song),Never Let Go (Jung Kook song),http://dbpedia.org/resource/Jungkook,Jung Kook,performer,,,,,http://dbpedia.org/resource/Big_Hit_Music,Big Hit Music,,,6/7/2024
http://dbpedia.org/resource/Never_Let_Go_(Jungkook_song),Never Let Go (Jung Kook song),http://dbpedia.org/resource/Jungkook,Jungkook,performer,,,,,http://dbpedia.org/resource/Big_Hit_Music,Big Hit Music,,,6/7/2024
http://dbpedia.org/resource/Name_of_Love_(Cinema_Staff_song),Name of Love (Cinema Staff song),http://dbpedia.org/resource/Cinema_Staff,Cinema Staff,performer,,,http://dbpedia.org/resource/Anime_song,Anime song,http://dbpedia.org/resource/Pony_Canyon,Pony Canyon,,,5/29/2019
http://dbpedia.org/resource/Heard_of_Me,Heard of Me,http://dbpedia.org/resource/YoungBoy_Never_Broke_Again,YoungBoy Never Broke Again,performer,,,,,http://dbpedia.org/resource/Motown,Motown,,,10/20/2023
http://dbpedia.org/resource/Heard_of_Me,Heard of Me,http://dbpedia.org/resource/YoungBoy_Never_Broke_Again,YoungBoy Never Broke Again,performer,,,,,http://dbpedia.org/resource/Never_Broke_Again,Never Broke Again,,,10/20/2023
http://dbpedia.org/resource/Be_a_Flower,Be a Flower,http://dbpedia.org/resource/Ryokuoushoku_Shakai,Ryokuoushoku Shakai,performer,,,,,http://dbpedia.org/resource/Epic_Records_Japan,Epic Records Japan,,,12/6/2023
http://dbpedia.org/resource/Luochahai_City,Luochahai City,http://dbpedia.org/resource/Dao_Lang_(singer),Dao Lang (singer),performer,,,http://dbpedia.org/resource/Folk_music,Folk music,,,http://dbpedia.org/resource/China,China,7/19/2023
http://dbpedia.org/resource/Luochahai_City,Luochahai City,http://dbpedia.org/resource/Dao_Lang_(singer),Dao Lang (singer),performer,,,http://dbpedia.org/resource/Folk_music,Folk music,,,http://dbpedia.org/resource/China,China,7/19/2023
http://dbpedia.org/resource/Luochahai_City,Luochahai City,http://dbpedia.org/resource/Dao_Lang_(singer),Dao Lang (singer),performer,,,http://dbpedia.org/resource/Pop_music,Pop music,,,http://dbpedia.org/resource/China,China,7/19/2023
http://dbpedia.org/resource/Luochahai_City,Luochahai City,http://dbpedia.org/resource/Dao_Lang_(singer),Dao Lang (singer),performer,,,http://dbpedia.org/resource/Pop_music,Pop music,,,http://dbpedia.org/resource/China,China,7/19/2023
http://dbpedia.org/resource/Luochahai_City,Luochahai City,http://dbpedia.org/resource/Dao_Lang_(singer),Dao Lang (singer),performer,,,http://dbpedia.org/resource/Reggae,Reggae,,,http://dbpedia.org/resource/China,China,7/19/2023
http://dbpedia.org/resource/Luochahai_City,Luochahai City,http://dbpedia.org/resource/Dao_Lang_(singer),Dao Lang (singer),performer,,,http://dbpedia.org/resource/Reggae,Reggae,,,http://dbpedia.org/resource/China,China,7/19/2023
http://dbpedia.org/resource/Dalie,Dalie,http://dbpedia.org/resource/Kamo_Mphela,Kamo Mphela,performer,,,http://dbpedia.org/resource/Amapiano,Amapiano,,,http://dbpedia.org/resource/South_Africa,South Africa,10/11/2023
http://dbpedia.org/resource/Luochahai_City,Luochahai City,http://dbpedia.org/resource/Dao_Lang_(singer),Dao Lang (singer),performer,,,http://dbpedia.org/resource/Literary_nonsense,Literary nonsense,,,http://dbpedia.org/resource/China,China,7/19/2023
http://dbpedia.org/resource/Luochahai_City,Luochahai City,http://dbpedia.org/resource/Dao_Lang_(singer),Dao Lang (singer),performer,,,http://dbpedia.org/resource/Literary_nonsense,Literary nonsense,,,http://dbpedia.org/resource/China,China,7/19/2023
http://dbpedia.org/resource/San_Frandisco,San Frandisco,http://dbpedia.org/resource/Dom_Dolla,Dom Dolla,performer,,,,,,,http://dbpedia.org/resource/Philippines,Philippines,9/20/2019
http://dbpedia.org/resource/Hard_2_Forget,Hard 2 Forget,http://dbpedia.org/resource/Vincint,Vincint,performer,,,,,,,http://dbpedia.org/resource/United_States,United States,7/31/2020
http://dbpedia.org/resource/Hard_2_Forget,Hard 2 Forget,http://dbpedia.org/resource/Vincint,Vincint,performer,,,,,,,http://dbpedia.org/resource/United_States,United States,7/31/2020
"http://dbpedia.org/resource/Beer_Beer,_Truck_Truck","Beer Beer, Truck Truck",http://dbpedia.org/resource/George_Birge,George Birge,performer,,,http://dbpedia.org/resource/Country_music,Country music,,,,,6/18/2021
http://dbpedia.org/resource/Mind_on_You_(George_Birge_song),Mind on You (George Birge song),http://dbpedia.org/resource/George_Birge,George Birge,performer,,,http://dbpedia.org/resource/Country_music,Country music,,,,,10/17/2022
http://dbpedia.org/resource/Luochahai_City,Luochahai City,http://dbpedia.org/resource/Dao_Lang_(singer),Dao Lang (singer),performer,,,http://dbpedia.org/resource/Folk_music,Folk music,,,,,7/19/2023
http://dbpedia.org/resource/Luochahai_City,Luochahai City,http://dbpedia.org/resource/Dao_Lang_(singer),Dao Lang (singer),performer,,,http://dbpedia.org/resource/Pop_music,Pop music,,,,,7/19/2023
http://dbpedia.org/resource/Luochahai_City,Luochahai City,http://dbpedia.org/resource/Dao_Lang_(singer),Dao Lang (singer),performer,,,http://dbpedia.org/resource/Reggae,Reggae,,,,,7/19/2023
http://dbpedia.org/resource/Luochahai_City,Luochahai City,http://dbpedia.org/resource/Dao_Lang_(singer),Dao Lang (singer),performer,,,http://dbpedia.org/resource/Literary_nonsense,Literary nonsense,,,,,7/19/2023
http://dbpedia.org/resource/Boss_Ass_Bitch__Remix__1,,http://dbpedia.org/resource/PTAF,PTAF,performer,http://dbpedia.org/resource/Beam_Me_Up_Scotty_(mixtape),Beam Me Up Scotty (mixtape),http://dbpedia.org/resource/Hip_hop_music,Hip hop music,http://dbpedia.org/resource/Republic_Records,Universal Republic Records,,,5/14/2021
http://dbpedia.org/resource/Boss_Ass_Bitch__Remix__1,,http://dbpedia.org/resource/PTAF,PTAF,performer,http://dbpedia.org/resource/Beam_Me_Up_Scotty_(mixtape),Beam Me Up Scotty (mixtape),http://dbpedia.org/resource/Hip_hop_music,Hip-hop,http://dbpedia.org/resource/Republic_Records,Universal Republic Records,,,5/14/2021
http://dbpedia.org/resource/Boss_Ass_Bitch__Remix__1,,http://dbpedia.org/resource/PTAF,PTAF,performer,http://dbpedia.org/resource/Beam_Me_Up_Scotty_(mixtape),Beam Me Up Scotty (mixtape),http://dbpedia.org/resource/Hip_hop_music,Hip hop music,http://dbpedia.org/resource/Republic_Records,Republic Records,,,5/14/2021
http://dbpedia.org/resource/Boss_Ass_Bitch__Remix__1,,http://dbpedia.org/resource/PTAF,PTAF,performer,http://dbpedia.org/resource/Beam_Me_Up_Scotty_(mixtape),Beam Me Up Scotty (mixtape),http://dbpedia.org/resource/Hip_hop_music,Hip-hop,http://dbpedia.org/resource/Republic_Records,Republic Records,,,5/14/2021
http://dbpedia.org/resource/Boss_Ass_Bitch__Remix__1,,http://dbpedia.org/resource/PTAF,PTAF,performer,http://dbpedia.org/resource/Beam_Me_Up_Scotty_(mixtape),Beam Me Up Scotty (mixtape),http://dbpedia.org/resource/Hip_hop_music,Hip hop music,http://dbpedia.org/resource/Young_Money_Entertainment,Young Money Entertainment,,,5/14/2021
http://dbpedia.org/resource/Boss_Ass_Bitch__Remix__1,,http://dbpedia.org/resource/PTAF,PTAF,performer,http://dbpedia.org/resource/Beam_Me_Up_Scotty_(mixtape),Beam Me Up Scotty (mixtape),http://dbpedia.org/resource/Hip_hop_music,Hip-hop,http://dbpedia.org/resource/Young_Money_Entertainment,Young Money Entertainment,,,5/14/2021
http://dbpedia.org/resource/Choro_(song),Choro (song),http://dbpedia.org/resource/Estilo_Sin_Límite,,performer,http://dbpedia.org/resource/A_Mucha_Honra,A Mucha Honra,http://dbpedia.org/resource/Regional_Mexican,Regional Mexican,http://dbpedia.org/resource/Sony_Music_Latin,Sony Music Latin,,,11/30/2023
http://dbpedia.org/resource/Not_My_Fault_(song),Not My Fault (song),http://dbpedia.org/resource/Ryan_Tedder,Ryan Tedder,composer,http://dbpedia.org/resource/Mean_Girls_(2024_soundtrack),Mean Girls (2024 soundtrack),http://dbpedia.org/resource/Styles_of_pop_music,Disco-pop,http://dbpedia.org/resource/Interscope_Records,Interscope Records,http://dbpedia.org/resource/United_States,United States,12/15/2023
http://dbpedia.org/resource/Not_My_Fault_(song),Not My Fault (song),http://dbpedia.org/resource/Ryan_Tedder,Ryan Tedder,composer,http://dbpedia.org/resource/Mean_Girls_(2024_soundtrack),Mean Girls (2024 soundtrack),http://dbpedia.org/resource/Styles_of_pop_music,Styles of pop music,http://dbpedia.org/resource/Interscope_Records,Interscope Records,http://dbpedia.org/resource/United_States,United States,12/15/2023
http://dbpedia.org/resource/Not_My_Fault_(song),Not My Fault (song),http://dbpedia.org/resource/Jasper_Harris,Jasper Harris,composer,http://dbpedia.org/resource/Mean_Girls_(2024_soundtrack),Mean Girls (2024 soundtrack),http://dbpedia.org/resource/Styles_of_pop_music,Disco-pop,http://dbpedia.org/resource/Interscope_Records,Interscope Records,http://dbpedia.org/resource/United_States,United States,12/15/2023
http://dbpedia.org/resource/Not_My_Fault_(song),Not My Fault (song),http://dbpedia.org/resource/Jasper_Harris,Jasper Harris,composer,http://dbpedia.org/resource/Mean_Girls_(2024_soundtrack),Mean Girls (2024 soundtrack),http://dbpedia.org/resource/Styles_of_pop_music,Styles of pop music,http://dbpedia.org/resource/Interscope_Records,Interscope Records,http://dbpedia.org/resource/United_States,United States,12/15/2023
http://dbpedia.org/resource/Not_My_Fault_(song),Not My Fault (song),http://dbpedia.org/resource/Jasper_Harris,Jasper Harris,composer,http://dbpedia.org/resource/Mean_Girls_(2024_soundtrack),Mean Girls (2024 soundtrack),http://dbpedia.org/resource/Styles_of_pop_music,Disco-pop,http://dbpedia.org/resource/Interscope_Records,Interscope Records,http://dbpedia.org/resource/United_States_women's_national_soccer_team,United States women's national soccer team,12/15/2023
http://dbpedia.org/resource/Not_My_Fault_(song),Not My Fault (song),http://dbpedia.org/resource/Jasper_Harris,Jasper Harris,composer,http://dbpedia.org/resource/Mean_Girls_(2024_soundtrack),Mean Girls (2024 soundtrack),http://dbpedia.org/resource/Styles_of_pop_music,Styles of pop music,http://dbpedia.org/resource/Interscope_Records,Interscope Records,http://dbpedia.org/resource/United_States_women's_national_soccer_team,United States women's national soccer team,12/15/2023
http://dbpedia.org/resource/Chill_Kill_(song),Chill Kill (song),http://dbpedia.org/resource/Cazzi_Opeia,Cazzi Opeia,composer,http://dbpedia.org/resource/Chill_Kill,Chill Kill,http://dbpedia.org/resource/Dance-pop,Dance-pop,http://dbpedia.org/resource/SM_Entertainment,SM Entertainment,http://dbpedia.org/resource/Sweden,Sweden,11/13/2023
http://dbpedia.org/resource/Chill_Kill_(song),Chill Kill (song),http://dbpedia.org/resource/Cazzi_Opeia,Cazzi Opeia,composer,http://dbpedia.org/resource/Chill_Kill,Chill Kill,http://dbpedia.org/resource/Dance-pop,Dance-pop,http://dbpedia.org/resource/Kakao_Entertainment,Kakao Entertainment,http://dbpedia.org/resource/Sweden,Sweden,11/13/2023
http://dbpedia.org/resource/Batter_Up_(Babymonster_song),Batter Up (Babymonster song),http://dbpedia.org/resource/Yang_Hyun-suk,Yang Hyun-suk,composer,http://dbpedia.org/resource/Babymons7er,Babymons7er,http://dbpedia.org/resource/Hip_hop_music,Hip hop music,http://dbpedia.org/resource/YG_Entertainment,YG Entertainment,http://dbpedia.org/resource/South_Korea,South Korea,11/27/2023
http://dbpedia.org/resource/Batter_Up_(Babymonster_song),Batter Up (Babymonster song),http://dbpedia.org/resource/Yang_Hyun-suk,Yang Hyun-suk,composer,http://dbpedia.org/resource/Babymons7er,Babymons7er,http://dbpedia.org/resource/Hip_hop_music,Hip-hop,http://dbpedia.org/resource/YG_Entertainment,YG Entertainment,http://dbpedia.org/resource/South_Korea,South Korea,11/27/2023
"http://dbpedia.org/resource/Look_Ma,_No_Brains!","Look Ma, No Brains!",http://dbpedia.org/resource/Billie_Joe_Armstrong,Billie Joe Armstrong,composer,http://dbpedia.org/resource/Saviors_(album),Saviors (album),http://dbpedia.org/resource/Pop-punk,Pop-punk,http://dbpedia.org/resource/Reprise_Records,Reprise Records,http://dbpedia.org/resource/United_States,United States,11/2/2023
http://dbpedia.org/resource/Dilemma_(Green_Day_song),Dilemma (Green Day song),http://dbpedia.org/resource/Billie_Joe_Armstrong,Billie Joe Armstrong,composer,http://dbpedia.org/resource/Saviors_(album),Saviors (album),http://dbpedia.org/resource/Pop-punk,Pop-punk,http://dbpedia.org/resource/Reprise_Records,Reprise Records,http://dbpedia.org/resource/United_States,United States,12/7/2023
"http://dbpedia.org/resource/Look_Ma,_No_Brains!","Look Ma, No Brains!",http://dbpedia.org/resource/Mike_Dirnt,Mike Dirnt,composer,http://dbpedia.org/resource/Saviors_(album),Saviors (album),http://dbpedia.org/resource/Pop-punk,Pop-punk,http://dbpedia.org/resource/Reprise_Records,Reprise Records,http://dbpedia.org/resource/United_States,United States,11/2/2023
"http://dbpedia.org/resource/Look_Ma,_No_Brains!","Look Ma, No Brains!",http://dbpedia.org/resource/Tré_Cool,Tré Cool,composer,http://dbpedia.org/resource/Saviors_(album),Saviors (album),http://dbpedia.org/resource/Pop-punk,Pop-punk,http://dbpedia.org/resource/Reprise_Records,Reprise Records,http://dbpedia.org/resource/Germany,Germany,11/2/2023
http://dbpedia.org/resource/Dilemma_(Green_Day_song),Dilemma (Green Day song),http://dbpedia.org/resource/Tré_Cool,Tré Cool,composer,http://dbpedia.org/resource/Saviors_(album),Saviors (album),http://dbpedia.org/resource/Pop-punk,Pop-punk,http://dbpedia.org/resource/Reprise_Records,Reprise Records,http://dbpedia.org/resource/Germany,Germany,12/7/2023
http://dbpedia.org/resource/Dilemma_(Green_Day_song),Dilemma (Green Day song),http://dbpedia.org/resource/Mike_Dirnt,Mike Dirnt,composer,http://dbpedia.org/resource/Saviors_(album),Saviors (album),http://dbpedia.org/resource/Pop-punk,Pop-punk,http://dbpedia.org/resource/Reprise_Records,Reprise Records,http://dbpedia.org/resource/United_States,United States,12/7/2023
http://dbpedia.org/resource/Dilemma_(Green_Day_song),Dilemma (Green Day song),http://dbpedia.org/resource/Mike_Dirnt,Mike Dirnt,composer,http://dbpedia.org/resource/Saviors_(album),Saviors (album),http://dbpedia.org/resource/Punk_rock,Punk rock,http://dbpedia.org/resource/Reprise_Records,Reprise Records,http://dbpedia.org/resource/United_States,United States,12/7/2023
http://dbpedia.org/resource/Dilemma_(Green_Day_song),Dilemma (Green Day song),http://dbpedia.org/resource/Billie_Joe_Armstrong,Billie Joe Armstrong,composer,http://dbpedia.org/resource/Saviors_(album),Saviors (album),http://dbpedia.org/resource/Punk_rock,Punk rock,http://dbpedia.org/resource/Reprise_Records,Reprise Records,http://dbpedia.org/resource/United_States,United States,12/7/2023
"http://dbpedia.org/resource/Look_Ma,_No_Brains!","Look Ma, No Brains!",http://dbpedia.org/resource/Billie_Joe_Armstrong,Billie Joe Armstrong,composer,http://dbpedia.org/resource/Saviors_(album),Saviors (album),http://dbpedia.org/resource/Punk_rock,Punk rock,http://dbpedia.org/resource/Reprise_Records,Reprise Records,http://dbpedia.org/resource/United_States,United States,11/2/2023
"http://dbpedia.org/resource/Look_Ma,_No_Brains!","Look Ma, No Brains!",http://dbpedia.org/resource/Mike_Dirnt,Mike Dirnt,composer,http://dbpedia.org/resource/Saviors_(album),Saviors (album),http://dbpedia.org/resource/Punk_rock,Punk rock,http://dbpedia.org/resource/Reprise_Records,Reprise Records,http://dbpedia.org/resource/United_States,United States,11/2/2023
http://dbpedia.org/resource/Dilemma_(Green_Day_song),Dilemma (Green Day song),http://dbpedia.org/resource/Tré_Cool,Tré Cool,composer,http://dbpedia.org/resource/Saviors_(album),Saviors (album),http://dbpedia.org/resource/Punk_rock,Punk rock,http://dbpedia.org/resource/Reprise_Records,Reprise Records,http://dbpedia.org/resource/Germany,Germany,12/7/2023
"http://dbpedia.org/resource/Look_Ma,_No_Brains!","Look Ma, No Brains!",http://dbpedia.org/resource/Tré_Cool,Tré Cool,composer,http://dbpedia.org/resource/Saviors_(album),Saviors (album),http://dbpedia.org/resource/Punk_rock,Punk rock,http://dbpedia.org/resource/Reprise_Records,Reprise Records,http://dbpedia.org/resource/Germany,Germany,11/2/2023
http://dbpedia.org/resource/Cobra_(Megan_Thee_Stallion_song),Cobra (Megan Thee Stallion song),http://dbpedia.org/resource/Derrick_Milano,Derrick Milano,composer,http://dbpedia.org/resource/Megan_(album),Megan (album),http://dbpedia.org/resource/Rap_rock,Rap rock,http://dbpedia.org/resource/Megan_Thee_Stallion,Megan Thee Stallion,http://dbpedia.org/resource/United_States,United States,11/3/2023
http://dbpedia.org/resource/Not_My_Fault_(song),Not My Fault (song),http://dbpedia.org/resource/Jasper_Harris,Jasper Harris,composer,http://dbpedia.org/resource/Mean_Girls_(2024_soundtrack),Mean Girls (2024 soundtrack),http://dbpedia.org/resource/Disco,Disco,http://dbpedia.org/resource/Interscope_Records,Interscope Records,http://dbpedia.org/resource/United_States_women's_national_soccer_team,United States women's national soccer team,12/15/2023
http://dbpedia.org/resource/Not_My_Fault_(song),Not My Fault (song),http://dbpedia.org/resource/Ryan_Tedder,Ryan Tedder,composer,http://dbpedia.org/resource/Mean_Girls_(2024_soundtrack),Mean Girls (2024 soundtrack),http://dbpedia.org/resource/Disco,Disco,http://dbpedia.org/resource/Interscope_Records,Interscope Records,http://dbpedia.org/resource/United_States,United States,12/15/2023
http://dbpedia.org/resource/Not_My_Fault_(song),Not My Fault (song),http://dbpedia.org/resource/Jasper_Harris,Jasper Harris,composer,http://dbpedia.org/resource/Mean_Girls_(2024_soundtrack),Mean Girls (2024 soundtrack),http://dbpedia.org/resource/Disco,Disco,http://dbpedia.org/resource/Interscope_Records,Interscope Records,http://dbpedia.org/resource/United_States,United States,12/15/2023
http://dbpedia.org/resource/Cobra_(Megan_Thee_Stallion_song),Cobra (Megan Thee Stallion song),http://dbpedia.org/resource/Derrick_Milano,Derrick Milano,composer,http://dbpedia.org/resource/Megan_(album),Megan (album),http://dbpedia.org/resource/Emo_rap,Emo rap,http://dbpedia.org/resource/Megan_Thee_Stallion,Megan Thee Stallion,http://dbpedia.org/resource/United_States,United States,11/3/2023
http://dbpedia.org/resource/Not_My_Fault_(song),Not My Fault (song),http://dbpedia.org/resource/Jasper_Harris,Jasper Harris,composer,http://dbpedia.org/resource/Mean_Girls_(2024_soundtrack),Mean Girls (2024 soundtrack),http://dbpedia.org/resource/Pop_rap,Pop rap,http://dbpedia.org/resource/Interscope_Records,Interscope Records,http://dbpedia.org/resource/United_States_women's_national_soccer_team,United States women's national soccer team,12/15/2023
http://dbpedia.org/resource/Not_My_Fault_(song),Not My Fault (song),http://dbpedia.org/resource/Ryan_Tedder,Ryan Tedder,composer,http://dbpedia.org/resource/Mean_Girls_(2024_soundtrack),Mean Girls (2024 soundtrack),http://dbpedia.org/resource/Pop_rap,Pop rap,http://dbpedia.org/resource/Interscope_Records,Interscope Records,http://dbpedia.org/resource/United_States,United States,12/15/2023
http://dbpedia.org/resource/Not_My_Fault_(song),Not My Fault (song),http://dbpedia.org/resource/Jasper_Harris,Jasper Harris,composer,http://dbpedia.org/resource/Mean_Girls_(2024_soundtrack),Mean Girls (2024 soundtrack),http://dbpedia.org/resource/Pop_rap,Pop rap,http://dbpedia.org/resource/Interscope_Records,Interscope Records,http://dbpedia.org/resource/United_States,United States,12/15/2023
http://dbpedia.org/resource/Dilemma_(Green_Day_song),Dilemma (Green Day song),http://dbpedia.org/resource/Mike_Dirnt,Mike Dirnt,composer,http://dbpedia.org/resource/Saviors_(album),Saviors (album),http://dbpedia.org/resource/Power_pop,Power pop,http://dbpedia.org/resource/Reprise_Records,Reprise Records,http://dbpedia.org/resource/United_States,United States,12/7/2023
http://dbpedia.org/resource/Dilemma_(Green_Day_song),Dilemma (Green Day song),http://dbpedia.org/resource/Tré_Cool,Tré Cool,composer,http://dbpedia.org/resource/Saviors_(album),Saviors (album),http://dbpedia.org/resource/Power_pop,Power pop,http://dbpedia.org/resource/Reprise_Records,Reprise Records,http://dbpedia.org/resource/Germany,Germany,12/7/2023
http://dbpedia.org/resource/Dilemma_(Green_Day_song),Dilemma (Green Day song),http://dbpedia.org/resource/Billie_Joe_Armstrong,Billie Joe Armstrong,composer,http://dbpedia.org/resource/Saviors_(album),Saviors (album),http://dbpedia.org/resource/Power_pop,Power pop,http://dbpedia.org/resource/Reprise_Records,Reprise Records,http://dbpedia.org/resource/United_States,United States,12/7/2023
http://dbpedia.org/resource/Batter_Up_(Babymonster_song),Batter Up (Babymonster song),http://dbpedia.org/resource/Yang_Hyun-suk,Yang Hyun-suk,composer,http://dbpedia.org/resource/Babymons7er,Babymons7er,http://dbpedia.org/resource/Trap_music,Trap music,http://dbpedia.org/resource/YG_Entertainment,YG Entertainment,http://dbpedia.org/resource/South_Korea,South Korea,11/27/2023
http://dbpedia.org/resource/Die_4_You,Die 4 You,http://dbpedia.org/resource/Dean_(South_Korean_singer),Dean (South Korean singer),composer,,,http://dbpedia.org/resource/Alternative_R&B,Alternative R&B,http://dbpedia.org/resource/Universal_Music_Group,Universal Music Group,http://dbpedia.org/resource/South_Korea,South Korea,11/18/2023
http://dbpedia.org/resource/Bon_ton_(song),Bon ton (song),http://dbpedia.org/resource/Lazza,Lazza,composer,,,,,http://dbpedia.org/resource/Island_Records,Island Records,http://dbpedia.org/resource/Italy,Italy,6/23/2023
http://dbpedia.org/resource/Bon_ton_(song),Bon ton (song),http://dbpedia.org/resource/Michele_Zocca,Michele Zocca,composer,,,,,http://dbpedia.org/resource/Island_Records,Island Records,http://dbpedia.org/resource/Italy,Italy,6/23/2023
http://dbpedia.org/resource/Bon_ton_(song),Bon ton (song),http://dbpedia.org/resource/Sfera_Ebbasta,Sfera Ebbasta,composer,,,,,http://dbpedia.org/resource/Island_Records,Island Records,http://dbpedia.org/resource/Italy,Italy,6/23/2023
http://dbpedia.org/resource/Bon_ton_(song),Bon ton (song),http://dbpedia.org/resource/Sfera_Ebbasta,Sfera Ebbasta,composer,,,,,http://dbpedia.org/resource/Island_Records,Island Records,http://dbpedia.org/resource/Italy,Italy,6/23/2023
http://dbpedia.org/resource/Bon_ton_(song),Bon ton (song),http://dbpedia.org/resource/Blanco_(singer),Blanco (singer),composer,,,,,http://dbpedia.org/resource/Island_Records,Island Records,http://dbpedia.org/resource/Italy,Italy,6/23/2023
http://dbpedia.org/resource/Bon_ton_(song),Bon ton (song),http://dbpedia.org/resource/Lazza,Lazza,composer,,,,,http://dbpedia.org/resource/Island_Records,Island Records,http://dbpedia.org/resource/Italy,Italy,6/23/2023
http://dbpedia.org/resource/Bon_ton_(song),Bon ton (song),http://dbpedia.org/resource/Blanco_(singer),Blanco (singer),composer,,,,,http://dbpedia.org/resource/Universal_Music_Group,Universal Music Group,http://dbpedia.org/resource/Italy,Italy,6/23/2023
http://dbpedia.org/resource/Bon_ton_(song),Bon ton (song),http://dbpedia.org/resource/Sfera_Ebbasta,Sfera Ebbasta,composer,,,,,http://dbpedia.org/resource/Universal_Music_Group,Universal Music Group,http://dbpedia.org/resource/Italy,Italy,6/23/2023
http://dbpedia.org/resource/Bon_ton_(song),Bon ton (song),http://dbpedia.org/resource/Sfera_Ebbasta,Sfera Ebbasta,composer,,,,,http://dbpedia.org/resource/Universal_Music_Group,Universal Music Group,http://dbpedia.org/resource/Italy,Italy,6/23/2023
http://dbpedia.org/resource/Bon_ton_(song),Bon ton (song),http://dbpedia.org/resource/Lazza,Lazza,composer,,,,,http://dbpedia.org/resource/Universal_Music_Group,Universal Music Group,http://dbpedia.org/resource/Italy,Italy,6/23/2023
http://dbpedia.org/resource/Bon_ton_(song),Bon ton (song),http://dbpedia.org/resource/Lazza,Lazza,composer,,,,,http://dbpedia.org/resource/Universal_Music_Group,Universal Music Group,http://dbpedia.org/resource/Italy,Italy,6/23/2023
http://dbpedia.org/resource/Bon_ton_(song),Bon ton (song),http://dbpedia.org/resource/Michele_Zocca,Michele Zocca,composer,,,,,http://dbpedia.org/resource/Universal_Music_Group,Universal Music Group,http://dbpedia.org/resource/Italy,Italy,6/23/2023
http://dbpedia.org/resource/Phuze,Phuze,http://dbpedia.org/resource/Dlala_Thukzin,Dlala Thukzin,composer,,,http://dbpedia.org/resource/Dance_music,Dance music,,,http://dbpedia.org/resource/South_Africa,South Africa,3/26/2021
http://dbpedia.org/resource/Phuze,Phuze,http://dbpedia.org/resource/Dlala_Thukzin,Dlala Thukzin,composer,,,http://dbpedia.org/resource/Dance_music,Dance music,,,http://dbpedia.org/resource/South_Africa,South Africa,3/26/2021
http://dbpedia.org/resource/Phuze,Phuze,http://dbpedia.org/resource/Dlala_Thukzin,Dlala Thukzin,composer,,,http://dbpedia.org/resource/Dance_music,Dance music,,,http://dbpedia.org/resource/South_Africa,South Africa,7/30/2021
http://dbpedia.org/resource/Phuze,Phuze,http://dbpedia.org/resource/Dlala_Thukzin,Dlala Thukzin,composer,,,http://dbpedia.org/resource/Dance_music,Dance music,,,http://dbpedia.org/resource/South_Africa,South Africa,7/30/2021
http://dbpedia.org/resource/Phuze,Phuze,http://dbpedia.org/resource/Dlala_Thukzin,Dlala Thukzin,composer,,,http://dbpedia.org/resource/Afro_tech,Afro tech,,,http://dbpedia.org/resource/South_Africa,South Africa,7/30/2021
http://dbpedia.org/resource/Phuze,Phuze,http://dbpedia.org/resource/Dlala_Thukzin,Dlala Thukzin,composer,,,http://dbpedia.org/resource/Afro_tech,Afro tech,,,http://dbpedia.org/resource/South_Africa,South Africa,7/30/2021
http://dbpedia.org/resource/Phuze,Phuze,http://dbpedia.org/resource/Dlala_Thukzin,Dlala Thukzin,composer,,,http://dbpedia.org/resource/Afro_tech,Afro tech,,,http://dbpedia.org/resource/South_Africa,South Africa,3/26/2021
http://dbpedia.org/resource/Phuze,Phuze,http://dbpedia.org/resource/Dlala_Thukzin,Dlala Thukzin,composer,,,http://dbpedia.org/resource/Afro_tech,Afro tech,,,http://dbpedia.org/resource/South_Africa,South Africa,3/26/2021
http://dbpedia.org/resource/Rajieen,Rajieen,http://dbpedia.org/resource/Marwan_Moussa,Marwan Moussa,composer,,,,,,,http://dbpedia.org/resource/Egypt,Egypt,10/31/2023
http://dbpedia.org/resource/Not_My_Fault_(song),Not My Fault (song),http://dbpedia.org/resource/Jeff_Richmond,Jeff Richmond,composer,http://dbpedia.org/resource/Mean_Girls_(2024_soundtrack),Mean Girls (2024 soundtrack),http://dbpedia.org/resource/Styles_of_pop_music,Disco-pop,http://dbpedia.org/resource/Interscope_Records,Interscope Records,,,12/15/2023
http://dbpedia.org/resource/Not_My_Fault_(song),Not My Fault (song),http://dbpedia.org/resource/Jeff_Richmond,Jeff Richmond,composer,http://dbpedia.org/resource/Mean_Girls_(2024_soundtrack),Mean Girls (2024 soundtrack),http://dbpedia.org/resource/Styles_of_pop_music,Styles of pop music,http://dbpedia.org/resource/Interscope_Records,Interscope Records,,,12/15/2023
http://dbpedia.org/resource/Not_My_Fault_(song),Not My Fault (song),http://dbpedia.org/resource/Alexander_23,Alexander 23,composer,http://dbpedia.org/resource/Mean_Girls_(2024_soundtrack),Mean Girls (2024 soundtrack),http://dbpedia.org/resource/Styles_of_pop_music,Disco-pop,http://dbpedia.org/resource/Interscope_Records,Interscope Records,,,12/15/2023
http://dbpedia.org/resource/Not_My_Fault_(song),Not My Fault (song),http://dbpedia.org/resource/Alexander_23,Alexander 23,composer,http://dbpedia.org/resource/Mean_Girls_(2024_soundtrack),Mean Girls (2024 soundtrack),http://dbpedia.org/resource/Styles_of_pop_music,Styles of pop music,http://dbpedia.org/resource/Interscope_Records,Interscope Records,,,12/15/2023
http://dbpedia.org/resource/Not_My_Fault_(song),Not My Fault (song),http://dbpedia.org/resource/Ryan_Tedder,Ryan Tedder,composer,http://dbpedia.org/resource/Mean_Girls_(2024_soundtrack),Mean Girls (2024 soundtrack),http://dbpedia.org/resource/Styles_of_pop_music,Disco-pop,http://dbpedia.org/resource/Interscope_Records,Interscope Records,,,12/15/2023
http://dbpedia.org/resource/Not_My_Fault_(song),Not My Fault (song),http://dbpedia.org/resource/Ryan_Tedder,Ryan Tedder,composer,http://dbpedia.org/resource/Mean_Girls_(2024_soundtrack),Mean Girls (2024 soundtrack),http://dbpedia.org/resource/Styles_of_pop_music,Styles of pop music,http://dbpedia.org/resource/Interscope_Records,Interscope Records,,,12/15/2023
http://dbpedia.org/resource/Naa_Ready,Naa Ready,http://dbpedia.org/resource/Anirudh_Ravichander,Anirudh Ravichander,composer,http://dbpedia.org/resource/Leo_(soundtrack),Leo (soundtrack),http://dbpedia.org/resource/Electronic_dance_music,Electronic dance music,http://dbpedia.org/resource/Sony_Music_India,Sony Music India,,,6/22/2023
http://dbpedia.org/resource/Naa_Ready,Naa Ready,http://dbpedia.org/resource/Anirudh_Ravichander,Anirudh Ravichander,composer,http://dbpedia.org/resource/Leo_(soundtrack),Leo (soundtrack),http://dbpedia.org/resource/Electronic_dance_music,Electronic dance music,http://dbpedia.org/resource/Sony_Music_India,Sony Music India,,,6/22/2023
http://dbpedia.org/resource/Dilemma_(Green_Day_song),Dilemma (Green Day song),http://dbpedia.org/resource/Tré_Cool,Tré Cool,composer,http://dbpedia.org/resource/Saviors_(album),Saviors (album),http://dbpedia.org/resource/Pop-punk,Pop-punk,http://dbpedia.org/resource/Reprise_Records,Reprise Records,,,12/7/2023
"http://dbpedia.org/resource/Look_Ma,_No_Brains!","Look Ma, No Brains!",http://dbpedia.org/resource/Tré_Cool,Tré Cool,composer,http://dbpedia.org/resource/Saviors_(album),Saviors (album),http://dbpedia.org/resource/Pop-punk,Pop-punk,http://dbpedia.org/resource/Reprise_Records,Reprise Records,,,11/2/2023
http://dbpedia.org/resource/Dilemma_(Green_Day_song),Dilemma (Green Day song),http://dbpedia.org/resource/Tré_Cool,Tré Cool,composer,http://dbpedia.org/resource/Saviors_(album),Saviors (album),http://dbpedia.org/resource/Pop-punk,Pop-punk,http://dbpedia.org/resource/Reprise_Records,Reprise Records,,,12/7/2023
"http://dbpedia.org/resource/Look_Ma,_No_Brains!","Look Ma, No Brains!",http://dbpedia.org/resource/Tré_Cool,Tré Cool,composer,http://dbpedia.org/resource/Saviors_(album),Saviors (album),http://dbpedia.org/resource/Pop-punk,Pop-punk,http://dbpedia.org/resource/Reprise_Records,Reprise Records,,,11/2/2023
http://dbpedia.org/resource/Dilemma_(Green_Day_song),Dilemma (Green Day song),http://dbpedia.org/resource/Tré_Cool,Tré Cool,composer,http://dbpedia.org/resource/Saviors_(album),Saviors (album),http://dbpedia.org/resource/Punk_rock,Punk rock,http://dbpedia.org/resource/Reprise_Records,Reprise Records,,,12/7/2023
"http://dbpedia.org/resource/Look_Ma,_No_Brains!","Look Ma, No Brains!",http://dbpedia.org/resource/Tré_Cool,Tré Cool,composer,http://dbpedia.org/resource/Saviors_(album),Saviors (album),http://dbpedia.org/resource/Punk_rock,Punk rock,http://dbpedia.org/resource/Reprise_Records,Reprise Records,,,11/2/2023
"http://dbpedia.org/resource/Look_Ma,_No_Brains!","Look Ma, No Brains!",http://dbpedia.org/resource/Tré_Cool,Tré Cool,composer,http://dbpedia.org/resource/Saviors_(album),Saviors (album),http://dbpedia.org/resource/Punk_rock,Punk rock,http://dbpedia.org/resource/Reprise_Records,Reprise Records,,,11/2/2023
http://dbpedia.org/resource/Dilemma_(Green_Day_song),Dilemma (Green Day song),http://dbpedia.org/resource/Tré_Cool,Tré Cool,composer,http://dbpedia.org/resource/Saviors_(album),Saviors (album),http://dbpedia.org/resource/Punk_rock,Punk rock,http://dbpedia.org/resource/Reprise_Records,Reprise Records,,,12/7/2023
http://dbpedia.org/resource/Naa_Ready,Naa Ready,http://dbpedia.org/resource/Anirudh_Ravichander,Anirudh Ravichander,composer,http://dbpedia.org/resource/Leo_(soundtrack),Leo (soundtrack),http://dbpedia.org/resource/Rapping,Rapping,http://dbpedia.org/resource/Sony_Music_India,Sony Music India,,,6/22/2023
http://dbpedia.org/resource/Naa_Ready,Naa Ready,http://dbpedia.org/resource/Anirudh_Ravichander,Anirudh Ravichander,composer,http://dbpedia.org/resource/Leo_(soundtrack),Leo (soundtrack),http://dbpedia.org/resource/Rapping,Rapping,http://dbpedia.org/resource/Sony_Music_India,Sony Music India,,,6/22/2023
http://dbpedia.org/resource/Not_My_Fault_(song),Not My Fault (song),http://dbpedia.org/resource/Alexander_23,Alexander 23,composer,http://dbpedia.org/resource/Mean_Girls_(2024_soundtrack),Mean Girls (2024 soundtrack),http://dbpedia.org/resource/Disco,Disco,http://dbpedia.org/resource/Interscope_Records,Interscope Records,,,12/15/2023
http://dbpedia.org/resource/Not_My_Fault_(song),Not My Fault (song),http://dbpedia.org/resource/Jeff_Richmond,Jeff Richmond,composer,http://dbpedia.org/resource/Mean_Girls_(2024_soundtrack),Mean Girls (2024 soundtrack),http://dbpedia.org/resource/Disco,Disco,http://dbpedia.org/resource/Interscope_Records,Interscope Records,,,12/15/2023
http://dbpedia.org/resource/Not_My_Fault_(song),Not My Fault (song),http://dbpedia.org/resource/Ryan_Tedder,Ryan Tedder,composer,http://dbpedia.org/resource/Mean_Girls_(2024_soundtrack),Mean Girls (2024 soundtrack),http://dbpedia.org/resource/Disco,Disco,http://dbpedia.org/resource/Interscope_Records,Interscope Records,,,12/15/2023
http://dbpedia.org/resource/Not_My_Fault_(song),Not My Fault (song),http://dbpedia.org/resource/Jeff_Richmond,Jeff Richmond,composer,http://dbpedia.org/resource/Mean_Girls_(2024_soundtrack),Mean Girls (2024 soundtrack),http://dbpedia.org/resource/Pop_rap,Pop rap,http://dbpedia.org/resource/Interscope_Records,Interscope Records,,,12/15/2023
http://dbpedia.org/resource/Not_My_Fault_(song),Not My Fault (song),http://dbpedia.org/resource/Alexander_23,Alexander 23,composer,http://dbpedia.org/resource/Mean_Girls_(2024_soundtrack),Mean Girls (2024 soundtrack),http://dbpedia.org/resource/Pop_rap,Pop rap,http://dbpedia.org/resource/Interscope_Records,Interscope Records,,,12/15/2023
http://dbpedia.org/resource/Not_My_Fault_(song),Not My Fault (song),http://dbpedia.org/resource/Ryan_Tedder,Ryan Tedder,composer,http://dbpedia.org/resource/Mean_Girls_(2024_soundtrack),Mean Girls (2024 soundtrack),http://dbpedia.org/resource/Pop_rap,Pop rap,http://dbpedia.org/resource/Interscope_Records,Interscope Records,,,12/15/2023
http://dbpedia.org/resource/Dilemma_(Green_Day_song),Dilemma (Green Day song),http://dbpedia.org/resource/Tré_Cool,Tré Cool,composer,http://dbpedia.org/resource/Saviors_(album),Saviors (album),http://dbpedia.org/resource/Power_pop,Power pop,http://dbpedia.org/resource/Reprise_Records,Reprise Records,,,12/7/2023
http://dbpedia.org/resource/Dilemma_(Green_Day_song),Dilemma (Green Day song),http://dbpedia.org/resource/Tré_Cool,Tré Cool,composer,http://dbpedia.org/resource/Saviors_(album),Saviors (album),http://dbpedia.org/resource/Power_pop,Power pop,http://dbpedia.org/resource/Reprise_Records,Reprise Records,,,12/7/2023
http://dbpedia.org/resource/Naa_Ready,Naa Ready,http://dbpedia.org/resource/Anirudh_Ravichander,Anirudh Ravichander,composer,http://dbpedia.org/resource/Leo_(soundtrack),Leo (soundtrack),http://dbpedia.org/resource/Kuthu_(disambiguation),Kuththu,http://dbpedia.org/resource/Sony_Music_India,Sony Music India,,,6/22/2023
http://dbpedia.org/resource/Naa_Ready,Naa Ready,http://dbpedia.org/resource/Anirudh_Ravichander,Anirudh Ravichander,composer,http://dbpedia.org/resource/Leo_(soundtrack),Leo (soundtrack),http://dbpedia.org/resource/Kuthu_(disambiguation),Kuthu,http://dbpedia.org/resource/Sony_Music_India,Sony Music India,,,6/22/2023
http://dbpedia.org/resource/Naa_Ready,Naa Ready,http://dbpedia.org/resource/Anirudh_Ravichander,Anirudh Ravichander,composer,http://dbpedia.org/resource/Leo_(soundtrack),Leo (soundtrack),http://dbpedia.org/resource/Kuthu_(disambiguation),Kuthu (disambiguation),http://dbpedia.org/resource/Sony_Music_India,Sony Music India,,,6/22/2023
http://dbpedia.org/resource/Naa_Ready,Naa Ready,http://dbpedia.org/resource/Anirudh_Ravichander,Anirudh Ravichander,composer,http://dbpedia.org/resource/Leo_(soundtrack),Leo (soundtrack),http://dbpedia.org/resource/Kuthu_(disambiguation),Kuththu,http://dbpedia.org/resource/Sony_Music_India,Sony Music India,,,6/22/2023
http://dbpedia.org/resource/Naa_Ready,Naa Ready,http://dbpedia.org/resource/Anirudh_Ravichander,Anirudh Ravichander,composer,http://dbpedia.org/resource/Leo_(soundtrack),Leo (soundtrack),http://dbpedia.org/resource/Kuthu_(disambiguation),Kuthu,http://dbpedia.org/resource/Sony_Music_India,Sony Music India,,,6/22/2023
http://dbpedia.org/resource/Naa_Ready,Naa Ready,http://dbpedia.org/resource/Anirudh_Ravichander,Anirudh Ravichander,composer,http://dbpedia.org/resource/Leo_(soundtrack),Leo (soundtrack),http://dbpedia.org/resource/Kuthu_(disambiguation),Kuthu (disambiguation),http://dbpedia.org/resource/Sony_Music_India,Sony Music India,,,6/22/2023
http://dbpedia.org/resource/Die_4_You,Die 4 You,http://dbpedia.org/resource/Dean_(South_Korean_singer),Dean (South Korean singer),composer,,,http://dbpedia.org/resource/Alternative_R&B,Alternative R&B,http://dbpedia.org/resource/Universal_Music_Group,Universal Music Group,,,11/18/2023
http://dbpedia.org/resource/Bon_ton_(song),Bon ton (song),http://dbpedia.org/resource/Blanco_(singer),Blanco (singer),composer,,,,,http://dbpedia.org/resource/Island_Records,Island Records,,,6/23/2023
http://dbpedia.org/resource/Bon_ton_(song),Bon ton (song),http://dbpedia.org/resource/Blanco_(singer),Blanco (singer),composer,,,,,http://dbpedia.org/resource/Universal_Music_Group,Universal Music Group,,,6/23/2023
http://dbpedia.org/resource/Little_Big_Us,Little Big Us,http://dbpedia.org/resource/JJ_Lin,JJ Lin,composer,http://dbpedia.org/resource/Message_in_a_Bottle_(album),Message in a Bottle (album),http://dbpedia.org/resource/Mandopop,Mandopop,,,,,11/25/2017
http://dbpedia.org/resource/Not_My_Fault_(song),Not My Fault (song),http://dbpedia.org/resource/Nell_Benjamin,Nell Benjamin,composer,http://dbpedia.org/resource/Mean_Girls_(2024_soundtrack),Mean Girls (2024 soundtrack),http://dbpedia.org/resource/Styles_of_pop_music,Disco-pop,http://dbpedia.org/resource/Interscope_Records,Interscope Records,,,12/15/2023
http://dbpedia.org/resource/Not_My_Fault_(song),Not My Fault (song),http://dbpedia.org/resource/Nell_Benjamin,Nell Benjamin,composer,http://dbpedia.org/resource/Mean_Girls_(2024_soundtrack),Mean Girls (2024 soundtrack),http://dbpedia.org/resource/Styles_of_pop_music,Styles of pop music,http://dbpedia.org/resource/Interscope_Records,Interscope Records,,,12/15/2023
http://dbpedia.org/resource/Cosmic_(song),Cosmic (song),http://dbpedia.org/resource/Kenzie_(songwriter),Kenzie (songwriter),composer,http://dbpedia.org/resource/Cosmic_(EP),Cosmic (EP),http://dbpedia.org/resource/Dance-pop,Dance-pop,http://dbpedia.org/resource/SM_Entertainment,SM Entertainment,,,6/24/2024
http://dbpedia.org/resource/Chill_Kill_(song),Chill Kill (song),http://dbpedia.org/resource/Kenzie_(songwriter),Kenzie (songwriter),composer,http://dbpedia.org/resource/Chill_Kill,Chill Kill,http://dbpedia.org/resource/Dance-pop,Dance-pop,http://dbpedia.org/resource/SM_Entertainment,SM Entertainment,,,11/13/2023
http://dbpedia.org/resource/Chill_Kill_(song),Chill Kill (song),http://dbpedia.org/resource/Kenzie_(songwriter),Kenzie (songwriter),composer,http://dbpedia.org/resource/Chill_Kill,Chill Kill,http://dbpedia.org/resource/Dance-pop,Dance-pop,http://dbpedia.org/resource/Kakao_Entertainment,Kakao Entertainment,,,11/13/2023
http://dbpedia.org/resource/Cosmic_(song),Cosmic (song),http://dbpedia.org/resource/Kenzie_(songwriter),Kenzie (songwriter),composer,http://dbpedia.org/resource/Cosmic_(EP),Cosmic (EP),http://dbpedia.org/resource/Dance-pop,Dance-pop,http://dbpedia.org/resource/Kakao_Entertainment,Kakao Entertainment,,,6/24/2024
http://dbpedia.org/resource/Devil_(Super_Junior_song),Devil (Super Junior song),http://dbpedia.org/resource/Kenzie_(songwriter),Kenzie (songwriter),composer,http://dbpedia.org/resource/Devil_(Super_Junior_album),Devil (Super Junior album),http://dbpedia.org/resource/Dance-rock,Dance-rock,http://dbpedia.org/resource/Genie_Music,Genie Music,,,1/6/2016
http://dbpedia.org/resource/Devil_(Super_Junior_song),Devil (Super Junior song),http://dbpedia.org/resource/The_Stereotypes,The Stereotypes,composer,http://dbpedia.org/resource/Devil_(Super_Junior_album),Devil (Super Junior album),http://dbpedia.org/resource/Dance-rock,Dance-rock,http://dbpedia.org/resource/Genie_Music,Genie Music,,,1/6/2016
http://dbpedia.org/resource/Devil_(Super_Junior_song),Devil (Super Junior song),http://dbpedia.org/resource/Kenzie_(songwriter),Kenzie (songwriter),composer,http://dbpedia.org/resource/Devil_(Super_Junior_album),Devil (Super Junior album),http://dbpedia.org/resource/Dance-rock,Dance-rock,http://dbpedia.org/resource/Avex_Trax,Avex Trax,,,1/6/2016
http://dbpedia.org/resource/Devil_(Super_Junior_song),Devil (Super Junior song),http://dbpedia.org/resource/The_Stereotypes,The Stereotypes,composer,http://dbpedia.org/resource/Devil_(Super_Junior_album),Devil (Super Junior album),http://dbpedia.org/resource/Dance-rock,Dance-rock,http://dbpedia.org/resource/SM_Entertainment,SM Entertainment,,,1/6/2016
http://dbpedia.org/resource/Devil_(Super_Junior_song),Devil (Super Junior song),http://dbpedia.org/resource/The_Stereotypes,The Stereotypes,composer,http://dbpedia.org/resource/Devil_(Super_Junior_album),Devil (Super Junior album),http://dbpedia.org/resource/Dance-rock,Dance-rock,http://dbpedia.org/resource/Avex_Trax,Avex Trax,,,1/6/2016
http://dbpedia.org/resource/Devil_(Super_Junior_song),Devil (Super Junior song),http://dbpedia.org/resource/Kenzie_(songwriter),Kenzie (songwriter),composer,http://dbpedia.org/resource/Devil_(Super_Junior_album),Devil (Super Junior album),http://dbpedia.org/resource/Dance-rock,Dance-rock,http://dbpedia.org/resource/SM_Entertainment,SM Entertainment,,,1/6/2016
http://dbpedia.org/resource/Devil_(Super_Junior_song),Devil (Super Junior song),http://dbpedia.org/resource/Kenzie_(songwriter),Kenzie (songwriter),composer,http://dbpedia.org/resource/Devil_(Super_Junior_album),Devil (Super Junior album),http://dbpedia.org/resource/Funk_rock,Funk rock,http://dbpedia.org/resource/SM_Entertainment,SM Entertainment,,,1/6/2016
http://dbpedia.org/resource/Devil_(Super_Junior_song),Devil (Super Junior song),http://dbpedia.org/resource/The_Stereotypes,The Stereotypes,composer,http://dbpedia.org/resource/Devil_(Super_Junior_album),Devil (Super Junior album),http://dbpedia.org/resource/Funk_rock,Funk rock,http://dbpedia.org/resource/Avex_Trax,Avex Trax,,,1/6/2016
http://dbpedia.org/resource/Devil_(Super_Junior_song),Devil (Super Junior song),http://dbpedia.org/resource/Kenzie_(songwriter),Kenzie (songwriter),composer,http://dbpedia.org/resource/Devil_(Super_Junior_album),Devil (Super Junior album),http://dbpedia.org/resource/Funk_rock,Funk rock,http://dbpedia.org/resource/Genie_Music,Genie Music,,,1/6/2016
http://dbpedia.org/resource/Devil_(Super_Junior_song),Devil (Super Junior song),http://dbpedia.org/resource/Kenzie_(songwriter),Kenzie (songwriter),composer,http://dbpedia.org/resource/Devil_(Super_Junior_album),Devil (Super Junior album),http://dbpedia.org/resource/Funk_rock,Funk rock,http://dbpedia.org/resource/Avex_Trax,Avex Trax,,,1/6/2016
http://dbpedia.org/resource/Devil_(Super_Junior_song),Devil (Super Junior song),http://dbpedia.org/resource/The_Stereotypes,The Stereotypes,composer,http://dbpedia.org/resource/Devil_(Super_Junior_album),Devil (Super Junior album),http://dbpedia.org/resource/Funk_rock,Funk rock,http://dbpedia.org/resource/Genie_Music,Genie Music,,,1/6/2016
http://dbpedia.org/resource/Devil_(Super_Junior_song),Devil (Super Junior song),http://dbpedia.org/resource/The_Stereotypes,The Stereotypes,composer,http://dbpedia.org/resource/Devil_(Super_Junior_album),Devil (Super Junior album),http://dbpedia.org/resource/Funk_rock,Funk rock,http://dbpedia.org/resource/SM_Entertainment,SM Entertainment,,,1/6/2016
http://dbpedia.org/resource/Batter_Up_(Babymonster_song),Batter Up (Babymonster song),http://dbpedia.org/resource/The_Fliptones,The Fliptones,composer,http://dbpedia.org/resource/Babymons7er,Babymons7er,http://dbpedia.org/resource/Hip_hop_music,Hip hop music,http://dbpedia.org/resource/YG_Entertainment,YG Entertainment,,,11/27/2023
http://dbpedia.org/resource/Batter_Up_(Babymonster_song),Batter Up (Babymonster song),http://dbpedia.org/resource/The_Fliptones,The Fliptones,composer,http://dbpedia.org/resource/Babymons7er,Babymons7er,http://dbpedia.org/resource/Hip_hop_music,Hip-hop,http://dbpedia.org/resource/YG_Entertainment,YG Entertainment,,,11/27/2023
http://dbpedia.org/resource/Batter_Up_(Babymonster_song),Batter Up (Babymonster song),http://dbpedia.org/resource/Future_Bounce,Future Bounce,composer,http://dbpedia.org/resource/Babymons7er,Babymons7er,http://dbpedia.org/resource/Hip_hop_music,Hip hop music,http://dbpedia.org/resource/YG_Entertainment,YG Entertainment,,,11/27/2023
http://dbpedia.org/resource/Batter_Up_(Babymonster_song),Batter Up (Babymonster song),http://dbpedia.org/resource/Future_Bounce,Future Bounce,composer,http://dbpedia.org/resource/Babymons7er,Babymons7er,http://dbpedia.org/resource/Hip_hop_music,Hip-hop,http://dbpedia.org/resource/YG_Entertainment,YG Entertainment,,,11/27/2023
http://dbpedia.org/resource/Magic_(Super_Junior_song),Magic (Super Junior song),http://dbpedia.org/resource/Thomas_Sardorf,Thomas Sardorf,composer,http://dbpedia.org/resource/Devil_(Super_Junior_album),Devil (Super Junior album),http://dbpedia.org/resource/K-pop,K-pop,http://dbpedia.org/resource/Avex_Trax,Avex Trax,,,1/6/2016
http://dbpedia.org/resource/Magic_(Super_Junior_song),Magic (Super Junior song),http://dbpedia.org/resource/Thomas_Sardorf,Thomas Sardorf,composer,http://dbpedia.org/resource/Devil_(Super_Junior_album),Devil (Super Junior album),http://dbpedia.org/resource/K-pop,K-pop,http://dbpedia.org/resource/SM_Entertainment,SM Entertainment,,,1/6/2016
http://dbpedia.org/resource/Magic_(Super_Junior_song),Magic (Super Junior song),http://dbpedia.org/resource/Thomas_Sardorf,Thomas Sardorf,composer,http://dbpedia.org/resource/Devil_(Super_Junior_album),Devil (Super Junior album),http://dbpedia.org/resource/K-pop,K-pop,http://dbpedia.org/resource/Genie_Music,Genie Music,,,1/6/2016
http://dbpedia.org/resource/Party_O'Clock_(Nmixx_song),Party O'Clock (Nmixx song),http://dbpedia.org/resource/Park_Jin-young,Park Jin-young,composer,http://dbpedia.org/resource/A_Midsummer_Nmixx's_Dream,A Midsummer Nmixx's Dream,http://dbpedia.org/resource/Pop_music,Pop music,http://dbpedia.org/resource/JYP_Entertainment,JYP Entertainment,,,7/11/2023
http://dbpedia.org/resource/Party_O'Clock_(Nmixx_song),Party O'Clock (Nmixx song),http://dbpedia.org/resource/Park_Jin-young,Park Jin-young,composer,http://dbpedia.org/resource/A_Midsummer_Nmixx's_Dream,A Midsummer Nmixx's Dream,http://dbpedia.org/resource/Pop_music,Pop music,http://dbpedia.org/resource/Republic_Records,Republic Records,,,7/11/2023
http://dbpedia.org/resource/Party_O'Clock_(Nmixx_song),Party O'Clock (Nmixx song),http://dbpedia.org/resource/Park_Jin-young,Park Jin-young,composer,http://dbpedia.org/resource/A_Midsummer_Nmixx's_Dream,A Midsummer Nmixx's Dream,http://dbpedia.org/resource/Pop_music,Pop music,http://dbpedia.org/resource/Republic_Records,Universal Republic Records,,,7/11/2023
http://dbpedia.org/resource/Magic_(Super_Junior_song),Magic (Super Junior song),http://dbpedia.org/resource/Thomas_Sardorf,Thomas Sardorf,composer,http://dbpedia.org/resource/Devil_(Super_Junior_album),Devil (Super Junior album),http://dbpedia.org/resource/Dance_music,Dance music,http://dbpedia.org/resource/Avex_Trax,Avex Trax,,,1/6/2016
http://dbpedia.org/resource/Magic_(Super_Junior_song),Magic (Super Junior song),http://dbpedia.org/resource/Thomas_Sardorf,Thomas Sardorf,composer,http://dbpedia.org/resource/Devil_(Super_Junior_album),Devil (Super Junior album),http://dbpedia.org/resource/Dance_music,Dance music,http://dbpedia.org/resource/SM_Entertainment,SM Entertainment,,,1/6/2016
http://dbpedia.org/resource/Magic_(Super_Junior_song),Magic (Super Junior song),http://dbpedia.org/resource/Thomas_Sardorf,Thomas Sardorf,composer,http://dbpedia.org/resource/Devil_(Super_Junior_album),Devil (Super Junior album),http://dbpedia.org/resource/Dance_music,Dance music,http://dbpedia.org/resource/Genie_Music,Genie Music,,,1/6/2016
http://dbpedia.org/resource/Not_My_Fault_(song),Not My Fault (song),http://dbpedia.org/resource/Nell_Benjamin,Nell Benjamin,composer,http://dbpedia.org/resource/Mean_Girls_(2024_soundtrack),Mean Girls (2024 soundtrack),http://dbpedia.org/resource/Disco,Disco,http://dbpedia.org/resource/Interscope_Records,Interscope Records,,,12/15/2023
http://dbpedia.org/resource/Not_My_Fault_(song),Not My Fault (song),http://dbpedia.org/resource/Nell_Benjamin,Nell Benjamin,composer,http://dbpedia.org/resource/Mean_Girls_(2024_soundtrack),Mean Girls (2024 soundtrack),http://dbpedia.org/resource/Pop_rap,Pop rap,http://dbpedia.org/resource/Interscope_Records,Interscope Records,,,12/15/2023
http://dbpedia.org/resource/Batter_Up_(Babymonster_song),Batter Up (Babymonster song),http://dbpedia.org/resource/Future_Bounce,Future Bounce,composer,http://dbpedia.org/resource/Babymons7er,Babymons7er,http://dbpedia.org/resource/Trap_music,Trap music,http://dbpedia.org/resource/YG_Entertainment,YG Entertainment,,,11/27/2023
http://dbpedia.org/resource/Batter_Up_(Babymonster_song),Batter Up (Babymonster song),http://dbpedia.org/resource/The_Fliptones,The Fliptones,composer,http://dbpedia.org/resource/Babymons7er,Babymons7er,http://dbpedia.org/resource/Trap_music,Trap music,http://dbpedia.org/resource/YG_Entertainment,YG Entertainment,,,11/27/2023
http://dbpedia.org/resource/Die_4_You,Die 4 You,http://dbpedia.org/resource/Galdive,Galdive,composer,,,http://dbpedia.org/resource/Alternative_R&B,Alternative R&B,http://dbpedia.org/resource/Universal_Music_Group,Universal Music Group,,,11/18/2023
http://dbpedia.org/resource/Name_of_Love_(Cinema_Staff_song),Name of Love (Cinema Staff song),http://dbpedia.org/resource/Cinema_Staff,Cinema Staff,composer,,,http://dbpedia.org/resource/Anime_song,Anime song,http://dbpedia.org/resource/Pony_Canyon,Pony Canyon,,,5/29/2019
http://dbpedia.org/resource/Akatsuki_no_Requiem,Akatsuki no Requiem,http://dbpedia.org/resource/Sound_Horizon,Sound Horizon,composer,,,http://dbpedia.org/resource/Anime_song,Anime song,http://dbpedia.org/resource/Pony_Canyon,Pony Canyon,,,9/19/2018
http://dbpedia.org/resource/Bon_ton_(song),Bon ton (song),http://dbpedia.org/resource/Drillionaire,Drillionaire,composer,,,,,http://dbpedia.org/resource/Island_Records,Island Records,,,6/23/2023
http://dbpedia.org/resource/Bon_ton_(song),Bon ton (song),http://dbpedia.org/resource/Drillionaire,Drillionaire,composer,,,,,http://dbpedia.org/resource/Universal_Music_Group,Universal Music Group,,,6/23/2023
http://dbpedia.org/resource/2:30,2:30,http://dbpedia.org/resource/Magicsticks,Magicsticks,producer,http://dbpedia.org/resource/Work_of_Art_(album),Work of Art (album),http://dbpedia.org/resource/Afrobeats,Afrobeats,http://dbpedia.org/resource/YBNL_Nation,YBNL Nation,http://dbpedia.org/resource/Nigeria,Nigeria,4/5/2023
http://dbpedia.org/resource/2:30,2:30,http://dbpedia.org/resource/Magicsticks,Magicsticks,producer,http://dbpedia.org/resource/Work_of_Art_(album),Work of Art (album),http://dbpedia.org/resource/Afrobeats,Afrobeats,http://dbpedia.org/resource/YBNL_Nation,YBNL (album),http://dbpedia.org/resource/Nigeria,Nigeria,4/5/2023
http://dbpedia.org/resource/2:30,2:30,http://dbpedia.org/resource/Magicsticks,Magicsticks,producer,http://dbpedia.org/resource/Work_of_Art_(album),Work of Art (album),http://dbpedia.org/resource/Afrobeats,Afrobeats,http://dbpedia.org/resource/Empire_Distribution,Empire Distribution,http://dbpedia.org/resource/Nigeria,Nigeria,4/5/2023
http://dbpedia.org/resource/Gwagwalada_(song),Gwagwalada (song),http://dbpedia.org/resource/Sarz,Sarz,producer,"http://dbpedia.org/resource/Sincerely,_Benson","Sincerely, Benson",http://dbpedia.org/resource/Afrobeats,Afrobeats,http://dbpedia.org/resource/Empire_Distribution,Empire Distribution,http://dbpedia.org/resource/Nigeria,Nigeria,2/16/2023
http://dbpedia.org/resource/Nightmares_(Chris_Brown_song),Nightmares (Chris Brown song),http://dbpedia.org/resource/Chopstix_(music_producer),Chopstix (music producer),producer,http://dbpedia.org/resource/11:11_(Chris_Brown_album),11:11 (Chris Brown album),http://dbpedia.org/resource/Afrobeats,Afrobeats,http://dbpedia.org/resource/RCA_Records,RCA Records,http://dbpedia.org/resource/Nigeria,Nigeria,11/7/2023
http://dbpedia.org/resource/Life_(Gen_Hoshino_song),Life (Gen Hoshino song),http://dbpedia.org/resource/Gen_Hoshino,Gen Hoshino,producer,http://dbpedia.org/resource/Gen_(album),Gen (album),http://dbpedia.org/resource/Contemporary_R&B,Contemporary R&B,http://dbpedia.org/resource/Victor_Entertainment,Victor Entertainment,http://dbpedia.org/resource/Japan,Japan,8/14/2023
http://dbpedia.org/resource/Needle_(song),Needle (song),http://dbpedia.org/resource/Boi-1da,Boi-1da,producer,http://dbpedia.org/resource/Pink_Friday_2,Pink Friday 2,http://dbpedia.org/resource/Contemporary_R&B,Contemporary R&B,http://dbpedia.org/resource/Republic_Records,Universal Republic Records,http://dbpedia.org/resource/Jamaica,Jamaica,12/8/2023
http://dbpedia.org/resource/Needle_(song),Needle (song),http://dbpedia.org/resource/Boi-1da,Boi-1da,producer,http://dbpedia.org/resource/Pink_Friday_2,Pink Friday 2,http://dbpedia.org/resource/Contemporary_R&B,Contemporary R&B,http://dbpedia.org/resource/Republic_Records,Republic Records,http://dbpedia.org/resource/Jamaica,Jamaica,12/8/2023
http://dbpedia.org/resource/Nightmares_(Chris_Brown_song),Nightmares (Chris Brown song),http://dbpedia.org/resource/Chopstix_(music_producer),Chopstix (music producer),producer,http://dbpedia.org/resource/11:11_(Chris_Brown_album),11:11 (Chris Brown album),http://dbpedia.org/resource/Dancehall,Dancehall,http://dbpedia.org/resource/RCA_Records,RCA Records,http://dbpedia.org/resource/Nigeria,Nigeria,11/7/2023
http://dbpedia.org/resource/La_noia_(song),La noia (song),http://dbpedia.org/resource/Dario_Faini,Dario Faini,producer,http://dbpedia.org/resource/Poké_melodrama,Poké melodrama,http://dbpedia.org/resource/Folk_music,Folk music,http://dbpedia.org/resource/List_of_Warner_Music_Group_labels,Warner Music Japan,http://dbpedia.org/resource/Italy,Italy,2/7/2024
http://dbpedia.org/resource/La_noia_(song),La noia (song),http://dbpedia.org/resource/Dario_Faini,Dario Faini,producer,http://dbpedia.org/resource/Poké_melodrama,Poké melodrama,http://dbpedia.org/resource/Folk_music,Folk music,http://dbpedia.org/resource/List_of_Warner_Music_Group_labels,Warner Music Germany,http://dbpedia.org/resource/Italy,Italy,2/7/2024
http://dbpedia.org/resource/La_noia_(song),La noia (song),http://dbpedia.org/resource/Dario_Faini,Dario Faini,producer,http://dbpedia.org/resource/Poké_melodrama,Poké melodrama,http://dbpedia.org/resource/Folk_music,Folk music,http://dbpedia.org/resource/List_of_Warner_Music_Group_labels,Warner Music Argentina,http://dbpedia.org/resource/Italy,Italy,2/7/2024
http://dbpedia.org/resource/La_noia_(song),La noia (song),http://dbpedia.org/resource/Dario_Faini,Dario Faini,producer,http://dbpedia.org/resource/Poké_melodrama,Poké melodrama,http://dbpedia.org/resource/Folk_music,Folk music,http://dbpedia.org/resource/List_of_Warner_Music_Group_labels,Warner Music Brasil,http://dbpedia.org/resource/Italy,Italy,2/7/2024
http://dbpedia.org/resource/La_noia_(song),La noia (song),http://dbpedia.org/resource/Dario_Faini,Dario Faini,producer,http://dbpedia.org/resource/Poké_melodrama,Poké melodrama,http://dbpedia.org/resource/Folk_music,Folk music,http://dbpedia.org/resource/List_of_Warner_Music_Group_labels,Warner Music Chile,http://dbpedia.org/resource/Italy,Italy,2/7/2024
http://dbpedia.org/resource/La_noia_(song),La noia (song),http://dbpedia.org/resource/Dario_Faini,Dario Faini,producer,http://dbpedia.org/resource/Poké_melodrama,Poké melodrama,http://dbpedia.org/resource/Folk_music,Folk music,http://dbpedia.org/resource/List_of_Warner_Music_Group_labels,Warner Music Finland,http://dbpedia.org/resource/Italy,Italy,2/7/2024
http://dbpedia.org/resource/La_noia_(song),La noia (song),http://dbpedia.org/resource/Dario_Faini,Dario Faini,producer,http://dbpedia.org/resource/Poké_melodrama,Poké melodrama,http://dbpedia.org/resource/Folk_music,Folk music,http://dbpedia.org/resource/List_of_Warner_Music_Group_labels,Warner Music Denmark,http://dbpedia.org/resource/Italy,Italy,2/7/2024
http://dbpedia.org/resource/La_noia_(song),La noia (song),http://dbpedia.org/resource/Dario_Faini,Dario Faini,producer,http://dbpedia.org/resource/Poké_melodrama,Poké melodrama,http://dbpedia.org/resource/Folk_music,Folk music,http://dbpedia.org/resource/List_of_Warner_Music_Group_labels,Warner Music Malaysia,http://dbpedia.org/resource/Italy,Italy,2/7/2024
http://dbpedia.org/resource/La_noia_(song),La noia (song),http://dbpedia.org/resource/Dario_Faini,Dario Faini,producer,http://dbpedia.org/resource/Poké_melodrama,Poké melodrama,http://dbpedia.org/resource/Folk_music,Folk music,http://dbpedia.org/resource/List_of_Warner_Music_Group_labels,Warner Music Taiwan,http://dbpedia.org/resource/Italy,Italy,2/7/2024
http://dbpedia.org/resource/La_noia_(song),La noia (song),http://dbpedia.org/resource/Dario_Faini,Dario Faini,producer,http://dbpedia.org/resource/Poké_melodrama,Poké melodrama,http://dbpedia.org/resource/Folk_music,Folk music,http://dbpedia.org/resource/List_of_Warner_Music_Group_labels,Warner Music Hong Kong,http://dbpedia.org/resource/Italy,Italy,2/7/2024
http://dbpedia.org/resource/La_noia_(song),La noia (song),http://dbpedia.org/resource/Dario_Faini,Dario Faini,producer,http://dbpedia.org/resource/Poké_melodrama,Poké melodrama,http://dbpedia.org/resource/Folk_music,Folk music,http://dbpedia.org/resource/List_of_Warner_Music_Group_labels,Warner Music Portugal,http://dbpedia.org/resource/Italy,Italy,2/7/2024
http://dbpedia.org/resource/La_noia_(song),La noia (song),http://dbpedia.org/resource/Dario_Faini,Dario Faini,producer,http://dbpedia.org/resource/Poké_melodrama,Poké melodrama,http://dbpedia.org/resource/Folk_music,Folk music,http://dbpedia.org/resource/List_of_Warner_Music_Group_labels,Warner Music Nashville,http://dbpedia.org/resource/Italy,Italy,2/7/2024
http://dbpedia.org/resource/La_noia_(song),La noia (song),http://dbpedia.org/resource/Dario_Faini,Dario Faini,producer,http://dbpedia.org/resource/Poké_melodrama,Poké melodrama,http://dbpedia.org/resource/Folk_music,Folk music,http://dbpedia.org/resource/List_of_Warner_Music_Group_labels,Warner Music Norway,http://dbpedia.org/resource/Italy,Italy,2/7/2024
http://dbpedia.org/resource/La_noia_(song),La noia (song),http://dbpedia.org/resource/Dario_Faini,Dario Faini,producer,http://dbpedia.org/resource/Poké_melodrama,Poké melodrama,http://dbpedia.org/resource/Folk_music,Folk music,http://dbpedia.org/resource/List_of_Warner_Music_Group_labels,Warner Music France,http://dbpedia.org/resource/Italy,Italy,2/7/2024
http://dbpedia.org/resource/La_noia_(song),La noia (song),http://dbpedia.org/resource/Dario_Faini,Dario Faini,producer,http://dbpedia.org/resource/Poké_melodrama,Poké melodrama,http://dbpedia.org/resource/Folk_music,Folk music,http://dbpedia.org/resource/List_of_Warner_Music_Group_labels,Warner Music Italy,http://dbpedia.org/resource/Italy,Italy,2/7/2024
http://dbpedia.org/resource/La_noia_(song),La noia (song),http://dbpedia.org/resource/Dario_Faini,Dario Faini,producer,http://dbpedia.org/resource/Poké_melodrama,Poké melodrama,http://dbpedia.org/resource/Folk_music,Folk music,http://dbpedia.org/resource/List_of_Warner_Music_Group_labels,Warner Music Thailand,http://dbpedia.org/resource/Italy,Italy,2/7/2024
http://dbpedia.org/resource/La_noia_(song),La noia (song),http://dbpedia.org/resource/Dario_Faini,Dario Faini,producer,http://dbpedia.org/resource/Poké_melodrama,Poké melodrama,http://dbpedia.org/resource/Folk_music,Folk music,http://dbpedia.org/resource/List_of_Warner_Music_Group_labels,Warner Music Russia,http://dbpedia.org/resource/Italy,Italy,2/7/2024
http://dbpedia.org/resource/La_noia_(song),La noia (song),http://dbpedia.org/resource/Dario_Faini,Dario Faini,producer,http://dbpedia.org/resource/Poké_melodrama,Poké melodrama,http://dbpedia.org/resource/Folk_music,Folk music,http://dbpedia.org/resource/List_of_Warner_Music_Group_labels,Warner Music Indonesia,http://dbpedia.org/resource/Italy,Italy,2/7/2024
http://dbpedia.org/resource/La_noia_(song),La noia (song),http://dbpedia.org/resource/Dario_Faini,Dario Faini,producer,http://dbpedia.org/resource/Poké_melodrama,Poké melodrama,http://dbpedia.org/resource/Folk_music,Folk music,http://dbpedia.org/resource/List_of_Warner_Music_Group_labels,Warner Music Spain,http://dbpedia.org/resource/Italy,Italy,2/7/2024
http://dbpedia.org/resource/La_noia_(song),La noia (song),http://dbpedia.org/resource/Dario_Faini,Dario Faini,producer,http://dbpedia.org/resource/Poké_melodrama,Poké melodrama,http://dbpedia.org/resource/Folk_music,Folk music,http://dbpedia.org/resource/List_of_Warner_Music_Group_labels,Warner Music India,http://dbpedia.org/resource/Italy,Italy,2/7/2024
http://dbpedia.org/resource/La_noia_(song),La noia (song),http://dbpedia.org/resource/Dario_Faini,Dario Faini,producer,http://dbpedia.org/resource/Poké_melodrama,Poké melodrama,http://dbpedia.org/resource/Folk_music,Folk music,http://dbpedia.org/resource/List_of_Warner_Music_Group_labels,Warner Music UK,http://dbpedia.org/resource/Italy,Italy,2/7/2024
http://dbpedia.org/resource/La_noia_(song),La noia (song),http://dbpedia.org/resource/Dario_Faini,Dario Faini,producer,http://dbpedia.org/resource/Poké_melodrama,Poké melodrama,http://dbpedia.org/resource/Folk_music,Folk music,http://dbpedia.org/resource/List_of_Warner_Music_Group_labels,Warner Music Austria,http://dbpedia.org/resource/Italy,Italy,2/7/2024
http://dbpedia.org/resource/La_noia_(song),La noia (song),http://dbpedia.org/resource/Dario_Faini,Dario Faini,producer,http://dbpedia.org/resource/Poké_melodrama,Poké melodrama,http://dbpedia.org/resource/Folk_music,Folk music,http://dbpedia.org/resource/List_of_Warner_Music_Group_labels,Warner Music Belgium,http://dbpedia.org/resource/Italy,Italy,2/7/2024
http://dbpedia.org/resource/La_noia_(song),La noia (song),http://dbpedia.org/resource/Dario_Faini,Dario Faini,producer,http://dbpedia.org/resource/Poké_melodrama,Poké melodrama,http://dbpedia.org/resource/Folk_music,Folk music,http://dbpedia.org/resource/List_of_Warner_Music_Group_labels,Warner Music Benelux,http://dbpedia.org/resource/Italy,Italy,2/7/2024
http://dbpedia.org/resource/La_noia_(song),La noia (song),http://dbpedia.org/resource/Dario_Faini,Dario Faini,producer,http://dbpedia.org/resource/Poké_melodrama,Poké melodrama,http://dbpedia.org/resource/Folk_music,Folk music,http://dbpedia.org/resource/List_of_Warner_Music_Group_labels,Warner Music Central Europe,http://dbpedia.org/resource/Italy,Italy,2/7/2024
http://dbpedia.org/resource/La_noia_(song),La noia (song),http://dbpedia.org/resource/Dario_Faini,Dario Faini,producer,http://dbpedia.org/resource/Poké_melodrama,Poké melodrama,http://dbpedia.org/resource/Folk_music,Folk music,http://dbpedia.org/resource/List_of_Warner_Music_Group_labels,Warner Music China,http://dbpedia.org/resource/Italy,Italy,2/7/2024
http://dbpedia.org/resource/La_noia_(song),La noia (song),http://dbpedia.org/resource/Dario_Faini,Dario Faini,producer,http://dbpedia.org/resource/Poké_melodrama,Poké melodrama,http://dbpedia.org/resource/Folk_music,Folk music,http://dbpedia.org/resource/List_of_Warner_Music_Group_labels,Warner Music Colombia,http://dbpedia.org/resource/Italy,Italy,2/7/2024
http://dbpedia.org/resource/La_noia_(song),La noia (song),http://dbpedia.org/resource/Dario_Faini,Dario Faini,producer,http://dbpedia.org/resource/Poké_melodrama,Poké melodrama,http://dbpedia.org/resource/Folk_music,Folk music,http://dbpedia.org/resource/List_of_Warner_Music_Group_labels,Warner Music Greece,http://dbpedia.org/resource/Italy,Italy,2/7/2024
http://dbpedia.org/resource/La_noia_(song),La noia (song),http://dbpedia.org/resource/Dario_Faini,Dario Faini,producer,http://dbpedia.org/resource/Poké_melodrama,Poké melodrama,http://dbpedia.org/resource/Folk_music,Folk music,http://dbpedia.org/resource/List_of_Warner_Music_Group_labels,Warner Music Hungary,http://dbpedia.org/resource/Italy,Italy,2/7/2024
http://dbpedia.org/resource/La_noia_(song),La noia (song),http://dbpedia.org/resource/Dario_Faini,Dario Faini,producer,http://dbpedia.org/resource/Poké_melodrama,Poké melodrama,http://dbpedia.org/resource/Folk_music,Folk music,http://dbpedia.org/resource/List_of_Warner_Music_Group_labels,Warner Music Ireland,http://dbpedia.org/resource/Italy,Italy,2/7/2024
http://dbpedia.org/resource/La_noia_(song),La noia (song),http://dbpedia.org/resource/Dario_Faini,Dario Faini,producer,http://dbpedia.org/resource/Poké_melodrama,Poké melodrama,http://dbpedia.org/resource/Folk_music,Folk music,http://dbpedia.org/resource/List_of_Warner_Music_Group_labels,Warner Music Korea,http://dbpedia.org/resource/Italy,Italy,2/7/2024
http://dbpedia.org/resource/La_noia_(song),La noia (song),http://dbpedia.org/resource/Dario_Faini,Dario Faini,producer,http://dbpedia.org/resource/Poké_melodrama,Poké melodrama,http://dbpedia.org/resource/Folk_music,Folk music,http://dbpedia.org/resource/List_of_Warner_Music_Group_labels,Warner Music México,http://dbpedia.org/resource/Italy,Italy,2/7/2024
http://dbpedia.org/resource/La_noia_(song),La noia (song),http://dbpedia.org/resource/Dario_Faini,Dario Faini,producer,http://dbpedia.org/resource/Poké_melodrama,Poké melodrama,http://dbpedia.org/resource/Folk_music,Folk music,http://dbpedia.org/resource/List_of_Warner_Music_Group_labels,Warner Music Netherlands,http://dbpedia.org/resource/Italy,Italy,2/7/2024
http://dbpedia.org/resource/La_noia_(song),La noia (song),http://dbpedia.org/resource/Dario_Faini,Dario Faini,producer,http://dbpedia.org/resource/Poké_melodrama,Poké melodrama,http://dbpedia.org/resource/Folk_music,Folk music,http://dbpedia.org/resource/List_of_Warner_Music_Group_labels,Warner Music New Zealand,http://dbpedia.org/resource/Italy,Italy,2/7/2024
http://dbpedia.org/resource/La_noia_(song),La noia (song),http://dbpedia.org/resource/Dario_Faini,Dario Faini,producer,http://dbpedia.org/resource/Poké_melodrama,Poké melodrama,http://dbpedia.org/resource/Folk_music,Folk music,http://dbpedia.org/resource/List_of_Warner_Music_Group_labels,Warner Music Perú,http://dbpedia.org/resource/Italy,Italy,2/7/2024
http://dbpedia.org/resource/La_noia_(song),La noia (song),http://dbpedia.org/resource/Dario_Faini,Dario Faini,producer,http://dbpedia.org/resource/Poké_melodrama,Poké melodrama,http://dbpedia.org/resource/Folk_music,Folk music,http://dbpedia.org/resource/List_of_Warner_Music_Group_labels,Warner Music Singapore,http://dbpedia.org/resource/Italy,Italy,2/7/2024
http://dbpedia.org/resource/La_noia_(song),La noia (song),http://dbpedia.org/resource/Dario_Faini,Dario Faini,producer,http://dbpedia.org/resource/Poké_melodrama,Poké melodrama,http://dbpedia.org/resource/Folk_music,Folk music,http://dbpedia.org/resource/List_of_Warner_Music_Group_labels,Warner Music Switzerland,http://dbpedia.org/resource/Italy,Italy,2/7/2024
http://dbpedia.org/resource/La_noia_(song),La noia (song),http://dbpedia.org/resource/Dario_Faini,Dario Faini,producer,http://dbpedia.org/resource/Poké_melodrama,Poké melodrama,http://dbpedia.org/resource/Folk_music,Folk music,http://dbpedia.org/resource/List_of_Warner_Music_Group_labels,List of Warner Music Group labels,http://dbpedia.org/resource/Italy,Italy,2/7/2024
http://dbpedia.org/resource/La_noia_(song),La noia (song),http://dbpedia.org/resource/Dario_Faini,Dario Faini,producer,http://dbpedia.org/resource/Poké_melodrama,Poké melodrama,http://dbpedia.org/resource/Folk_music,Folk music,http://dbpedia.org/resource/List_of_Warner_Music_Group_labels,Play On (record label),http://dbpedia.org/resource/Italy,Italy,2/7/2024
http://dbpedia.org/resource/Find_Your_Way_Back_(Beyoncé_song),Find Your Way Back (Beyoncé song),http://dbpedia.org/resource/GuiltyBeatz,GuiltyBeatz,producer,http://dbpedia.org/resource/The_Lion_King:_The_Gift,The Lion King: The Gift,http://dbpedia.org/resource/Pop_music,Pop music,http://dbpedia.org/resource/Columbia_Records,Columbia Records,http://dbpedia.org/resource/Italy,Italy,7/19/2019
http://dbpedia.org/resource/Find_Your_Way_Back_(Beyoncé_song),Find Your Way Back (Beyoncé song),http://dbpedia.org/resource/GuiltyBeatz,GuiltyBeatz,producer,http://dbpedia.org/resource/The_Lion_King:_The_Gift,The Lion King: The Gift,http://dbpedia.org/resource/Pop_music,Pop music,http://dbpedia.org/resource/Parkwood_Entertainment,Parkwood Entertainment,http://dbpedia.org/resource/Italy,Italy,7/19/2019
http://dbpedia.org/resource/La_noia_(song),La noia (song),http://dbpedia.org/resource/Dario_Faini,Dario Faini,producer,http://dbpedia.org/resource/Poké_melodrama,Poké melodrama,http://dbpedia.org/resource/Pop_music,Pop music,http://dbpedia.org/resource/List_of_Warner_Music_Group_labels,Warner Music Japan,http://dbpedia.org/resource/Italy,Italy,2/7/2024
http://dbpedia.org/resource/La_noia_(song),La noia (song),http://dbpedia.org/resource/Dario_Faini,Dario Faini,producer,http://dbpedia.org/resource/Poké_melodrama,Poké melodrama,http://dbpedia.org/resource/Pop_music,Pop music,http://dbpedia.org/resource/List_of_Warner_Music_Group_labels,Warner Music Germany,http://dbpedia.org/resource/Italy,Italy,2/7/2024
http://dbpedia.org/resource/La_noia_(song),La noia (song),http://dbpedia.org/resource/Dario_Faini,Dario Faini,producer,http://dbpedia.org/resource/Poké_melodrama,Poké melodrama,http://dbpedia.org/resource/Pop_music,Pop music,http://dbpedia.org/resource/List_of_Warner_Music_Group_labels,Warner Music Argentina,http://dbpedia.org/resource/Italy,Italy,2/7/2024
http://dbpedia.org/resource/La_noia_(song),La noia (song),http://dbpedia.org/resource/Dario_Faini,Dario Faini,producer,http://dbpedia.org/resource/Poké_melodrama,Poké melodrama,http://dbpedia.org/resource/Pop_music,Pop music,http://dbpedia.org/resource/List_of_Warner_Music_Group_labels,Warner Music Brasil,http://dbpedia.org/resource/Italy,Italy,2/7/2024
http://dbpedia.org/resource/La_noia_(song),La noia (song),http://dbpedia.org/resource/Dario_Faini,Dario Faini,producer,http://dbpedia.org/resource/Poké_melodrama,Poké melodrama,http://dbpedia.org/resource/Pop_music,Pop music,http://dbpedia.org/resource/List_of_Warner_Music_Group_labels,Warner Music Chile,http://dbpedia.org/resource/Italy,Italy,2/7/2024
http://dbpedia.org/resource/La_noia_(song),La noia (song),http://dbpedia.org/resource/Dario_Faini,Dario Faini,producer,http://dbpedia.org/resource/Poké_melodrama,Poké melodrama,http://dbpedia.org/resource/Pop_music,Pop music,http://dbpedia.org/resource/List_of_Warner_Music_Group_labels,Warner Music Finland,http://dbpedia.org/resource/Italy,Italy,2/7/2024
http://dbpedia.org/resource/La_noia_(song),La noia (song),http://dbpedia.org/resource/Dario_Faini,Dario Faini,producer,http://dbpedia.org/resource/Poké_melodrama,Poké melodrama,http://dbpedia.org/resource/Pop_music,Pop music,http://dbpedia.org/resource/List_of_Warner_Music_Group_labels,Warner Music Denmark,http://dbpedia.org/resource/Italy,Italy,2/7/2024
http://dbpedia.org/resource/La_noia_(song),La noia (song),http://dbpedia.org/resource/Dario_Faini,Dario Faini,producer,http://dbpedia.org/resource/Poké_melodrama,Poké melodrama,http://dbpedia.org/resource/Pop_music,Pop music,http://dbpedia.org/resource/List_of_Warner_Music_Group_labels,Warner Music Malaysia,http://dbpedia.org/resource/Italy,Italy,2/7/2024
http://dbpedia.org/resource/La_noia_(song),La noia (song),http://dbpedia.org/resource/Dario_Faini,Dario Faini,producer,http://dbpedia.org/resource/Poké_melodrama,Poké melodrama,http://dbpedia.org/resource/Pop_music,Pop music,http://dbpedia.org/resource/List_of_Warner_Music_Group_labels,Warner Music Taiwan,http://dbpedia.org/resource/Italy,Italy,2/7/2024
http://dbpedia.org/resource/La_noia_(song),La noia (song),http://dbpedia.org/resource/Dario_Faini,Dario Faini,producer,http://dbpedia.org/resource/Poké_melodrama,Poké melodrama,http://dbpedia.org/resource/Pop_music,Pop music,http://dbpedia.org/resource/List_of_Warner_Music_Group_labels,Warner Music Hong Kong,http://dbpedia.org/resource/Italy,Italy,2/7/2024
http://dbpedia.org/resource/La_noia_(song),La noia (song),http://dbpedia.org/resource/Dario_Faini,Dario Faini,producer,http://dbpedia.org/resource/Poké_melodrama,Poké melodrama,http://dbpedia.org/resource/Pop_music,Pop music,http://dbpedia.org/resource/List_of_Warner_Music_Group_labels,Warner Music Portugal,http://dbpedia.org/resource/Italy,Italy,2/7/2024
http://dbpedia.org/resource/La_noia_(song),La noia (song),http://dbpedia.org/resource/Dario_Faini,Dario Faini,producer,http://dbpedia.org/resource/Poké_melodrama,Poké melodrama,http://dbpedia.org/resource/Pop_music,Pop music,http://dbpedia.org/resource/List_of_Warner_Music_Group_labels,Warner Music Nashville,http://dbpedia.org/resource/Italy,Italy,2/7/2024
http://dbpedia.org/resource/La_noia_(song),La noia (song),http://dbpedia.org/resource/Dario_Faini,Dario Faini,producer,http://dbpedia.org/resource/Poké_melodrama,Poké melodrama,http://dbpedia.org/resource/Pop_music,Pop music,http://dbpedia.org/resource/List_of_Warner_Music_Group_labels,Warner Music Norway,http://dbpedia.org/resource/Italy,Italy,2/7/2024
http://dbpedia.org/resource/La_noia_(song),La noia (song),http://dbpedia.org/resource/Dario_Faini,Dario Faini,producer,http://dbpedia.org/resource/Poké_melodrama,Poké melodrama,http://dbpedia.org/resource/Pop_music,Pop music,http://dbpedia.org/resource/List_of_Warner_Music_Group_labels,Warner Music France,http://dbpedia.org/resource/Italy,Italy,2/7/2024
http://dbpedia.org/resource/La_noia_(song),La noia (song),http://dbpedia.org/resource/Dario_Faini,Dario Faini,producer,http://dbpedia.org/resource/Poké_melodrama,Poké melodrama,http://dbpedia.org/resource/Pop_music,Pop music,http://dbpedia.org/resource/List_of_Warner_Music_Group_labels,Warner Music Italy,http://dbpedia.org/resource/Italy,Italy,2/7/2024
http://dbpedia.org/resource/La_noia_(song),La noia (song),http://dbpedia.org/resource/Dario_Faini,Dario Faini,producer,http://dbpedia.org/resource/Poké_melodrama,Poké melodrama,http://dbpedia.org/resource/Pop_music,Pop music,http://dbpedia.org/resource/List_of_Warner_Music_Group_labels,Warner Music Thailand,http://dbpedia.org/resource/Italy,Italy,2/7/2024
http://dbpedia.org/resource/La_noia_(song),La noia (song),http://dbpedia.org/resource/Dario_Faini,Dario Faini,producer,http://dbpedia.org/resource/Poké_melodrama,Poké melodrama,http://dbpedia.org/resource/Pop_music,Pop music,http://dbpedia.org/resource/List_of_Warner_Music_Group_labels,Warner Music Russia,http://dbpedia.org/resource/Italy,Italy,2/7/2024
http://dbpedia.org/resource/La_noia_(song),La noia (song),http://dbpedia.org/resource/Dario_Faini,Dario Faini,producer,http://dbpedia.org/resource/Poké_melodrama,Poké melodrama,http://dbpedia.org/resource/Pop_music,Pop music,http://dbpedia.org/resource/List_of_Warner_Music_Group_labels,Warner Music Indonesia,http://dbpedia.org/resource/Italy,Italy,2/7/2024
http://dbpedia.org/resource/La_noia_(song),La noia (song),http://dbpedia.org/resource/Dario_Faini,Dario Faini,producer,http://dbpedia.org/resource/Poké_melodrama,Poké melodrama,http://dbpedia.org/resource/Pop_music,Pop music,http://dbpedia.org/resource/List_of_Warner_Music_Group_labels,Warner Music Spain,http://dbpedia.org/resource/Italy,Italy,2/7/2024
http://dbpedia.org/resource/La_noia_(song),La noia (song),http://dbpedia.org/resource/Dario_Faini,Dario Faini,producer,http://dbpedia.org/resource/Poké_melodrama,Poké melodrama,http://dbpedia.org/resource/Pop_music,Pop music,http://dbpedia.org/resource/List_of_Warner_Music_Group_labels,Warner Music India,http://dbpedia.org/resource/Italy,Italy,2/7/2024
http://dbpedia.org/resource/La_noia_(song),La noia (song),http://dbpedia.org/resource/Dario_Faini,Dario Faini,producer,http://dbpedia.org/resource/Poké_melodrama,Poké melodrama,http://dbpedia.org/resource/Pop_music,Pop music,http://dbpedia.org/resource/List_of_Warner_Music_Group_labels,Warner Music UK,http://dbpedia.org/resource/Italy,Italy,2/7/2024
http://dbpedia.org/resource/La_noia_(song),La noia (song),http://dbpedia.org/resource/Dario_Faini,Dario Faini,producer,http://dbpedia.org/resource/Poké_melodrama,Poké melodrama,http://dbpedia.org/resource/Pop_music,Pop music,http://dbpedia.org/resource/List_of_Warner_Music_Group_labels,Warner Music Austria,http://dbpedia.org/resource/Italy,Italy,2/7/2024
http://dbpedia.org/resource/La_noia_(song),La noia (song),http://dbpedia.org/resource/Dario_Faini,Dario Faini,producer,http://dbpedia.org/resource/Poké_melodrama,Poké melodrama,http://dbpedia.org/resource/Pop_music,Pop music,http://dbpedia.org/resource/List_of_Warner_Music_Group_labels,Warner Music Belgium,http://dbpedia.org/resource/Italy,Italy,2/7/2024
http://dbpedia.org/resource/La_noia_(song),La noia (song),http://dbpedia.org/resource/Dario_Faini,Dario Faini,producer,http://dbpedia.org/resource/Poké_melodrama,Poké melodrama,http://dbpedia.org/resource/Pop_music,Pop music,http://dbpedia.org/resource/List_of_Warner_Music_Group_labels,Warner Music Benelux,http://dbpedia.org/resource/Italy,Italy,2/7/2024
http://dbpedia.org/resource/La_noia_(song),La noia (song),http://dbpedia.org/resource/Dario_Faini,Dario Faini,producer,http://dbpedia.org/resource/Poké_melodrama,Poké melodrama,http://dbpedia.org/resource/Pop_music,Pop music,http://dbpedia.org/resource/List_of_Warner_Music_Group_labels,Warner Music Central Europe,http://dbpedia.org/resource/Italy,Italy,2/7/2024
http://dbpedia.org/resource/La_noia_(song),La noia (song),http://dbpedia.org/resource/Dario_Faini,Dario Faini,producer,http://dbpedia.org/resource/Poké_melodrama,Poké melodrama,http://dbpedia.org/resource/Pop_music,Pop music,http://dbpedia.org/resource/List_of_Warner_Music_Group_labels,Warner Music China,http://dbpedia.org/resource/Italy,Italy,2/7/2024
http://dbpedia.org/resource/La_noia_(song),La noia (song),http://dbpedia.org/resource/Dario_Faini,Dario Faini,producer,http://dbpedia.org/resource/Poké_melodrama,Poké melodrama,http://dbpedia.org/resource/Pop_music,Pop music,http://dbpedia.org/resource/List_of_Warner_Music_Group_labels,Warner Music Colombia,http://dbpedia.org/resource/Italy,Italy,2/7/2024
http://dbpedia.org/resource/La_noia_(song),La noia (song),http://dbpedia.org/resource/Dario_Faini,Dario Faini,producer,http://dbpedia.org/resource/Poké_melodrama,Poké melodrama,http://dbpedia.org/resource/Pop_music,Pop music,http://dbpedia.org/resource/List_of_Warner_Music_Group_labels,Warner Music Greece,http://dbpedia.org/resource/Italy,Italy,2/7/2024
http://dbpedia.org/resource/La_noia_(song),La noia (song),http://dbpedia.org/resource/Dario_Faini,Dario Faini,producer,http://dbpedia.org/resource/Poké_melodrama,Poké melodrama,http://dbpedia.org/resource/Pop_music,Pop music,http://dbpedia.org/resource/List_of_Warner_Music_Group_labels,Warner Music Hungary,http://dbpedia.org/resource/Italy,Italy,2/7/2024
http://dbpedia.org/resource/La_noia_(song),La noia (song),http://dbpedia.org/resource/Dario_Faini,Dario Faini,producer,http://dbpedia.org/resource/Poké_melodrama,Poké melodrama,http://dbpedia.org/resource/Pop_music,Pop music,http://dbpedia.org/resource/List_of_Warner_Music_Group_labels,Warner Music Ireland,http://dbpedia.org/resource/Italy,Italy,2/7/2024
http://dbpedia.org/resource/La_noia_(song),La noia (song),http://dbpedia.org/resource/Dario_Faini,Dario Faini,producer,http://dbpedia.org/resource/Poké_melodrama,Poké melodrama,http://dbpedia.org/resource/Pop_music,Pop music,http://dbpedia.org/resource/List_of_Warner_Music_Group_labels,Warner Music Korea,http://dbpedia.org/resource/Italy,Italy,2/7/2024
http://dbpedia.org/resource/La_noia_(song),La noia (song),http://dbpedia.org/resource/Dario_Faini,Dario Faini,producer,http://dbpedia.org/resource/Poké_melodrama,Poké melodrama,http://dbpedia.org/resource/Pop_music,Pop music,http://dbpedia.org/resource/List_of_Warner_Music_Group_labels,Warner Music México,http://dbpedia.org/resource/Italy,Italy,2/7/2024
http://dbpedia.org/resource/La_noia_(song),La noia (song),http://dbpedia.org/resource/Dario_Faini,Dario Faini,producer,http://dbpedia.org/resource/Poké_melodrama,Poké melodrama,http://dbpedia.org/resource/Pop_music,Pop music,http://dbpedia.org/resource/List_of_Warner_Music_Group_labels,Warner Music Netherlands,http://dbpedia.org/resource/Italy,Italy,2/7/2024
http://dbpedia.org/resource/La_noia_(song),La noia (song),http://dbpedia.org/resource/Dario_Faini,Dario Faini,producer,http://dbpedia.org/resource/Poké_melodrama,Poké melodrama,http://dbpedia.org/resource/Pop_music,Pop music,http://dbpedia.org/resource/List_of_Warner_Music_Group_labels,Warner Music New Zealand,http://dbpedia.org/resource/Italy,Italy,2/7/2024
http://dbpedia.org/resource/La_noia_(song),La noia (song),http://dbpedia.org/resource/Dario_Faini,Dario Faini,producer,http://dbpedia.org/resource/Poké_melodrama,Poké melodrama,http://dbpedia.org/resource/Pop_music,Pop music,http://dbpedia.org/resource/List_of_Warner_Music_Group_labels,Warner Music Perú,http://dbpedia.org/resource/Italy,Italy,2/7/2024
http://dbpedia.org/resource/La_noia_(song),La noia (song),http://dbpedia.org/resource/Dario_Faini,Dario Faini,producer,http://dbpedia.org/resource/Poké_melodrama,Poké melodrama,http://dbpedia.org/resource/Pop_music,Pop music,http://dbpedia.org/resource/List_of_Warner_Music_Group_labels,Warner Music Singapore,http://dbpedia.org/resource/Italy,Italy,2/7/2024
http://dbpedia.org/resource/La_noia_(song),La noia (song),http://dbpedia.org/resource/Dario_Faini,Dario Faini,producer,http://dbpedia.org/resource/Poké_melodrama,Poké melodrama,http://dbpedia.org/resource/Pop_music,Pop music,http://dbpedia.org/resource/List_of_Warner_Music_Group_labels,Warner Music Switzerland,http://dbpedia.org/resource/Italy,Italy,2/7/2024
http://dbpedia.org/resource/La_noia_(song),La noia (song),http://dbpedia.org/resource/Dario_Faini,Dario Faini,producer,http://dbpedia.org/resource/Poké_melodrama,Poké melodrama,http://dbpedia.org/resource/Pop_music,Pop music,http://dbpedia.org/resource/List_of_Warner_Music_Group_labels,List of Warner Music Group labels,http://dbpedia.org/resource/Italy,Italy,2/7/2024
http://dbpedia.org/resource/La_noia_(song),La noia (song),http://dbpedia.org/resource/Dario_Faini,Dario Faini,producer,http://dbpedia.org/resource/Poké_melodrama,Poké melodrama,http://dbpedia.org/resource/Pop_music,Pop music,http://dbpedia.org/resource/List_of_Warner_Music_Group_labels,Play On (record label),http://dbpedia.org/resource/Italy,Italy,2/7/2024
http://dbpedia.org/resource/Mirror_to_the_Sky_(song),Mirror to the Sky (song),http://dbpedia.org/resource/Steve_Howe,Steve Howe,producer,http://dbpedia.org/resource/Mirror_to_the_Sky,Mirror to the Sky,http://dbpedia.org/resource/Progressive_rock,Progressive rock,http://dbpedia.org/resource/Sony_Music,Sony Music,http://dbpedia.org/resource/United_Kingdom,United Kingdom,5/19/2023
http://dbpedia.org/resource/Mirror_to_the_Sky_(song),Mirror to the Sky (song),http://dbpedia.org/resource/Steve_Howe,Steve Howe,producer,http://dbpedia.org/resource/Mirror_to_the_Sky,Mirror to the Sky,http://dbpedia.org/resource/Progressive_rock,Progressive rock,http://dbpedia.org/resource/Sony_Music,Sony Music Canada,http://dbpedia.org/resource/United_Kingdom,United Kingdom,5/19/2023
http://dbpedia.org/resource/Mirror_to_the_Sky_(song),Mirror to the Sky (song),http://dbpedia.org/resource/Steve_Howe,Steve Howe,producer,http://dbpedia.org/resource/Mirror_to_the_Sky,Mirror to the Sky,http://dbpedia.org/resource/Progressive_rock,Progressive rock,http://dbpedia.org/resource/Sony_Music,Higher Ground Records,http://dbpedia.org/resource/United_Kingdom,United Kingdom,5/19/2023
http://dbpedia.org/resource/Mirror_to_the_Sky_(song),Mirror to the Sky (song),http://dbpedia.org/resource/Steve_Howe,Steve Howe,producer,http://dbpedia.org/resource/Mirror_to_the_Sky,Mirror to the Sky,http://dbpedia.org/resource/Progressive_rock,Progressive rock,http://dbpedia.org/resource/Sony_Music,Sony Music UK,http://dbpedia.org/resource/United_Kingdom,United Kingdom,5/19/2023
http://dbpedia.org/resource/Mirror_to_the_Sky_(song),Mirror to the Sky (song),http://dbpedia.org/resource/Steve_Howe,Steve Howe,producer,http://dbpedia.org/resource/Mirror_to_the_Sky,Mirror to the Sky,http://dbpedia.org/resource/Progressive_rock,Progressive rock,http://dbpedia.org/resource/Sony_Music,Sony Music,http://dbpedia.org/resource/United_Kingdom,United Kingdom,2/23/2024
http://dbpedia.org/resource/Mirror_to_the_Sky_(song),Mirror to the Sky (song),http://dbpedia.org/resource/Steve_Howe,Steve Howe,producer,http://dbpedia.org/resource/Mirror_to_the_Sky,Mirror to the Sky,http://dbpedia.org/resource/Progressive_rock,Progressive rock,http://dbpedia.org/resource/Sony_Music,Sony Music Canada,http://dbpedia.org/resource/United_Kingdom,United Kingdom,2/23/2024
http://dbpedia.org/resource/Mirror_to_the_Sky_(song),Mirror to the Sky (song),http://dbpedia.org/resource/Steve_Howe,Steve Howe,producer,http://dbpedia.org/resource/Mirror_to_the_Sky,Mirror to the Sky,http://dbpedia.org/resource/Progressive_rock,Progressive rock,http://dbpedia.org/resource/Sony_Music,Higher Ground Records,http://dbpedia.org/resource/United_Kingdom,United Kingdom,2/23/2024
http://dbpedia.org/resource/Mirror_to_the_Sky_(song),Mirror to the Sky (song),http://dbpedia.org/resource/Steve_Howe,Steve Howe,producer,http://dbpedia.org/resource/Mirror_to_the_Sky,Mirror to the Sky,http://dbpedia.org/resource/Progressive_rock,Progressive rock,http://dbpedia.org/resource/Sony_Music,Sony Music UK,http://dbpedia.org/resource/United_Kingdom,United Kingdom,2/23/2024
http://dbpedia.org/resource/Eureka_(Gen_Hoshino_song),Eureka (Gen Hoshino song),http://dbpedia.org/resource/Gen_Hoshino,Gen Hoshino,producer,http://dbpedia.org/resource/Gen_(album),Gen (album),http://dbpedia.org/resource/Soul_music,Soul music,http://dbpedia.org/resource/Victor_Entertainment,Victor Entertainment,http://dbpedia.org/resource/Japan,Japan,1/28/2025
http://dbpedia.org/resource/Quando_nevica,Quando nevica,http://dbpedia.org/resource/Dario_Faini,Dario Faini,producer,http://dbpedia.org/resource/Intimate_–_Recordings_at_Abbey_Road_Studios,Intimate – Recordings at Abbey Road Studios,http://dbpedia.org/resource/Power_ballad,Power ballad,http://dbpedia.org/resource/Island_Records,Island Records,http://dbpedia.org/resource/Italy,Italy,11/24/2023
http://dbpedia.org/resource/Quando_nevica,Quando nevica,http://dbpedia.org/resource/Dario_Faini,Dario Faini,producer,http://dbpedia.org/resource/Intimate_–_Recordings_at_Abbey_Road_Studios,Intimate – Recordings at Abbey Road Studios,http://dbpedia.org/resource/Power_ballad,Power ballad,http://dbpedia.org/resource/Universal_Music_Group,Universal Music Group,http://dbpedia.org/resource/Italy,Italy,11/24/2023
http://dbpedia.org/resource/I_Wanna_Be_Your_Ghost,I Wanna Be Your Ghost,http://dbpedia.org/resource/Gen_Hoshino,Gen Hoshino,producer,http://dbpedia.org/resource/Gen_(album),Gen (album),http://dbpedia.org/resource/Dance_music,Dance music,http://dbpedia.org/resource/Victor_Entertainment,Victor Entertainment,http://dbpedia.org/resource/Japan,Japan,7/18/2022
http://dbpedia.org/resource/La_noia_(song),La noia (song),http://dbpedia.org/resource/Dario_Faini,Dario Faini,producer,http://dbpedia.org/resource/Poké_melodrama,Poké melodrama,http://dbpedia.org/resource/Dance_music,Dance music,http://dbpedia.org/resource/List_of_Warner_Music_Group_labels,Warner Music Japan,http://dbpedia.org/resource/Italy,Italy,2/7/2024
http://dbpedia.org/resource/La_noia_(song),La noia (song),http://dbpedia.org/resource/Dario_Faini,Dario Faini,producer,http://dbpedia.org/resource/Poké_melodrama,Poké melodrama,http://dbpedia.org/resource/Dance_music,Dance music,http://dbpedia.org/resource/List_of_Warner_Music_Group_labels,Warner Music Germany,http://dbpedia.org/resource/Italy,Italy,2/7/2024
http://dbpedia.org/resource/La_noia_(song),La noia (song),http://dbpedia.org/resource/Dario_Faini,Dario Faini,producer,http://dbpedia.org/resource/Poké_melodrama,Poké melodrama,http://dbpedia.org/resource/Dance_music,Dance music,http://dbpedia.org/resource/List_of_Warner_Music_Group_labels,Warner Music Argentina,http://dbpedia.org/resource/Italy,Italy,2/7/2024
http://dbpedia.org/resource/La_noia_(song),La noia (song),http://dbpedia.org/resource/Dario_Faini,Dario Faini,producer,http://dbpedia.org/resource/Poké_melodrama,Poké melodrama,http://dbpedia.org/resource/Dance_music,Dance music,http://dbpedia.org/resource/List_of_Warner_Music_Group_labels,Warner Music Brasil,http://dbpedia.org/resource/Italy,Italy,2/7/2024
http://dbpedia.org/resource/La_noia_(song),La noia (song),http://dbpedia.org/resource/Dario_Faini,Dario Faini,producer,http://dbpedia.org/resource/Poké_melodrama,Poké melodrama,http://dbpedia.org/resource/Dance_music,Dance music,http://dbpedia.org/resource/List_of_Warner_Music_Group_labels,Warner Music Chile,http://dbpedia.org/resource/Italy,Italy,2/7/2024
http://dbpedia.org/resource/La_noia_(song),La noia (song),http://dbpedia.org/resource/Dario_Faini,Dario Faini,producer,http://dbpedia.org/resource/Poké_melodrama,Poké melodrama,http://dbpedia.org/resource/Dance_music,Dance music,http://dbpedia.org/resource/List_of_Warner_Music_Group_labels,Warner Music Finland,http://dbpedia.org/resource/Italy,Italy,2/7/2024
http://dbpedia.org/resource/La_noia_(song),La noia (song),http://dbpedia.org/resource/Dario_Faini,Dario Faini,producer,http://dbpedia.org/resource/Poké_melodrama,Poké melodrama,http://dbpedia.org/resource/Dance_music,Dance music,http://dbpedia.org/resource/List_of_Warner_Music_Group_labels,Warner Music Denmark,http://dbpedia.org/resource/Italy,Italy,2/7/2024
http://dbpedia.org/resource/La_noia_(song),La noia (song),http://dbpedia.org/resource/Dario_Faini,Dario Faini,producer,http://dbpedia.org/resource/Poké_melodrama,Poké melodrama,http://dbpedia.org/resource/Dance_music,Dance music,http://dbpedia.org/resource/List_of_Warner_Music_Group_labels,Warner Music Malaysia,http://dbpedia.org/resource/Italy,Italy,2/7/2024
http://dbpedia.org/resource/La_noia_(song),La noia (song),http://dbpedia.org/resource/Dario_Faini,Dario Faini,producer,http://dbpedia.org/resource/Poké_melodrama,Poké melodrama,http://dbpedia.org/resource/Dance_music,Dance music,http://dbpedia.org/resource/List_of_Warner_Music_Group_labels,Warner Music Taiwan,http://dbpedia.org/resource/Italy,Italy,2/7/2024
http://dbpedia.org/resource/La_noia_(song),La noia (song),http://dbpedia.org/resource/Dario_Faini,Dario Faini,producer,http://dbpedia.org/resource/Poké_melodrama,Poké melodrama,http://dbpedia.org/resource/Dance_music,Dance music,http://dbpedia.org/resource/List_of_Warner_Music_Group_labels,Warner Music Hong Kong,http://dbpedia.org/resource/Italy,Italy,2/7/2024
http://dbpedia.org/resource/La_noia_(song),La noia (song),http://dbpedia.org/resource/Dario_Faini,Dario Faini,producer,http://dbpedia.org/resource/Poké_melodrama,Poké melodrama,http://dbpedia.org/resource/Dance_music,Dance music,http://dbpedia.org/resource/List_of_Warner_Music_Group_labels,Warner Music Portugal,http://dbpedia.org/resource/Italy,Italy,2/7/2024
http://dbpedia.org/resource/La_noia_(song),La noia (song),http://dbpedia.org/resource/Dario_Faini,Dario Faini,producer,http://dbpedia.org/resource/Poké_melodrama,Poké melodrama,http://dbpedia.org/resource/Dance_music,Dance music,http://dbpedia.org/resource/List_of_Warner_Music_Group_labels,Warner Music Nashville,http://dbpedia.org/resource/Italy,Italy,2/7/2024
http://dbpedia.org/resource/La_noia_(song),La noia (song),http://dbpedia.org/resource/Dario_Faini,Dario Faini,producer,http://dbpedia.org/resource/Poké_melodrama,Poké melodrama,http://dbpedia.org/resource/Dance_music,Dance music,http://dbpedia.org/resource/List_of_Warner_Music_Group_labels,Warner Music Norway,http://dbpedia.org/resource/Italy,Italy,2/7/2024
http://dbpedia.org/resource/La_noia_(song),La noia (song),http://dbpedia.org/resource/Dario_Faini,Dario Faini,producer,http://dbpedia.org/resource/Poké_melodrama,Poké melodrama,http://dbpedia.org/resource/Dance_music,Dance music,http://dbpedia.org/resource/List_of_Warner_Music_Group_labels,Warner Music France,http://dbpedia.org/resource/Italy,Italy,2/7/2024
http://dbpedia.org/resource/La_noia_(song),La noia (song),http://dbpedia.org/resource/Dario_Faini,Dario Faini,producer,http://dbpedia.org/resource/Poké_melodrama,Poké melodrama,http://dbpedia.org/resource/Dance_music,Dance music,http://dbpedia.org/resource/List_of_Warner_Music_Group_labels,Warner Music Italy,http://dbpedia.org/resource/Italy,Italy,2/7/2024
http://dbpedia.org/resource/La_noia_(song),La noia (song),http://dbpedia.org/resource/Dario_Faini,Dario Faini,producer,http://dbpedia.org/resource/Poké_melodrama,Poké melodrama,http://dbpedia.org/resource/Dance_music,Dance music,http://dbpedia.org/resource/List_of_Warner_Music_Group_labels,Warner Music Thailand,http://dbpedia.org/resource/Italy,Italy,2/7/2024
http://dbpedia.org/resource/La_noia_(song),La noia (song),http://dbpedia.org/resource/Dario_Faini,Dario Faini,producer,http://dbpedia.org/resource/Poké_melodrama,Poké melodrama,http://dbpedia.org/resource/Dance_music,Dance music,http://dbpedia.org/resource/List_of_Warner_Music_Group_labels,Warner Music Russia,http://dbpedia.org/resource/Italy,Italy,2/7/2024
http://dbpedia.org/resource/La_noia_(song),La noia (song),http://dbpedia.org/resource/Dario_Faini,Dario Faini,producer,http://dbpedia.org/resource/Poké_melodrama,Poké melodrama,http://dbpedia.org/resource/Dance_music,Dance music,http://dbpedia.org/resource/List_of_Warner_Music_Group_labels,Warner Music Indonesia,http://dbpedia.org/resource/Italy,Italy,2/7/2024
http://dbpedia.org/resource/La_noia_(song),La noia (song),http://dbpedia.org/resource/Dario_Faini,Dario Faini,producer,http://dbpedia.org/resource/Poké_melodrama,Poké melodrama,http://dbpedia.org/resource/Dance_music,Dance music,http://dbpedia.org/resource/List_of_Warner_Music_Group_labels,Warner Music Spain,http://dbpedia.org/resource/Italy,Italy,2/7/2024
http://dbpedia.org/resource/La_noia_(song),La noia (song),http://dbpedia.org/resource/Dario_Faini,Dario Faini,producer,http://dbpedia.org/resource/Poké_melodrama,Poké melodrama,http://dbpedia.org/resource/Dance_music,Dance music,http://dbpedia.org/resource/List_of_Warner_Music_Group_labels,Warner Music India,http://dbpedia.org/resource/Italy,Italy,2/7/2024
http://dbpedia.org/resource/La_noia_(song),La noia (song),http://dbpedia.org/resource/Dario_Faini,Dario Faini,producer,http://dbpedia.org/resource/Poké_melodrama,Poké melodrama,http://dbpedia.org/resource/Dance_music,Dance music,http://dbpedia.org/resource/List_of_Warner_Music_Group_labels,Warner Music UK,http://dbpedia.org/resource/Italy,Italy,2/7/2024
http://dbpedia.org/resource/La_noia_(song),La noia (song),http://dbpedia.org/resource/Dario_Faini,Dario Faini,producer,http://dbpedia.org/resource/Poké_melodrama,Poké melodrama,http://dbpedia.org/resource/Dance_music,Dance music,http://dbpedia.org/resource/List_of_Warner_Music_Group_labels,Warner Music Austria,http://dbpedia.org/resource/Italy,Italy,2/7/2024
http://dbpedia.org/resource/La_noia_(song),La noia (song),http://dbpedia.org/resource/Dario_Faini,Dario Faini,producer,http://dbpedia.org/resource/Poké_melodrama,Poké melodrama,http://dbpedia.org/resource/Dance_music,Dance music,http://dbpedia.org/resource/List_of_Warner_Music_Group_labels,Warner Music Belgium,http://dbpedia.org/resource/Italy,Italy,2/7/2024
http://dbpedia.org/resource/La_noia_(song),La noia (song),http://dbpedia.org/resource/Dario_Faini,Dario Faini,producer,http://dbpedia.org/resource/Poké_melodrama,Poké melodrama,http://dbpedia.org/resource/Dance_music,Dance music,http://dbpedia.org/resource/List_of_Warner_Music_Group_labels,Warner Music Benelux,http://dbpedia.org/resource/Italy,Italy,2/7/2024
http://dbpedia.org/resource/La_noia_(song),La noia (song),http://dbpedia.org/resource/Dario_Faini,Dario Faini,producer,http://dbpedia.org/resource/Poké_melodrama,Poké melodrama,http://dbpedia.org/resource/Dance_music,Dance music,http://dbpedia.org/resource/List_of_Warner_Music_Group_labels,Warner Music Central Europe,http://dbpedia.org/resource/Italy,Italy,2/7/2024
http://dbpedia.org/resource/La_noia_(song),La noia (song),http://dbpedia.org/resource/Dario_Faini,Dario Faini,producer,http://dbpedia.org/resource/Poké_melodrama,Poké melodrama,http://dbpedia.org/resource/Dance_music,Dance music,http://dbpedia.org/resource/List_of_Warner_Music_Group_labels,Warner Music China,http://dbpedia.org/resource/Italy,Italy,2/7/2024
http://dbpedia.org/resource/La_noia_(song),La noia (song),http://dbpedia.org/resource/Dario_Faini,Dario Faini,producer,http://dbpedia.org/resource/Poké_melodrama,Poké melodrama,http://dbpedia.org/resource/Dance_music,Dance music,http://dbpedia.org/resource/List_of_Warner_Music_Group_labels,Warner Music Colombia,http://dbpedia.org/resource/Italy,Italy,2/7/2024
http://dbpedia.org/resource/La_noia_(song),La noia (song),http://dbpedia.org/resource/Dario_Faini,Dario Faini,producer,http://dbpedia.org/resource/Poké_melodrama,Poké melodrama,http://dbpedia.org/resource/Dance_music,Dance music,http://dbpedia.org/resource/List_of_Warner_Music_Group_labels,Warner Music Greece,http://dbpedia.org/resource/Italy,Italy,2/7/2024
http://dbpedia.org/resource/La_noia_(song),La noia (song),http://dbpedia.org/resource/Dario_Faini,Dario Faini,producer,http://dbpedia.org/resource/Poké_melodrama,Poké melodrama,http://dbpedia.org/resource/Dance_music,Dance music,http://dbpedia.org/resource/List_of_Warner_Music_Group_labels,Warner Music Hungary,http://dbpedia.org/resource/Italy,Italy,2/7/2024
http://dbpedia.org/resource/La_noia_(song),La noia (song),http://dbpedia.org/resource/Dario_Faini,Dario Faini,producer,http://dbpedia.org/resource/Poké_melodrama,Poké melodrama,http://dbpedia.org/resource/Dance_music,Dance music,http://dbpedia.org/resource/List_of_Warner_Music_Group_labels,Warner Music Ireland,http://dbpedia.org/resource/Italy,Italy,2/7/2024
http://dbpedia.org/resource/La_noia_(song),La noia (song),http://dbpedia.org/resource/Dario_Faini,Dario Faini,producer,http://dbpedia.org/resource/Poké_melodrama,Poké melodrama,http://dbpedia.org/resource/Dance_music,Dance music,http://dbpedia.org/resource/List_of_Warner_Music_Group_labels,Warner Music Korea,http://dbpedia.org/resource/Italy,Italy,2/7/2024
http://dbpedia.org/resource/La_noia_(song),La noia (song),http://dbpedia.org/resource/Dario_Faini,Dario Faini,producer,http://dbpedia.org/resource/Poké_melodrama,Poké melodrama,http://dbpedia.org/resource/Dance_music,Dance music,http://dbpedia.org/resource/List_of_Warner_Music_Group_labels,Warner Music México,http://dbpedia.org/resource/Italy,Italy,2/7/2024
http://dbpedia.org/resource/La_noia_(song),La noia (song),http://dbpedia.org/resource/Dario_Faini,Dario Faini,producer,http://dbpedia.org/resource/Poké_melodrama,Poké melodrama,http://dbpedia.org/resource/Dance_music,Dance music,http://dbpedia.org/resource/List_of_Warner_Music_Group_labels,Warner Music Netherlands,http://dbpedia.org/resource/Italy,Italy,2/7/2024
http://dbpedia.org/resource/La_noia_(song),La noia (song),http://dbpedia.org/resource/Dario_Faini,Dario Faini,producer,http://dbpedia.org/resource/Poké_melodrama,Poké melodrama,http://dbpedia.org/resource/Dance_music,Dance music,http://dbpedia.org/resource/List_of_Warner_Music_Group_labels,Warner Music New Zealand,http://dbpedia.org/resource/Italy,Italy,2/7/2024
http://dbpedia.org/resource/La_noia_(song),La noia (song),http://dbpedia.org/resource/Dario_Faini,Dario Faini,producer,http://dbpedia.org/resource/Poké_melodrama,Poké melodrama,http://dbpedia.org/resource/Dance_music,Dance music,http://dbpedia.org/resource/List_of_Warner_Music_Group_labels,Warner Music Perú,http://dbpedia.org/resource/Italy,Italy,2/7/2024
http://dbpedia.org/resource/La_noia_(song),La noia (song),http://dbpedia.org/resource/Dario_Faini,Dario Faini,producer,http://dbpedia.org/resource/Poké_melodrama,Poké melodrama,http://dbpedia.org/resource/Dance_music,Dance music,http://dbpedia.org/resource/List_of_Warner_Music_Group_labels,Warner Music Singapore,http://dbpedia.org/resource/Italy,Italy,2/7/2024
http://dbpedia.org/resource/La_noia_(song),La noia (song),http://dbpedia.org/resource/Dario_Faini,Dario Faini,producer,http://dbpedia.org/resource/Poké_melodrama,Poké melodrama,http://dbpedia.org/resource/Dance_music,Dance music,http://dbpedia.org/resource/List_of_Warner_Music_Group_labels,Warner Music Switzerland,http://dbpedia.org/resource/Italy,Italy,2/7/2024
http://dbpedia.org/resource/La_noia_(song),La noia (song),http://dbpedia.org/resource/Dario_Faini,Dario Faini,producer,http://dbpedia.org/resource/Poké_melodrama,Poké melodrama,http://dbpedia.org/resource/Dance_music,Dance music,http://dbpedia.org/resource/List_of_Warner_Music_Group_labels,List of Warner Music Group labels,http://dbpedia.org/resource/Italy,Italy,2/7/2024
http://dbpedia.org/resource/La_noia_(song),La noia (song),http://dbpedia.org/resource/Dario_Faini,Dario Faini,producer,http://dbpedia.org/resource/Poké_melodrama,Poké melodrama,http://dbpedia.org/resource/Dance_music,Dance music,http://dbpedia.org/resource/List_of_Warner_Music_Group_labels,Play On (record label),http://dbpedia.org/resource/Italy,Italy,2/7/2024
http://dbpedia.org/resource/Eureka_(Gen_Hoshino_song),Eureka (Gen Hoshino song),http://dbpedia.org/resource/Gen_Hoshino,Gen Hoshino,producer,http://dbpedia.org/resource/Gen_(album),Gen (album),http://dbpedia.org/resource/J-pop,J-pop,http://dbpedia.org/resource/Victor_Entertainment,Victor Entertainment,http://dbpedia.org/resource/Japan,Japan,1/28/2025
http://dbpedia.org/resource/I_Wanna_Be_Your_Ghost,I Wanna Be Your Ghost,http://dbpedia.org/resource/Gen_Hoshino,Gen Hoshino,producer,http://dbpedia.org/resource/Gen_(album),Gen (album),http://dbpedia.org/resource/J-pop,J-pop,http://dbpedia.org/resource/Victor_Entertainment,Victor Entertainment,http://dbpedia.org/resource/Japan,Japan,7/18/2022
http://dbpedia.org/resource/Needle_(song),Needle (song),http://dbpedia.org/resource/Boi-1da,Boi-1da,producer,http://dbpedia.org/resource/Pink_Friday_2,Pink Friday 2,http://dbpedia.org/resource/Tropical_house,Tropical house,http://dbpedia.org/resource/Republic_Records,Universal Republic Records,http://dbpedia.org/resource/Jamaica,Jamaica,12/8/2023
http://dbpedia.org/resource/Needle_(song),Needle (song),http://dbpedia.org/resource/Boi-1da,Boi-1da,producer,http://dbpedia.org/resource/Pink_Friday_2,Pink Friday 2,http://dbpedia.org/resource/Tropical_house,Tropical house,http://dbpedia.org/resource/Republic_Records,Republic Records,http://dbpedia.org/resource/Jamaica,Jamaica,12/8/2023
http://dbpedia.org/resource/Find_Your_Way_Back_(Beyoncé_song),Find Your Way Back (Beyoncé song),http://dbpedia.org/resource/GuiltyBeatz,GuiltyBeatz,producer,http://dbpedia.org/resource/The_Lion_King:_The_Gift,The Lion King: The Gift,http://dbpedia.org/resource/Afro_house,Afro house,http://dbpedia.org/resource/Columbia_Records,Columbia Records,http://dbpedia.org/resource/Italy,Italy,7/19/2019
http://dbpedia.org/resource/Find_Your_Way_Back_(Beyoncé_song),Find Your Way Back (Beyoncé song),http://dbpedia.org/resource/GuiltyBeatz,GuiltyBeatz,producer,http://dbpedia.org/resource/The_Lion_King:_The_Gift,The Lion King: The Gift,http://dbpedia.org/resource/Afro_house,Afro house,http://dbpedia.org/resource/Parkwood_Entertainment,Parkwood Entertainment,http://dbpedia.org/resource/Italy,Italy,7/19/2019
http://dbpedia.org/resource/Gwagwalada_(song),Gwagwalada (song),http://dbpedia.org/resource/Sarz,Sarz,producer,"http://dbpedia.org/resource/Sincerely,_Benson","Sincerely, Benson",http://dbpedia.org/resource/Amapiano,Amapiano,http://dbpedia.org/resource/Empire_Distribution,Empire Distribution,http://dbpedia.org/resource/Nigeria,Nigeria,2/16/2023
http://dbpedia.org/resource/Party_No_Dey_Stop,Party No Dey Stop,http://dbpedia.org/resource/Kel-P,Kel-P,producer,http://dbpedia.org/resource/Tequila_Ever_After,Tequila Ever After,http://dbpedia.org/resource/Amapiano,Amapiano,http://dbpedia.org/resource/Def_Jam_Recordings,Def Jam Recordings,http://dbpedia.org/resource/Nigeria,Nigeria,3/15/2023
http://dbpedia.org/resource/La_noia_(song),La noia (song),http://dbpedia.org/resource/Dario_Faini,Dario Faini,producer,http://dbpedia.org/resource/Poké_melodrama,Poké melodrama,http://dbpedia.org/resource/Cumbia,Cumbia,http://dbpedia.org/resource/List_of_Warner_Music_Group_labels,Warner Music Japan,http://dbpedia.org/resource/Italy,Italy,2/7/2024
http://dbpedia.org/resource/La_noia_(song),La noia (song),http://dbpedia.org/resource/Dario_Faini,Dario Faini,producer,http://dbpedia.org/resource/Poké_melodrama,Poké melodrama,http://dbpedia.org/resource/Cumbia,Cumbia,http://dbpedia.org/resource/List_of_Warner_Music_Group_labels,Warner Music Germany,http://dbpedia.org/resource/Italy,Italy,2/7/2024
http://dbpedia.org/resource/La_noia_(song),La noia (song),http://dbpedia.org/resource/Dario_Faini,Dario Faini,producer,http://dbpedia.org/resource/Poké_melodrama,Poké melodrama,http://dbpedia.org/resource/Cumbia,Cumbia,http://dbpedia.org/resource/List_of_Warner_Music_Group_labels,Warner Music Argentina,http://dbpedia.org/resource/Italy,Italy,2/7/2024
http://dbpedia.org/resource/La_noia_(song),La noia (song),http://dbpedia.org/resource/Dario_Faini,Dario Faini,producer,http://dbpedia.org/resource/Poké_melodrama,Poké melodrama,http://dbpedia.org/resource/Cumbia,Cumbia,http://dbpedia.org/resource/List_of_Warner_Music_Group_labels,Warner Music Brasil,http://dbpedia.org/resource/Italy,Italy,2/7/2024
http://dbpedia.org/resource/La_noia_(song),La noia (song),http://dbpedia.org/resource/Dario_Faini,Dario Faini,producer,http://dbpedia.org/resource/Poké_melodrama,Poké melodrama,http://dbpedia.org/resource/Cumbia,Cumbia,http://dbpedia.org/resource/List_of_Warner_Music_Group_labels,Warner Music Chile,http://dbpedia.org/resource/Italy,Italy,2/7/2024
http://dbpedia.org/resource/La_noia_(song),La noia (song),http://dbpedia.org/resource/Dario_Faini,Dario Faini,producer,http://dbpedia.org/resource/Poké_melodrama,Poké melodrama,http://dbpedia.org/resource/Cumbia,Cumbia,http://dbpedia.org/resource/List_of_Warner_Music_Group_labels,Warner Music Finland,http://dbpedia.org/resource/Italy,Italy,2/7/2024
http://dbpedia.org/resource/La_noia_(song),La noia (song),http://dbpedia.org/resource/Dario_Faini,Dario Faini,producer,http://dbpedia.org/resource/Poké_melodrama,Poké melodrama,http://dbpedia.org/resource/Cumbia,Cumbia,http://dbpedia.org/resource/List_of_Warner_Music_Group_labels,Warner Music Denmark,http://dbpedia.org/resource/Italy,Italy,2/7/2024
http://dbpedia.org/resource/La_noia_(song),La noia (song),http://dbpedia.org/resource/Dario_Faini,Dario Faini,producer,http://dbpedia.org/resource/Poké_melodrama,Poké melodrama,http://dbpedia.org/resource/Cumbia,Cumbia,http://dbpedia.org/resource/List_of_Warner_Music_Group_labels,Warner Music Malaysia,http://dbpedia.org/resource/Italy,Italy,2/7/2024
http://dbpedia.org/resource/La_noia_(song),La noia (song),http://dbpedia.org/resource/Dario_Faini,Dario Faini,producer,http://dbpedia.org/resource/Poké_melodrama,Poké melodrama,http://dbpedia.org/resource/Cumbia,Cumbia,http://dbpedia.org/resource/List_of_Warner_Music_Group_labels,Warner Music Taiwan,http://dbpedia.org/resource/Italy,Italy,2/7/2024
http://dbpedia.org/resource/La_noia_(song),La noia (song),http://dbpedia.org/resource/Dario_Faini,Dario Faini,producer,http://dbpedia.org/resource/Poké_melodrama,Poké melodrama,http://dbpedia.org/resource/Cumbia,Cumbia,http://dbpedia.org/resource/List_of_Warner_Music_Group_labels,Warner Music Hong Kong,http://dbpedia.org/resource/Italy,Italy,2/7/2024
http://dbpedia.org/resource/La_noia_(song),La noia (song),http://dbpedia.org/resource/Dario_Faini,Dario Faini,producer,http://dbpedia.org/resource/Poké_melodrama,Poké melodrama,http://dbpedia.org/resource/Cumbia,Cumbia,http://dbpedia.org/resource/List_of_Warner_Music_Group_labels,Warner Music Portugal,http://dbpedia.org/resource/Italy,Italy,2/7/2024
http://dbpedia.org/resource/La_noia_(song),La noia (song),http://dbpedia.org/resource/Dario_Faini,Dario Faini,producer,http://dbpedia.org/resource/Poké_melodrama,Poké melodrama,http://dbpedia.org/resource/Cumbia,Cumbia,http://dbpedia.org/resource/List_of_Warner_Music_Group_labels,Warner Music Nashville,http://dbpedia.org/resource/Italy,Italy,2/7/2024
http://dbpedia.org/resource/La_noia_(song),La noia (song),http://dbpedia.org/resource/Dario_Faini,Dario Faini,producer,http://dbpedia.org/resource/Poké_melodrama,Poké melodrama,http://dbpedia.org/resource/Cumbia,Cumbia,http://dbpedia.org/resource/List_of_Warner_Music_Group_labels,Warner Music Norway,http://dbpedia.org/resource/Italy,Italy,2/7/2024
http://dbpedia.org/resource/La_noia_(song),La noia (song),http://dbpedia.org/resource/Dario_Faini,Dario Faini,producer,http://dbpedia.org/resource/Poké_melodrama,Poké melodrama,http://dbpedia.org/resource/Cumbia,Cumbia,http://dbpedia.org/resource/List_of_Warner_Music_Group_labels,Warner Music France,http://dbpedia.org/resource/Italy,Italy,2/7/2024
http://dbpedia.org/resource/La_noia_(song),La noia (song),http://dbpedia.org/resource/Dario_Faini,Dario Faini,producer,http://dbpedia.org/resource/Poké_melodrama,Poké melodrama,http://dbpedia.org/resource/Cumbia,Cumbia,http://dbpedia.org/resource/List_of_Warner_Music_Group_labels,Warner Music Italy,http://dbpedia.org/resource/Italy,Italy,2/7/2024
http://dbpedia.org/resource/La_noia_(song),La noia (song),http://dbpedia.org/resource/Dario_Faini,Dario Faini,producer,http://dbpedia.org/resource/Poké_melodrama,Poké melodrama,http://dbpedia.org/resource/Cumbia,Cumbia,http://dbpedia.org/resource/List_of_Warner_Music_Group_labels,Warner Music Thailand,http://dbpedia.org/resource/Italy,Italy,2/7/2024
http://dbpedia.org/resource/La_noia_(song),La noia (song),http://dbpedia.org/resource/Dario_Faini,Dario Faini,producer,http://dbpedia.org/resource/Poké_melodrama,Poké melodrama,http://dbpedia.org/resource/Cumbia,Cumbia,http://dbpedia.org/resource/List_of_Warner_Music_Group_labels,Warner Music Russia,http://dbpedia.org/resource/Italy,Italy,2/7/2024
http://dbpedia.org/resource/La_noia_(song),La noia (song),http://dbpedia.org/resource/Dario_Faini,Dario Faini,producer,http://dbpedia.org/resource/Poké_melodrama,Poké melodrama,http://dbpedia.org/resource/Cumbia,Cumbia,http://dbpedia.org/resource/List_of_Warner_Music_Group_labels,Warner Music Indonesia,http://dbpedia.org/resource/Italy,Italy,2/7/2024
http://dbpedia.org/resource/La_noia_(song),La noia (song),http://dbpedia.org/resource/Dario_Faini,Dario Faini,producer,http://dbpedia.org/resource/Poké_melodrama,Poké melodrama,http://dbpedia.org/resource/Cumbia,Cumbia,http://dbpedia.org/resource/List_of_Warner_Music_Group_labels,Warner Music Spain,http://dbpedia.org/resource/Italy,Italy,2/7/2024
http://dbpedia.org/resource/La_noia_(song),La noia (song),http://dbpedia.org/resource/Dario_Faini,Dario Faini,producer,http://dbpedia.org/resource/Poké_melodrama,Poké melodrama,http://dbpedia.org/resource/Cumbia,Cumbia,http://dbpedia.org/resource/List_of_Warner_Music_Group_labels,Warner Music India,http://dbpedia.org/resource/Italy,Italy,2/7/2024
http://dbpedia.org/resource/La_noia_(song),La noia (song),http://dbpedia.org/resource/Dario_Faini,Dario Faini,producer,http://dbpedia.org/resource/Poké_melodrama,Poké melodrama,http://dbpedia.org/resource/Cumbia,Cumbia,http://dbpedia.org/resource/List_of_Warner_Music_Group_labels,Warner Music UK,http://dbpedia.org/resource/Italy,Italy,2/7/2024
http://dbpedia.org/resource/La_noia_(song),La noia (song),http://dbpedia.org/resource/Dario_Faini,Dario Faini,producer,http://dbpedia.org/resource/Poké_melodrama,Poké melodrama,http://dbpedia.org/resource/Cumbia,Cumbia,http://dbpedia.org/resource/List_of_Warner_Music_Group_labels,Warner Music Austria,http://dbpedia.org/resource/Italy,Italy,2/7/2024
http://dbpedia.org/resource/La_noia_(song),La noia (song),http://dbpedia.org/resource/Dario_Faini,Dario Faini,producer,http://dbpedia.org/resource/Poké_melodrama,Poké melodrama,http://dbpedia.org/resource/Cumbia,Cumbia,http://dbpedia.org/resource/List_of_Warner_Music_Group_labels,Warner Music Belgium,http://dbpedia.org/resource/Italy,Italy,2/7/2024
http://dbpedia.org/resource/La_noia_(song),La noia (song),http://dbpedia.org/resource/Dario_Faini,Dario Faini,producer,http://dbpedia.org/resource/Poké_melodrama,Poké melodrama,http://dbpedia.org/resource/Cumbia,Cumbia,http://dbpedia.org/resource/List_of_Warner_Music_Group_labels,Warner Music Benelux,http://dbpedia.org/resource/Italy,Italy,2/7/2024
http://dbpedia.org/resource/La_noia_(song),La noia (song),http://dbpedia.org/resource/Dario_Faini,Dario Faini,producer,http://dbpedia.org/resource/Poké_melodrama,Poké melodrama,http://dbpedia.org/resource/Cumbia,Cumbia,http://dbpedia.org/resource/List_of_Warner_Music_Group_labels,Warner Music Central Europe,http://dbpedia.org/resource/Italy,Italy,2/7/2024
http://dbpedia.org/resource/La_noia_(song),La noia (song),http://dbpedia.org/resource/Dario_Faini,Dario Faini,producer,http://dbpedia.org/resource/Poké_melodrama,Poké melodrama,http://dbpedia.org/resource/Cumbia,Cumbia,http://dbpedia.org/resource/List_of_Warner_Music_Group_labels,Warner Music China,http://dbpedia.org/resource/Italy,Italy,2/7/2024
http://dbpedia.org/resource/La_noia_(song),La noia (song),http://dbpedia.org/resource/Dario_Faini,Dario Faini,producer,http://dbpedia.org/resource/Poké_melodrama,Poké melodrama,http://dbpedia.org/resource/Cumbia,Cumbia,http://dbpedia.org/resource/List_of_Warner_Music_Group_labels,Warner Music Colombia,http://dbpedia.org/resource/Italy,Italy,2/7/2024
http://dbpedia.org/resource/La_noia_(song),La noia (song),http://dbpedia.org/resource/Dario_Faini,Dario Faini,producer,http://dbpedia.org/resource/Poké_melodrama,Poké melodrama,http://dbpedia.org/resource/Cumbia,Cumbia,http://dbpedia.org/resource/List_of_Warner_Music_Group_labels,Warner Music Greece,http://dbpedia.org/resource/Italy,Italy,2/7/2024
http://dbpedia.org/resource/La_noia_(song),La noia (song),http://dbpedia.org/resource/Dario_Faini,Dario Faini,producer,http://dbpedia.org/resource/Poké_melodrama,Poké melodrama,http://dbpedia.org/resource/Cumbia,Cumbia,http://dbpedia.org/resource/List_of_Warner_Music_Group_labels,Warner Music Hungary,http://dbpedia.org/resource/Italy,Italy,2/7/2024
http://dbpedia.org/resource/La_noia_(song),La noia (song),http://dbpedia.org/resource/Dario_Faini,Dario Faini,producer,http://dbpedia.org/resource/Poké_melodrama,Poké melodrama,http://dbpedia.org/resource/Cumbia,Cumbia,http://dbpedia.org/resource/List_of_Warner_Music_Group_labels,Warner Music Ireland,http://dbpedia.org/resource/Italy,Italy,2/7/2024
http://dbpedia.org/resource/La_noia_(song),La noia (song),http://dbpedia.org/resource/Dario_Faini,Dario Faini,producer,http://dbpedia.org/resource/Poké_melodrama,Poké melodrama,http://dbpedia.org/resource/Cumbia,Cumbia,http://dbpedia.org/resource/List_of_Warner_Music_Group_labels,Warner Music Korea,http://dbpedia.org/resource/Italy,Italy,2/7/2024
http://dbpedia.org/resource/La_noia_(song),La noia (song),http://dbpedia.org/resource/Dario_Faini,Dario Faini,producer,http://dbpedia.org/resource/Poké_melodrama,Poké melodrama,http://dbpedia.org/resource/Cumbia,Cumbia,http://dbpedia.org/resource/List_of_Warner_Music_Group_labels,Warner Music México,http://dbpedia.org/resource/Italy,Italy,2/7/2024
http://dbpedia.org/resource/La_noia_(song),La noia (song),http://dbpedia.org/resource/Dario_Faini,Dario Faini,producer,http://dbpedia.org/resource/Poké_melodrama,Poké melodrama,http://dbpedia.org/resource/Cumbia,Cumbia,http://dbpedia.org/resource/List_of_Warner_Music_Group_labels,Warner Music Netherlands,http://dbpedia.org/resource/Italy,Italy,2/7/2024
http://dbpedia.org/resource/La_noia_(song),La noia (song),http://dbpedia.org/resource/Dario_Faini,Dario Faini,producer,http://dbpedia.org/resource/Poké_melodrama,Poké melodrama,http://dbpedia.org/resource/Cumbia,Cumbia,http://dbpedia.org/resource/List_of_Warner_Music_Group_labels,Warner Music New Zealand,http://dbpedia.org/resource/Italy,Italy,2/7/2024
http://dbpedia.org/resource/La_noia_(song),La noia (song),http://dbpedia.org/resource/Dario_Faini,Dario Faini,producer,http://dbpedia.org/resource/Poké_melodrama,Poké melodrama,http://dbpedia.org/resource/Cumbia,Cumbia,http://dbpedia.org/resource/List_of_Warner_Music_Group_labels,Warner Music Perú,http://dbpedia.org/resource/Italy,Italy,2/7/2024
http://dbpedia.org/resource/La_noia_(song),La noia (song),http://dbpedia.org/resource/Dario_Faini,Dario Faini,producer,http://dbpedia.org/resource/Poké_melodrama,Poké melodrama,http://dbpedia.org/resource/Cumbia,Cumbia,http://dbpedia.org/resource/List_of_Warner_Music_Group_labels,Warner Music Singapore,http://dbpedia.org/resource/Italy,Italy,2/7/2024
http://dbpedia.org/resource/La_noia_(song),La noia (song),http://dbpedia.org/resource/Dario_Faini,Dario Faini,producer,http://dbpedia.org/resource/Poké_melodrama,Poké melodrama,http://dbpedia.org/resource/Cumbia,Cumbia,http://dbpedia.org/resource/List_of_Warner_Music_Group_labels,Warner Music Switzerland,http://dbpedia.org/resource/Italy,Italy,2/7/2024
http://dbpedia.org/resource/La_noia_(song),La noia (song),http://dbpedia.org/resource/Dario_Faini,Dario Faini,producer,http://dbpedia.org/resource/Poké_melodrama,Poké melodrama,http://dbpedia.org/resource/Cumbia,Cumbia,http://dbpedia.org/resource/List_of_Warner_Music_Group_labels,List of Warner Music Group labels,http://dbpedia.org/resource/Italy,Italy,2/7/2024
http://dbpedia.org/resource/La_noia_(song),La noia (song),http://dbpedia.org/resource/Dario_Faini,Dario Faini,producer,http://dbpedia.org/resource/Poké_melodrama,Poké melodrama,http://dbpedia.org/resource/Cumbia,Cumbia,http://dbpedia.org/resource/List_of_Warner_Music_Group_labels,Play On (record label),http://dbpedia.org/resource/Italy,Italy,2/7/2024
http://dbpedia.org/resource/Amapiano_(song),Amapiano (song),http://dbpedia.org/resource/Magicsticks,Magicsticks,producer,http://dbpedia.org/resource/Work_of_Art_(album),Work of Art (album),http://dbpedia.org/resource/Afro_fusion,Afro fusion,http://dbpedia.org/resource/YBNL_Nation,YBNL Nation,http://dbpedia.org/resource/Nigeria,Nigeria,5/24/2023
http://dbpedia.org/resource/Amapiano_(song),Amapiano (song),http://dbpedia.org/resource/Magicsticks,Magicsticks,producer,http://dbpedia.org/resource/Work_of_Art_(album),Work of Art (album),http://dbpedia.org/resource/Afro_fusion,Afro fusion,http://dbpedia.org/resource/YBNL_Nation,YBNL (album),http://dbpedia.org/resource/Nigeria,Nigeria,5/24/2023
http://dbpedia.org/resource/Find_Your_Way_Back_(Beyoncé_song),Find Your Way Back (Beyoncé song),http://dbpedia.org/resource/GuiltyBeatz,GuiltyBeatz,producer,http://dbpedia.org/resource/The_Lion_King:_The_Gift,The Lion King: The Gift,http://dbpedia.org/resource/African_popular_music,African popular music,http://dbpedia.org/resource/Columbia_Records,Columbia Records,http://dbpedia.org/resource/Italy,Italy,7/19/2019
http://dbpedia.org/resource/Find_Your_Way_Back_(Beyoncé_song),Find Your Way Back (Beyoncé song),http://dbpedia.org/resource/GuiltyBeatz,GuiltyBeatz,producer,http://dbpedia.org/resource/The_Lion_King:_The_Gift,The Lion King: The Gift,http://dbpedia.org/resource/African_popular_music,African popular music,http://dbpedia.org/resource/Parkwood_Entertainment,Parkwood Entertainment,http://dbpedia.org/resource/Italy,Italy,7/19/2019
http://dbpedia.org/resource/Life_(Gen_Hoshino_song),Life (Gen Hoshino song),http://dbpedia.org/resource/Gen_Hoshino,Gen Hoshino,producer,http://dbpedia.org/resource/Gen_(album),Gen (album),http://dbpedia.org/resource/Japanese_rock,Japanese rock,http://dbpedia.org/resource/Victor_Entertainment,Victor Entertainment,http://dbpedia.org/resource/Japan,Japan,8/14/2023
http://dbpedia.org/resource/Evil_Ways_(Drake_song),Evil Ways (Drake song),http://dbpedia.org/resource/Boi-1da,Boi-1da,producer,http://dbpedia.org/resource/For_All_the_Dogs_Scary_Hours_Edition,For All the Dogs Scary Hours Edition,,,http://dbpedia.org/resource/Republic_Records,Universal Republic Records,http://dbpedia.org/resource/Jamaica,Jamaica,11/17/2023
http://dbpedia.org/resource/Evil_Ways_(Drake_song),Evil Ways (Drake song),http://dbpedia.org/resource/Boi-1da,Boi-1da,producer,http://dbpedia.org/resource/For_All_the_Dogs_Scary_Hours_Edition,For All the Dogs Scary Hours Edition,,,http://dbpedia.org/resource/Republic_Records,Republic Records,http://dbpedia.org/resource/Jamaica,Jamaica,11/17/2023
http://dbpedia.org/resource/Evil_Ways_(Drake_song),Evil Ways (Drake song),http://dbpedia.org/resource/Boi-1da,Boi-1da,producer,http://dbpedia.org/resource/For_All_the_Dogs_Scary_Hours_Edition,For All the Dogs Scary Hours Edition,,,http://dbpedia.org/resource/OVO_Sound,OVO Sound,http://dbpedia.org/resource/Jamaica,Jamaica,11/17/2023
http://dbpedia.org/resource/Bruciasse_il_cielo,Bruciasse il cielo,http://dbpedia.org/resource/Michele_Zocca,Michele Zocca,producer,http://dbpedia.org/resource/Innamorato_(Blanco_album),Innamorato (Blanco album),,,http://dbpedia.org/resource/Island_Records,Island Records,http://dbpedia.org/resource/Italy,Italy,11/10/2023
http://dbpedia.org/resource/Bruciasse_il_cielo,Bruciasse il cielo,http://dbpedia.org/resource/Michele_Zocca,Michele Zocca,producer,http://dbpedia.org/resource/Innamorato_(Blanco_album),Innamorato (Blanco album),,,http://dbpedia.org/resource/Universal_Music_Group,Universal Music Group,http://dbpedia.org/resource/Italy,Italy,11/10/2023
http://dbpedia.org/resource/My_G_(Kizz_Daniel_song),My G (Kizz Daniel song),http://dbpedia.org/resource/M.O.G_Beatz,M.O.G Beatz,producer,http://dbpedia.org/resource/Maverick_(Kizz_Daniel_album),Maverick (Kizz Daniel album),,,http://dbpedia.org/resource/Empire_Distribution,Empire Distribution,http://dbpedia.org/resource/Ghana,Ghana,10/9/2023
http://dbpedia.org/resource/My_G_(Kizz_Daniel_song),My G (Kizz Daniel song),http://dbpedia.org/resource/DJ_Coublon,DJ Coublon,producer,http://dbpedia.org/resource/Maverick_(Kizz_Daniel_album),Maverick (Kizz Daniel album),,,http://dbpedia.org/resource/Empire_Distribution,Empire Distribution,http://dbpedia.org/resource/Nigeria,Nigeria,10/9/2023
http://dbpedia.org/resource/My_G_(Kizz_Daniel_song),My G (Kizz Daniel song),http://dbpedia.org/resource/Fiokee,Fiokee,producer,http://dbpedia.org/resource/Maverick_(Kizz_Daniel_album),Maverick (Kizz Daniel album),,,http://dbpedia.org/resource/Empire_Distribution,Empire Distribution,http://dbpedia.org/resource/Nigeria,Nigeria,10/9/2023
http://dbpedia.org/resource/Honey_(Are_U_Coming%3F),Honey (Are U Coming?),http://dbpedia.org/resource/Jussifer,Jussifer,producer,http://dbpedia.org/resource/Rush!,Rush!,,,http://dbpedia.org/resource/Epic_Records,Epic Records,http://dbpedia.org/resource/Finland,Finland,9/1/2023
http://dbpedia.org/resource/Saving_Up,Saving Up,http://dbpedia.org/resource/Dom_Dolla,Dom Dolla,producer,,,http://dbpedia.org/resource/House_music,House music,http://dbpedia.org/resource/Sony_Music,Higher Ground Records,http://dbpedia.org/resource/Philippines,Philippines,10/6/2023
http://dbpedia.org/resource/Saving_Up,Saving Up,http://dbpedia.org/resource/Dom_Dolla,Dom Dolla,producer,,,http://dbpedia.org/resource/House_music,House music,http://dbpedia.org/resource/Sony_Music,Sony Music UK,http://dbpedia.org/resource/Philippines,Philippines,10/6/2023
http://dbpedia.org/resource/Saving_Up,Saving Up,http://dbpedia.org/resource/Dom_Dolla,Dom Dolla,producer,,,http://dbpedia.org/resource/House_music,House music,http://dbpedia.org/resource/Sony_Music,Sony Music Canada,http://dbpedia.org/resource/Philippines,Philippines,10/6/2023
http://dbpedia.org/resource/Saving_Up,Saving Up,http://dbpedia.org/resource/Dom_Dolla,Dom Dolla,producer,,,http://dbpedia.org/resource/House_music,House music,http://dbpedia.org/resource/Sony_Music,Sony Music,http://dbpedia.org/resource/Philippines,Philippines,10/6/2023
http://dbpedia.org/resource/Oral_(song),Oral (song),http://dbpedia.org/resource/Björk,Björk,producer,,,http://dbpedia.org/resource/Pop_music,Pop music,http://dbpedia.org/resource/One_Little_Independent_Records,One Little Independent Records,http://dbpedia.org/resource/Iceland,Iceland,11/21/2023
http://dbpedia.org/resource/Saving_Up,Saving Up,http://dbpedia.org/resource/Dom_Dolla,Dom Dolla,producer,,,http://dbpedia.org/resource/Disco,Disco,http://dbpedia.org/resource/Sony_Music,Sony Music Canada,http://dbpedia.org/resource/Philippines,Philippines,10/6/2023
http://dbpedia.org/resource/Saving_Up,Saving Up,http://dbpedia.org/resource/Dom_Dolla,Dom Dolla,producer,,,http://dbpedia.org/resource/Disco,Disco,http://dbpedia.org/resource/Sony_Music,Sony Music UK,http://dbpedia.org/resource/Philippines,Philippines,10/6/2023
http://dbpedia.org/resource/Saving_Up,Saving Up,http://dbpedia.org/resource/Dom_Dolla,Dom Dolla,producer,,,http://dbpedia.org/resource/Disco,Disco,http://dbpedia.org/resource/Sony_Music,Higher Ground Records,http://dbpedia.org/resource/Philippines,Philippines,10/6/2023
http://dbpedia.org/resource/Saving_Up,Saving Up,http://dbpedia.org/resource/Dom_Dolla,Dom Dolla,producer,,,http://dbpedia.org/resource/Disco,Disco,http://dbpedia.org/resource/Sony_Music,Sony Music,http://dbpedia.org/resource/Philippines,Philippines,10/6/2023
http://dbpedia.org/resource/Lovin_on_Me,Lovin on Me,http://dbpedia.org/resource/Oz_(record_producer),Oz (music producer),producer,,,http://dbpedia.org/resource/Pop_rap,Pop rap,http://dbpedia.org/resource/Atlantic_Records,Atlantic Records,http://dbpedia.org/resource/Switzerland,Switzerland,11/10/2023
http://dbpedia.org/resource/Lovin_on_Me,Lovin on Me,http://dbpedia.org/resource/Oz_(record_producer),Oz (record producer),producer,,,http://dbpedia.org/resource/Pop_rap,Pop rap,http://dbpedia.org/resource/Atlantic_Records,Atlantic Records,http://dbpedia.org/resource/Switzerland,Switzerland,11/10/2023
http://dbpedia.org/resource/Eat_Your_Man,Eat Your Man,http://dbpedia.org/resource/Dom_Dolla,Dom Dolla,producer,,,http://dbpedia.org/resource/Tech_house,Tech house,http://dbpedia.org/resource/Sony_Music,Sony Music UK,http://dbpedia.org/resource/Philippines,Philippines,6/2/2023
http://dbpedia.org/resource/Eat_Your_Man,Eat Your Man,http://dbpedia.org/resource/Dom_Dolla,Dom Dolla,producer,,,http://dbpedia.org/resource/Tech_house,Tech house,http://dbpedia.org/resource/Sony_Music,Sony Music,http://dbpedia.org/resource/Philippines,Philippines,6/2/2023
http://dbpedia.org/resource/Pump_the_Brakes,Pump the Brakes,http://dbpedia.org/resource/Dom_Dolla,Dom Dolla,producer,,,http://dbpedia.org/resource/Tech_house,Tech house,http://dbpedia.org/resource/RCA_Records,RCA Records,http://dbpedia.org/resource/Philippines,Philippines,3/26/2021
http://dbpedia.org/resource/Eat_Your_Man,Eat Your Man,http://dbpedia.org/resource/Dom_Dolla,Dom Dolla,producer,,,http://dbpedia.org/resource/Tech_house,Tech house,http://dbpedia.org/resource/Sony_Music,Higher Ground Records,http://dbpedia.org/resource/Philippines,Philippines,6/2/2023
http://dbpedia.org/resource/Eat_Your_Man,Eat Your Man,http://dbpedia.org/resource/Dom_Dolla,Dom Dolla,producer,,,http://dbpedia.org/resource/Tech_house,Tech house,http://dbpedia.org/resource/Sony_Music,Sony Music Canada,http://dbpedia.org/resource/Philippines,Philippines,6/2/2023
http://dbpedia.org/resource/Sability,Sability,http://dbpedia.org/resource/London_(record_producer),London (music producer),producer,,,http://dbpedia.org/resource/African_popular_music,African popular music,http://dbpedia.org/resource/Mavin_Records,Mavin Records,http://dbpedia.org/resource/Nigeria,Nigeria,2/10/2023
http://dbpedia.org/resource/Sability,Sability,http://dbpedia.org/resource/London_(record_producer),London (record producer),producer,,,http://dbpedia.org/resource/African_popular_music,African popular music,http://dbpedia.org/resource/Mavin_Records,Mavin Records,http://dbpedia.org/resource/Nigeria,Nigeria,2/10/2023
http://dbpedia.org/resource/Rhyme_Dust,Rhyme Dust,http://dbpedia.org/resource/Dom_Dolla,Dom Dolla,producer,,,,,http://dbpedia.org/resource/Columbia_Records,Columbia Records,http://dbpedia.org/resource/Philippines,Philippines,2/24/2023
http://dbpedia.org/resource/Bon_ton_(song),Bon ton (song),http://dbpedia.org/resource/Michele_Zocca,Michele Zocca,producer,,,,,http://dbpedia.org/resource/Island_Records,Island Records,http://dbpedia.org/resource/Italy,Italy,6/23/2023
http://dbpedia.org/resource/Girls_(Dom_Dolla_song),Girls (Dom Dolla song),http://dbpedia.org/resource/Dom_Dolla,Dom Dolla,producer,,,,,http://dbpedia.org/resource/Sony_Music,Sony Music,http://dbpedia.org/resource/Philippines,Philippines,6/7/2024
http://dbpedia.org/resource/Girls_(Dom_Dolla_song),Girls (Dom Dolla song),http://dbpedia.org/resource/Dom_Dolla,Dom Dolla,producer,,,,,http://dbpedia.org/resource/Sony_Music,Sony Music Canada,http://dbpedia.org/resource/Philippines,Philippines,6/7/2024
http://dbpedia.org/resource/Girls_(Dom_Dolla_song),Girls (Dom Dolla song),http://dbpedia.org/resource/Dom_Dolla,Dom Dolla,producer,,,,,http://dbpedia.org/resource/Sony_Music,Higher Ground Records,http://dbpedia.org/resource/Philippines,Philippines,6/7/2024
http://dbpedia.org/resource/Girls_(Dom_Dolla_song),Girls (Dom Dolla song),http://dbpedia.org/resource/Dom_Dolla,Dom Dolla,producer,,,,,http://dbpedia.org/resource/Sony_Music,Sony Music UK,http://dbpedia.org/resource/Philippines,Philippines,6/7/2024
http://dbpedia.org/resource/Bon_ton_(song),Bon ton (song),http://dbpedia.org/resource/Michele_Zocca,Michele Zocca,producer,,,,,http://dbpedia.org/resource/Universal_Music_Group,Universal Music Group,http://dbpedia.org/resource/Italy,Italy,6/23/2023
http://dbpedia.org/resource/Miracle_Maker,Miracle Maker,http://dbpedia.org/resource/Dom_Dolla,Dom Dolla,producer,,,,,http://dbpedia.org/resource/Warner_Music_Australia,Warner Music Australia,http://dbpedia.org/resource/Philippines,Philippines,7/15/2022
http://dbpedia.org/resource/Phuze,Phuze,http://dbpedia.org/resource/Dlala_Thukzin,Dlala Thukzin,producer,,,http://dbpedia.org/resource/Dance_music,Dance music,,,http://dbpedia.org/resource/South_Africa,South Africa,7/30/2021
http://dbpedia.org/resource/Phuze,Phuze,http://dbpedia.org/resource/Dlala_Thukzin,Dlala Thukzin,producer,,,http://dbpedia.org/resource/Dance_music,Dance music,,,http://dbpedia.org/resource/South_Africa,South Africa,7/30/2021
http://dbpedia.org/resource/Phuze,Phuze,http://dbpedia.org/resource/Dlala_Thukzin,Dlala Thukzin,producer,,,http://dbpedia.org/resource/Dance_music,Dance music,,,http://dbpedia.org/resource/South_Africa,South Africa,3/26/2021
http://dbpedia.org/resource/Phuze,Phuze,http://dbpedia.org/resource/Dlala_Thukzin,Dlala Thukzin,producer,,,http://dbpedia.org/resource/Dance_music,Dance music,,,http://dbpedia.org/resource/South_Africa,South Africa,3/26/2021
http://dbpedia.org/resource/IPlan,IPlan,http://dbpedia.org/resource/Dlala_Thukzin,Dlala Thukzin,producer,,,http://dbpedia.org/resource/Dance_music,Dance music,,,http://dbpedia.org/resource/South_Africa,South Africa,9/15/2023
http://dbpedia.org/resource/IPlan,IPlan,http://dbpedia.org/resource/Dlala_Thukzin,Dlala Thukzin,producer,,,http://dbpedia.org/resource/Dance_music,Dance music,,,http://dbpedia.org/resource/South_Africa,South Africa,9/15/2023
http://dbpedia.org/resource/Phuze,Phuze,http://dbpedia.org/resource/Dlala_Thukzin,Dlala Thukzin,producer,,,http://dbpedia.org/resource/Afro_tech,Afro tech,,,http://dbpedia.org/resource/South_Africa,South Africa,3/26/2021
http://dbpedia.org/resource/Phuze,Phuze,http://dbpedia.org/resource/Dlala_Thukzin,Dlala Thukzin,producer,,,http://dbpedia.org/resource/Afro_tech,Afro tech,,,http://dbpedia.org/resource/South_Africa,South Africa,3/26/2021
http://dbpedia.org/resource/IPlan,IPlan,http://dbpedia.org/resource/Dlala_Thukzin,Dlala Thukzin,producer,,,http://dbpedia.org/resource/Afro_tech,Afro tech,,,http://dbpedia.org/resource/South_Africa,South Africa,9/15/2023
http://dbpedia.org/resource/Phuze,Phuze,http://dbpedia.org/resource/Dlala_Thukzin,Dlala Thukzin,producer,,,http://dbpedia.org/resource/Afro_tech,Afro tech,,,http://dbpedia.org/resource/South_Africa,South Africa,7/30/2021
http://dbpedia.org/resource/IPlan,IPlan,http://dbpedia.org/resource/Dlala_Thukzin,Dlala Thukzin,producer,,,http://dbpedia.org/resource/Afro_tech,Afro tech,,,http://dbpedia.org/resource/South_Africa,South Africa,9/15/2023
http://dbpedia.org/resource/Phuze,Phuze,http://dbpedia.org/resource/Dlala_Thukzin,Dlala Thukzin,producer,,,http://dbpedia.org/resource/Afro_tech,Afro tech,,,http://dbpedia.org/resource/South_Africa,South Africa,7/30/2021
http://dbpedia.org/resource/IPlan,IPlan,http://dbpedia.org/resource/Dlala_Thukzin,Dlala Thukzin,producer,,,http://dbpedia.org/resource/Gqom,Gqom,,,http://dbpedia.org/resource/South_Africa,South Africa,9/15/2023
http://dbpedia.org/resource/IPlan,IPlan,http://dbpedia.org/resource/Dlala_Thukzin,Dlala Thukzin,producer,,,http://dbpedia.org/resource/Gqom,Gqom,,,http://dbpedia.org/resource/South_Africa,South Africa,9/15/2023
http://dbpedia.org/resource/Atmosphere_(Fisher_song),Atmosphere (Fisher song),http://dbpedia.org/resource/Fisher_(musician),Fisher (musician),producer,,,http://dbpedia.org/resource/Tech_house,Tech house,,,http://dbpedia.org/resource/Australia,Australia,8/11/2023
http://dbpedia.org/resource/Boost_Up,Boost Up,http://dbpedia.org/resource/Fisher_(musician),Fisher (musician),producer,,,,,,,http://dbpedia.org/resource/Australia,Australia,8/9/2024
http://dbpedia.org/resource/San_Frandisco,San Frandisco,http://dbpedia.org/resource/Dom_Dolla,Dom Dolla,producer,,,,,,,http://dbpedia.org/resource/Philippines,Philippines,9/20/2019
http://dbpedia.org/resource/Aparentemente_Bien,Aparentemente Bien,http://dbpedia.org/resource/Rosie_Rivera,Rosie Rivera,producer,http://dbpedia.org/resource/Misión_Cumplida,Misión Cumplida,http://dbpedia.org/resource/Mariachi,Mariachi,http://dbpedia.org/resource/Sony_Music_Latin,Sony Music Latin,http://dbpedia.org/resource/United_States,United States,7/2/2019
http://dbpedia.org/resource/Aparentemente_Bien,Aparentemente Bien,http://dbpedia.org/resource/Juan_Rivera_(singer),Juan Rivera (singer),producer,http://dbpedia.org/resource/Misión_Cumplida,Misión Cumplida,http://dbpedia.org/resource/Mariachi,Mariachi,http://dbpedia.org/resource/Sony_Music_Latin,Sony Music Latin,http://dbpedia.org/resource/United_States,United States,7/2/2019
http://dbpedia.org/resource/Harley_Quinn_(song),Harley Quinn (song),http://dbpedia.org/resource/Marshmello,Marshmello,producer,http://dbpedia.org/resource/Pa_Las_Baby's_y_Belikeada,Pa Las Baby's y Belikeada,http://dbpedia.org/resource/Electronic_dance_music,Electronic dance music,http://dbpedia.org/resource/Sony_Music_Latin,Sony Music Latin,http://dbpedia.org/resource/United_States,United States,12/14/2023
http://dbpedia.org/resource/Harley_Quinn_(song),Harley Quinn (song),http://dbpedia.org/resource/Marshmello,Marshmello,producer,http://dbpedia.org/resource/Pa_Las_Baby's_y_Belikeada,Pa Las Baby's y Belikeada,http://dbpedia.org/resource/Electronic_dance_music,Electronic dance music,http://dbpedia.org/resource/Sony_Music_Latin,Sony Music Latin,http://dbpedia.org/resource/United_States,United States,12/14/2023
http://dbpedia.org/resource/Not_Strong_Enough,Not Strong Enough,http://dbpedia.org/resource/Jay_Som,Jay Som,producer,http://dbpedia.org/resource/The_Record_(Boygenius_album),The Record (Boygenius album),http://dbpedia.org/resource/Folk_rock,Folk rock,http://dbpedia.org/resource/Interscope_Records,Interscope Records,http://dbpedia.org/resource/United_States,United States,3/1/2023
http://dbpedia.org/resource/Harley_Quinn_(song),Harley Quinn (song),http://dbpedia.org/resource/Marshmello,Marshmello,producer,http://dbpedia.org/resource/Pa_Las_Baby's_y_Belikeada,Pa Las Baby's y Belikeada,http://dbpedia.org/resource/House_music,House music,http://dbpedia.org/resource/Sony_Music_Latin,Sony Music Latin,http://dbpedia.org/resource/United_States,United States,12/14/2023
http://dbpedia.org/resource/Harley_Quinn_(song),Harley Quinn (song),http://dbpedia.org/resource/Marshmello,Marshmello,producer,http://dbpedia.org/resource/Pa_Las_Baby's_y_Belikeada,Pa Las Baby's y Belikeada,http://dbpedia.org/resource/House_music,House music,http://dbpedia.org/resource/Sony_Music_Latin,Sony Music Latin,http://dbpedia.org/resource/United_States,United States,12/14/2023
http://dbpedia.org/resource/Checkmate_(Conan_Gray_song),Checkmate (Conan Gray song),http://dbpedia.org/resource/Dan_Nigro,Dan Nigro,producer,http://dbpedia.org/resource/Kid_Krow,Kid Krow,http://dbpedia.org/resource/Indie_pop,Indie pop,http://dbpedia.org/resource/Republic_Records,Republic Records,http://dbpedia.org/resource/United_States,United States,6/26/2019
http://dbpedia.org/resource/Checkmate_(Conan_Gray_song),Checkmate (Conan Gray song),http://dbpedia.org/resource/Dan_Nigro,Dan Nigro,producer,http://dbpedia.org/resource/Kid_Krow,Kid Krow,http://dbpedia.org/resource/Indie_pop,Indie pop,http://dbpedia.org/resource/Republic_Records,Universal Republic Records,http://dbpedia.org/resource/United_States,United States,6/26/2019
http://dbpedia.org/resource/Not_Strong_Enough,Not Strong Enough,http://dbpedia.org/resource/Jay_Som,Jay Som,producer,http://dbpedia.org/resource/The_Record_(Boygenius_album),The Record (Boygenius album),http://dbpedia.org/resource/Indie_rock,Indie rock,http://dbpedia.org/resource/Interscope_Records,Interscope Records,http://dbpedia.org/resource/United_States,United States,3/1/2023
http://dbpedia.org/resource/Aparentemente_Bien,Aparentemente Bien,http://dbpedia.org/resource/Rosie_Rivera,Rosie Rivera,producer,http://dbpedia.org/resource/Misión_Cumplida,Misión Cumplida,http://dbpedia.org/resource/Latin_pop,Latin pop,http://dbpedia.org/resource/Sony_Music_Latin,Sony Music Latin,http://dbpedia.org/resource/United_States,United States,7/2/2019
http://dbpedia.org/resource/Aparentemente_Bien,Aparentemente Bien,http://dbpedia.org/resource/Juan_Rivera_(singer),Juan Rivera (singer),producer,http://dbpedia.org/resource/Misión_Cumplida,Misión Cumplida,http://dbpedia.org/resource/Latin_pop,Latin pop,http://dbpedia.org/resource/Sony_Music_Latin,Sony Music Latin,http://dbpedia.org/resource/United_States,United States,7/2/2019
http://dbpedia.org/resource/Dilemma_(Green_Day_song),Dilemma (Green Day song),http://dbpedia.org/resource/Rob_Cavallo,Rob Cavallo,producer,http://dbpedia.org/resource/Saviors_(album),Saviors (album),http://dbpedia.org/resource/Pop-punk,Pop-punk,http://dbpedia.org/resource/Reprise_Records,Reprise Records,http://dbpedia.org/resource/United_States,United States,12/7/2023
http://dbpedia.org/resource/One_Eyed_Bastard,One Eyed Bastard,http://dbpedia.org/resource/Rob_Cavallo,Rob Cavallo,producer,http://dbpedia.org/resource/Saviors_(album),Saviors (album),http://dbpedia.org/resource/Pop-punk,Pop-punk,http://dbpedia.org/resource/Reprise_Records,Reprise Records,http://dbpedia.org/resource/United_States,United States,1/5/2024
"http://dbpedia.org/resource/Look_Ma,_No_Brains!","Look Ma, No Brains!",http://dbpedia.org/resource/Rob_Cavallo,Rob Cavallo,producer,http://dbpedia.org/resource/Saviors_(album),Saviors (album),http://dbpedia.org/resource/Pop-punk,Pop-punk,http://dbpedia.org/resource/Reprise_Records,Reprise Records,http://dbpedia.org/resource/United_States,United States,11/2/2023
http://dbpedia.org/resource/Last_Time_I_Saw_You,Last Time I Saw You,http://dbpedia.org/resource/Frankie_Bash,Frankie Bash,producer,http://dbpedia.org/resource/Pink_Friday_2,Pink Friday 2,http://dbpedia.org/resource/Pop_music,Pop music,http://dbpedia.org/resource/Republic_Records,Universal Republic Records,http://dbpedia.org/resource/United_States,United States,9/1/2023
http://dbpedia.org/resource/Last_Time_I_Saw_You,Last Time I Saw You,http://dbpedia.org/resource/ATL_Jacob,ATL Jacob,producer,http://dbpedia.org/resource/Pink_Friday_2,Pink Friday 2,http://dbpedia.org/resource/Pop_music,Pop music,http://dbpedia.org/resource/Republic_Records,Republic Records,http://dbpedia.org/resource/United_States,United States,9/1/2023
http://dbpedia.org/resource/Last_Time_I_Saw_You,Last Time I Saw You,http://dbpedia.org/resource/ATL_Jacob,ATL Jacob,producer,http://dbpedia.org/resource/Pink_Friday_2,Pink Friday 2,http://dbpedia.org/resource/Pop_music,Pop music,http://dbpedia.org/resource/Republic_Records,Universal Republic Records,http://dbpedia.org/resource/United_States,United States,9/1/2023
http://dbpedia.org/resource/Last_Time_I_Saw_You,Last Time I Saw You,http://dbpedia.org/resource/Frankie_Bash,Frankie Bash,producer,http://dbpedia.org/resource/Pink_Friday_2,Pink Friday 2,http://dbpedia.org/resource/Pop_music,Pop music,http://dbpedia.org/resource/Republic_Records,Republic Records,http://dbpedia.org/resource/United_States,United States,9/1/2023
http://dbpedia.org/resource/One_Eyed_Bastard,One Eyed Bastard,http://dbpedia.org/resource/Rob_Cavallo,Rob Cavallo,producer,http://dbpedia.org/resource/Saviors_(album),Saviors (album),http://dbpedia.org/resource/Punk_rock,Punk rock,http://dbpedia.org/resource/Reprise_Records,Reprise Records,http://dbpedia.org/resource/United_States,United States,1/5/2024
http://dbpedia.org/resource/Dilemma_(Green_Day_song),Dilemma (Green Day song),http://dbpedia.org/resource/Rob_Cavallo,Rob Cavallo,producer,http://dbpedia.org/resource/Saviors_(album),Saviors (album),http://dbpedia.org/resource/Punk_rock,Punk rock,http://dbpedia.org/resource/Reprise_Records,Reprise Records,http://dbpedia.org/resource/United_States,United States,12/7/2023
"http://dbpedia.org/resource/Look_Ma,_No_Brains!","Look Ma, No Brains!",http://dbpedia.org/resource/Rob_Cavallo,Rob Cavallo,producer,http://dbpedia.org/resource/Saviors_(album),Saviors (album),http://dbpedia.org/resource/Punk_rock,Punk rock,http://dbpedia.org/resource/Reprise_Records,Reprise Records,http://dbpedia.org/resource/United_States,United States,11/2/2023
http://dbpedia.org/resource/Cobra_(Megan_Thee_Stallion_song),Cobra (Megan Thee Stallion song),http://dbpedia.org/resource/Derrick_Milano,Derrick Milano,producer,http://dbpedia.org/resource/Megan_(album),Megan (album),http://dbpedia.org/resource/Rap_rock,Rap rock,http://dbpedia.org/resource/Megan_Thee_Stallion,Megan Thee Stallion,http://dbpedia.org/resource/United_States,United States,11/3/2023
http://dbpedia.org/resource/La_Chamba_(song),La Chamba (song),http://dbpedia.org/resource/Tainy,Tainy,producer,"http://dbpedia.org/resource/Sentimiento,_Elegancia_y_Más_Maldad","Sentimiento, Elegancia y Más Maldad",http://dbpedia.org/resource/Reggaeton,Reggaeton,http://dbpedia.org/resource/Rimas_Entertainment,Rimas Entertainment,http://dbpedia.org/resource/United_States,United States,10/30/2023
http://dbpedia.org/resource/Mamaw's_House,Mamaw's House,http://dbpedia.org/resource/Jesse_Frasure,Jesse Frasure,producer,http://dbpedia.org/resource/20_Number_Ones,20 Number Ones,http://dbpedia.org/resource/Country_pop,Country pop,http://dbpedia.org/resource/Big_Machine_Records,Big Machine Records,http://dbpedia.org/resource/United_States,United States,9/29/2023
http://dbpedia.org/resource/Aparentemente_Bien,Aparentemente Bien,http://dbpedia.org/resource/Rosie_Rivera,Rosie Rivera,producer,http://dbpedia.org/resource/Misión_Cumplida,Misión Cumplida,http://dbpedia.org/resource/Regional_Mexican,Regional Mexican,http://dbpedia.org/resource/Sony_Music_Latin,Sony Music Latin,http://dbpedia.org/resource/United_States,United States,7/2/2019
http://dbpedia.org/resource/Aparentemente_Bien,Aparentemente Bien,http://dbpedia.org/resource/Juan_Rivera_(singer),Juan Rivera (singer),producer,http://dbpedia.org/resource/Misión_Cumplida,Misión Cumplida,http://dbpedia.org/resource/Regional_Mexican,Regional Mexican,http://dbpedia.org/resource/Sony_Music_Latin,Sony Music Latin,http://dbpedia.org/resource/United_States,United States,7/2/2019
http://dbpedia.org/resource/Harley_Quinn_(song),Harley Quinn (song),http://dbpedia.org/resource/Marshmello,Marshmello,producer,http://dbpedia.org/resource/Pa_Las_Baby's_y_Belikeada,Pa Las Baby's y Belikeada,http://dbpedia.org/resource/Regional_Mexican,Regional Mexican,http://dbpedia.org/resource/Sony_Music_Latin,Sony Music Latin,http://dbpedia.org/resource/United_States,United States,12/14/2023
http://dbpedia.org/resource/Harley_Quinn_(song),Harley Quinn (song),http://dbpedia.org/resource/Marshmello,Marshmello,producer,http://dbpedia.org/resource/Pa_Las_Baby's_y_Belikeada,Pa Las Baby's y Belikeada,http://dbpedia.org/resource/Regional_Mexican,Regional Mexican,http://dbpedia.org/resource/Sony_Music_Latin,Sony Music Latin,http://dbpedia.org/resource/United_States,United States,12/14/2023
http://dbpedia.org/resource/Cobra_(Megan_Thee_Stallion_song),Cobra (Megan Thee Stallion song),http://dbpedia.org/resource/Derrick_Milano,Derrick Milano,producer,http://dbpedia.org/resource/Megan_(album),Megan (album),http://dbpedia.org/resource/Emo_rap,Emo rap,http://dbpedia.org/resource/Megan_Thee_Stallion,Megan Thee Stallion,http://dbpedia.org/resource/United_States,United States,11/3/2023
http://dbpedia.org/resource/Dilemma_(Green_Day_song),Dilemma (Green Day song),http://dbpedia.org/resource/Rob_Cavallo,Rob Cavallo,producer,http://dbpedia.org/resource/Saviors_(album),Saviors (album),http://dbpedia.org/resource/Power_pop,Power pop,http://dbpedia.org/resource/Reprise_Records,Reprise Records,http://dbpedia.org/resource/United_States,United States,12/7/2023
http://dbpedia.org/resource/La_Chamba_(song),La Chamba (song),http://dbpedia.org/resource/Tainy,Tainy,producer,"http://dbpedia.org/resource/Sentimiento,_Elegancia_y_Más_Maldad","Sentimiento, Elegancia y Más Maldad",http://dbpedia.org/resource/Latin_trap,Latin trap,http://dbpedia.org/resource/Rimas_Entertainment,Rimas Entertainment,http://dbpedia.org/resource/United_States,United States,10/30/2023
http://dbpedia.org/resource/Harley_Quinn_(song),Harley Quinn (song),http://dbpedia.org/resource/Marshmello,Marshmello,producer,http://dbpedia.org/resource/Pa_Las_Baby's_y_Belikeada,Pa Las Baby's y Belikeada,http://dbpedia.org/resource/Corridos_tumbados,Corridos tumbados,http://dbpedia.org/resource/Sony_Music_Latin,Sony Music Latin,http://dbpedia.org/resource/United_States,United States,12/14/2023
http://dbpedia.org/resource/Harley_Quinn_(song),Harley Quinn (song),http://dbpedia.org/resource/Marshmello,Marshmello,producer,http://dbpedia.org/resource/Pa_Las_Baby's_y_Belikeada,Pa Las Baby's y Belikeada,http://dbpedia.org/resource/Corridos_tumbados,Corridos tumbados,http://dbpedia.org/resource/Sony_Music_Latin,Sony Music Latin,http://dbpedia.org/resource/United_States,United States,12/14/2023
http://dbpedia.org/resource/American_Town,American Town,http://dbpedia.org/resource/Aaron_Dessner,Aaron Dessner,producer,http://dbpedia.org/resource/Autumn_Variations,Autumn Variations,,,http://dbpedia.org/resource/Gingerbread_Man_Records,Gingerbread Man Records,http://dbpedia.org/resource/United_States,United States,9/29/2023
http://dbpedia.org/resource/Evil_Ways_(Drake_song),Evil Ways (Drake song),http://dbpedia.org/resource/Vinylz,Vinylz,producer,http://dbpedia.org/resource/For_All_the_Dogs_Scary_Hours_Edition,For All the Dogs Scary Hours Edition,,,http://dbpedia.org/resource/OVO_Sound,OVO Sound,http://dbpedia.org/resource/United_States,United States,11/17/2023
http://dbpedia.org/resource/Evil_Ways_(Drake_song),Evil Ways (Drake song),http://dbpedia.org/resource/Vinylz,Vinylz,producer,http://dbpedia.org/resource/For_All_the_Dogs_Scary_Hours_Edition,For All the Dogs Scary Hours Edition,,,http://dbpedia.org/resource/Republic_Records,Republic Records,http://dbpedia.org/resource/United_States,United States,11/17/2023
http://dbpedia.org/resource/Evil_Ways_(Drake_song),Evil Ways (Drake song),http://dbpedia.org/resource/Vinylz,Vinylz,producer,http://dbpedia.org/resource/For_All_the_Dogs_Scary_Hours_Edition,For All the Dogs Scary Hours Edition,,,http://dbpedia.org/resource/Republic_Records,Republic Records,http://dbpedia.org/resource/United_States,United States,11/17/2023
http://dbpedia.org/resource/Evil_Ways_(Drake_song),Evil Ways (Drake song),http://dbpedia.org/resource/Vinylz,Vinylz,producer,http://dbpedia.org/resource/For_All_the_Dogs_Scary_Hours_Edition,For All the Dogs Scary Hours Edition,,,http://dbpedia.org/resource/Republic_Records,Universal Republic Records,http://dbpedia.org/resource/United_States,United States,11/17/2023
http://dbpedia.org/resource/Evil_Ways_(Drake_song),Evil Ways (Drake song),http://dbpedia.org/resource/Vinylz,Vinylz,producer,http://dbpedia.org/resource/For_All_the_Dogs_Scary_Hours_Edition,For All the Dogs Scary Hours Edition,,,http://dbpedia.org/resource/OVO_Sound,OVO Sound,http://dbpedia.org/resource/United_States,United States,11/17/2023
http://dbpedia.org/resource/Evil_Ways_(Drake_song),Evil Ways (Drake song),http://dbpedia.org/resource/Vinylz,Vinylz,producer,http://dbpedia.org/resource/For_All_the_Dogs_Scary_Hours_Edition,For All the Dogs Scary Hours Edition,,,http://dbpedia.org/resource/Republic_Records,Universal Republic Records,http://dbpedia.org/resource/United_States,United States,11/17/2023
http://dbpedia.org/resource/Closer_to_You_(Jungkook_song),Closer to You (Jungkook song),http://dbpedia.org/resource/Diplo,Diplo,producer,http://dbpedia.org/resource/Golden_(Jungkook_album),Golden (Jung Kook album),,,http://dbpedia.org/resource/Big_Hit_Music,Big Hit Music,http://dbpedia.org/resource/United_States,United States,11/3/2023
http://dbpedia.org/resource/Closer_to_You_(Jungkook_song),Closer to You (Jungkook song),http://dbpedia.org/resource/Diplo,Diplo,producer,http://dbpedia.org/resource/Golden_(Jungkook_album),Golden (Jungkook album),,,http://dbpedia.org/resource/Big_Hit_Music,Big Hit Music,http://dbpedia.org/resource/United_States,United States,11/3/2023
http://dbpedia.org/resource/Closer_to_You_(Jungkook_song),Closer to You (Jung Kook song),http://dbpedia.org/resource/Diplo,Diplo,producer,http://dbpedia.org/resource/Golden_(Jungkook_album),Golden (Jung Kook album),,,http://dbpedia.org/resource/Big_Hit_Music,Big Hit Music,http://dbpedia.org/resource/United_States,United States,11/3/2023
http://dbpedia.org/resource/Closer_to_You_(Jungkook_song),Closer to You (Jung Kook song),http://dbpedia.org/resource/Diplo,Diplo,producer,http://dbpedia.org/resource/Golden_(Jungkook_album),Golden (Jungkook album),,,http://dbpedia.org/resource/Big_Hit_Music,Big Hit Music,http://dbpedia.org/resource/United_States,United States,11/3/2023
http://dbpedia.org/resource/Beg_Forgiveness,Beg Forgiveness,http://dbpedia.org/resource/Ty_Dolla_Sign,Ty Dolla Sign,producer,http://dbpedia.org/resource/Vultures_1,Vultures 1,,,http://dbpedia.org/resource/Yeezy_(brand),Yeezy (brand),http://dbpedia.org/resource/United_States_women's_national_soccer_team,United States women's national soccer team,2/10/2024
http://dbpedia.org/resource/Beg_Forgiveness,Beg Forgiveness,http://dbpedia.org/resource/JPEGMafia,JPEGMafia,producer,http://dbpedia.org/resource/Vultures_1,Vultures 1,,,http://dbpedia.org/resource/Yeezy_(brand),Yeezy (brand),http://dbpedia.org/resource/United_States,United States,2/10/2024
http://dbpedia.org/resource/Long_Story_Short_(2_Chainz_and_Lil_Wayne_song),Long Story Short (2 Chainz and Lil Wayne song),http://dbpedia.org/resource/Mannie_Fresh,Mannie Fresh,producer,http://dbpedia.org/resource/Welcome_2_Collegrove,Welcome 2 Collegrove,,,http://dbpedia.org/resource/Def_Jam_Recordings,Def Jam Recordings,http://dbpedia.org/resource/United_States,United States,11/10/2023
http://dbpedia.org/resource/Long_Story_Short_(2_Chainz_and_Lil_Wayne_song),Long Story Short (2 Chainz and Lil Wayne song),http://dbpedia.org/resource/Mannie_Fresh,Mannie Fresh,producer,http://dbpedia.org/resource/Welcome_2_Collegrove,Welcome 2 Collegrove,,,http://dbpedia.org/resource/Def_Jam_Recordings,Def Jam Recordings,http://dbpedia.org/resource/United_States,United States,11/10/2023
http://dbpedia.org/resource/Lifeline_(Alicia_Keys_song),Lifeline (Alicia Keys song),http://dbpedia.org/resource/Marshmello,Marshmello,producer,http://dbpedia.org/resource/The_Color_Purple_(2023_soundtrack),The Color Purple (2023 soundtrack),,,http://dbpedia.org/resource/Gamma_(media_company),Gamma (media company),http://dbpedia.org/resource/United_States,United States,11/27/2023
http://dbpedia.org/resource/Lifeline_(Alicia_Keys_song),Lifeline (Alicia Keys song),http://dbpedia.org/resource/Marshmello,Marshmello,producer,http://dbpedia.org/resource/The_Color_Purple_(2023_soundtrack),The Color Purple (2023 soundtrack),,,http://dbpedia.org/resource/Gamma_(media_company),Gamma (media company),http://dbpedia.org/resource/United_States,United States,11/27/2023
http://dbpedia.org/resource/Life_Goes_On_(Ed_Sheeran_song),Life Goes On (Ed Sheeran song),http://dbpedia.org/resource/Aaron_Dessner,Aaron Dessner,producer,http://dbpedia.org/resource/−_(album),− (album),,,http://dbpedia.org/resource/Atlantic_Records,Atlantic Records,http://dbpedia.org/resource/United_States,United States,5/12/2023
http://dbpedia.org/resource/Life_Goes_On_(Ed_Sheeran_song),Life Goes On (Ed Sheeran song),http://dbpedia.org/resource/Aaron_Dessner,Aaron Dessner,producer,http://dbpedia.org/resource/−_(album),− (album),,,http://dbpedia.org/resource/Asylum_Records,Asylum Records,http://dbpedia.org/resource/United_States,United States,5/12/2023
http://dbpedia.org/resource/Home_Tonight_/_In_a_Hurry,Home Tonight / In a Hurry,http://dbpedia.org/resource/Greg_Kurstin,Greg Kurstin,producer,,,http://dbpedia.org/resource/Rock_music,Rock music,http://dbpedia.org/resource/Capitol_Records,Capitol Records,http://dbpedia.org/resource/United_States,United States,11/22/2019
http://dbpedia.org/resource/Home_Tonight_/_In_a_Hurry,Home Tonight / In a Hurry,http://dbpedia.org/resource/Greg_Kurstin,Greg Kurstin,producer,,,http://dbpedia.org/resource/Rock_music,Rock music,http://dbpedia.org/resource/Capitol_Records,Capitol Records,http://dbpedia.org/resource/United_States_women's_national_soccer_team,United States women's national soccer team,11/22/2019
http://dbpedia.org/resource/Ice_Slippin,Ice Slippin,http://dbpedia.org/resource/Teo_Halm,Teo Halm,producer,,,http://dbpedia.org/resource/Synth-pop,Synth-pop,http://dbpedia.org/resource/Warner_Records,Warner Records,http://dbpedia.org/resource/United_States_women's_national_soccer_team,United States women's national soccer team,8/26/2023
http://dbpedia.org/resource/Ice_Slippin,Ice Slippin,http://dbpedia.org/resource/Omar_Apollo,Omar Apollo,producer,,,http://dbpedia.org/resource/Synth-pop,Synth-pop,http://dbpedia.org/resource/Warner_Records,Warner Bros. Records,http://dbpedia.org/resource/United_States,United States,8/26/2023
http://dbpedia.org/resource/Ice_Slippin,Ice Slippin,http://dbpedia.org/resource/Teo_Halm,Teo Halm,producer,,,http://dbpedia.org/resource/Synth-pop,Synth-pop,http://dbpedia.org/resource/Warner_Records,Warner Bros. Records,http://dbpedia.org/resource/United_States_women's_national_soccer_team,United States women's national soccer team,8/26/2023
http://dbpedia.org/resource/Ice_Slippin,Ice Slippin,http://dbpedia.org/resource/Omar_Apollo,Omar Apollo,producer,,,http://dbpedia.org/resource/Synth-pop,Synth-pop,http://dbpedia.org/resource/Warner_Records,Warner Records,http://dbpedia.org/resource/United_States,United States,8/26/2023
http://dbpedia.org/resource/Rhyme_Dust,Rhyme Dust,http://dbpedia.org/resource/MK_(DJ),Alana Simon,producer,,,,,http://dbpedia.org/resource/Columbia_Records,Columbia Records,http://dbpedia.org/resource/United_States,United States,2/24/2023
http://dbpedia.org/resource/Rhyme_Dust,Rhyme Dust,http://dbpedia.org/resource/MK_(DJ),MK (DJ),producer,,,,,http://dbpedia.org/resource/Columbia_Records,Columbia Records,http://dbpedia.org/resource/United_States,United States,2/24/2023
http://dbpedia.org/resource/3_Boys,3 Boys,http://dbpedia.org/resource/Dylan_Wiggins,Dylan Wiggins,producer,,,,,http://dbpedia.org/resource/Warner_Records,Warner Records,http://dbpedia.org/resource/United_States,United States,2/16/2023
http://dbpedia.org/resource/3_Boys,3 Boys,http://dbpedia.org/resource/Dylan_Wiggins,Dylan Wiggins,producer,,,,,http://dbpedia.org/resource/Warner_Records,Warner Bros. Records,http://dbpedia.org/resource/United_States,United States,2/16/2023
http://dbpedia.org/resource/Anytime_Anywhere_(song),Anytime Anywhere (song),http://dbpedia.org/resource/Evan_Call,Evan Call,producer,,,,,http://dbpedia.org/resource/Sony_Music_Entertainment_Japan,Sony Music Entertainment Japan,http://dbpedia.org/resource/United_States,United States,9/29/2023
http://dbpedia.org/resource/Nobody's_Nobody,Nobody's Nobody,http://dbpedia.org/resource/Mike_Elizondo,Mike Elizondo,producer,http://dbpedia.org/resource/Brothers_Osborne_(album),Brothers Osborne (album),http://dbpedia.org/resource/Country_music,Country music,,,http://dbpedia.org/resource/United_States,United States,4/7/2023
http://dbpedia.org/resource/Mojabi_Ghost,Mojabi Ghost,http://dbpedia.org/resource/Tainy,Tainy,producer,http://dbpedia.org/resource/Data_(album),Data (album),http://dbpedia.org/resource/Electropop,Electropop,,,http://dbpedia.org/resource/United_States,United States,6/29/2023
http://dbpedia.org/resource/Chant_(song),Chant (song),http://dbpedia.org/resource/Macklemore,Macklemore,producer,http://dbpedia.org/resource/Ben_(Macklemore_album),Ben (Macklemore album),http://dbpedia.org/resource/Hip_hop_music,Hip hop music,,,http://dbpedia.org/resource/United_States,United States,7/22/2022
http://dbpedia.org/resource/Chant_(song),Chant (song),http://dbpedia.org/resource/Macklemore,Macklemore,producer,http://dbpedia.org/resource/Ben_(Macklemore_album),Ben (Macklemore album),http://dbpedia.org/resource/Hip_hop_music,Hip-hop,,,http://dbpedia.org/resource/United_States,United States,7/22/2022
http://dbpedia.org/resource/Heroes_(Macklemore_song),Heroes (Macklemore song),http://dbpedia.org/resource/Budo_(musician),Budo (musician),producer,http://dbpedia.org/resource/Ben_(Macklemore_album),Ben (Macklemore album),http://dbpedia.org/resource/Hip_hop_music,Hip hop music,,,http://dbpedia.org/resource/United_States,United States,1/20/2023
http://dbpedia.org/resource/Heroes_(Macklemore_song),Heroes (Macklemore song),http://dbpedia.org/resource/Budo_(musician),Budo (musician),producer,http://dbpedia.org/resource/Ben_(Macklemore_album),Ben (Macklemore album),http://dbpedia.org/resource/Hip_hop_music,Hip-hop,,,http://dbpedia.org/resource/United_States,United States,1/20/2023
http://dbpedia.org/resource/Chant_(song),Chant (song),http://dbpedia.org/resource/Budo_(musician),Budo (musician),producer,http://dbpedia.org/resource/Ben_(Macklemore_album),Ben (Macklemore album),http://dbpedia.org/resource/Hip_hop_music,Hip hop music,,,http://dbpedia.org/resource/United_States,United States,7/22/2022
http://dbpedia.org/resource/Chant_(song),Chant (song),http://dbpedia.org/resource/Budo_(musician),Budo (musician),producer,http://dbpedia.org/resource/Ben_(Macklemore_album),Ben (Macklemore album),http://dbpedia.org/resource/Hip_hop_music,Hip-hop,,,http://dbpedia.org/resource/United_States,United States,7/22/2022
http://dbpedia.org/resource/Mojabi_Ghost,Mojabi Ghost,http://dbpedia.org/resource/Tainy,Tainy,producer,http://dbpedia.org/resource/Data_(album),Data (album),http://dbpedia.org/resource/New_wave_music,New wave music,,,http://dbpedia.org/resource/United_States,United States,6/29/2023
http://dbpedia.org/resource/Mojabi_Ghost,Mojabi Ghost,http://dbpedia.org/resource/Tainy,Tainy,producer,http://dbpedia.org/resource/Data_(album),Data (album),http://dbpedia.org/resource/Reggaeton,Reggaeton,,,http://dbpedia.org/resource/United_States,United States,6/29/2023
http://dbpedia.org/resource/Faithful_(Macklemore_song),Faithful (Macklemore song),http://dbpedia.org/resource/Budo_(musician),Budo (musician),producer,http://dbpedia.org/resource/Ben_(Macklemore_album),Ben (Macklemore album),,,,,http://dbpedia.org/resource/United_States,United States,10/28/2022
http://dbpedia.org/resource/Maniac_(Macklemore_song),Maniac (Macklemore song),http://dbpedia.org/resource/Budo_(musician),Budo (musician),producer,http://dbpedia.org/resource/Ben_(Macklemore_album),Ben (Macklemore album),,,,,http://dbpedia.org/resource/United_States,United States,8/19/2022
http://dbpedia.org/resource/Brand_New_Sun,Brand New Sun,http://dbpedia.org/resource/Jennifer_Decilveo,Jennifer Decilveo,producer,http://dbpedia.org/resource/This_Life_(Take_That_album),This Life (Take That album),,,,,http://dbpedia.org/resource/United_States,United States,10/17/2023
"http://dbpedia.org/resource/Make_Me_Say_It_Again,_Girl_(song)","Make Me Say It Again, Girl (song)",http://dbpedia.org/resource/Beyoncé,Beyoncé,producer,,,http://dbpedia.org/resource/Soul_music,Soul music,,,http://dbpedia.org/resource/United_States,United States,8/12/2022
http://dbpedia.org/resource/Gwagwalada_(song),Gwagwalada (song),http://dbpedia.org/resource/Sarz,Sarz,producer,"http://dbpedia.org/resource/Sincerely,_Benson","Sincerely, Benson",http://dbpedia.org/resource/Afrobeats,Afrobeats,http://dbpedia.org/resource/Empire_Distribution,Empire Distribution,,,2/16/2023
http://dbpedia.org/resource/Nightmares_(Chris_Brown_song),Nightmares (Chris Brown song),http://dbpedia.org/resource/Chris_Brown,Chris Brown,producer,http://dbpedia.org/resource/11:11_(Chris_Brown_album),11:11 (Chris Brown album),http://dbpedia.org/resource/Afrobeats,Afrobeats,http://dbpedia.org/resource/RCA_Records,RCA Records,,,11/7/2023
http://dbpedia.org/resource/Not_My_Fault_(song),Not My Fault (song),http://dbpedia.org/resource/Alexander_23,Alexander 23,producer,http://dbpedia.org/resource/Mean_Girls_(2024_soundtrack),Mean Girls (2024 soundtrack),http://dbpedia.org/resource/Styles_of_pop_music,Disco-pop,http://dbpedia.org/resource/Interscope_Records,Interscope Records,,,12/15/2023
http://dbpedia.org/resource/Not_My_Fault_(song),Not My Fault (song),http://dbpedia.org/resource/Alexander_23,Alexander 23,producer,http://dbpedia.org/resource/Mean_Girls_(2024_soundtrack),Mean Girls (2024 soundtrack),http://dbpedia.org/resource/Styles_of_pop_music,Styles of pop music,http://dbpedia.org/resource/Interscope_Records,Interscope Records,,,12/15/2023
http://dbpedia.org/resource/Angel_Numbers_/_Ten_Toes,Angel Numbers / Ten Toes,http://dbpedia.org/resource/Troy_Taylor_(record_producer),Troy Taylor (record producer),producer,http://dbpedia.org/resource/11:11_(Chris_Brown_album),11:11 (Chris Brown album),http://dbpedia.org/resource/Contemporary_R&B,Contemporary R&B,http://dbpedia.org/resource/RCA_Records,RCA Records,,,11/10/2023
http://dbpedia.org/resource/Angel_Numbers_/_Ten_Toes,Angel Numbers / Ten Toes,http://dbpedia.org/resource/Troy_Taylor_(record_producer),Troy Taylor (music producer),producer,http://dbpedia.org/resource/11:11_(Chris_Brown_album),11:11 (Chris Brown album),http://dbpedia.org/resource/Contemporary_R&B,Contemporary R&B,http://dbpedia.org/resource/RCA_Records,RCA Records,,,11/10/2023
http://dbpedia.org/resource/It's_OK_I'm_OK,It's OK I'm OK,http://dbpedia.org/resource/Ilya_Salmanzadeh,Ilya Salmanzadeh,producer,http://dbpedia.org/resource/So_Close_to_What,So Close to What,http://dbpedia.org/resource/Contemporary_R&B,Contemporary R&B,http://dbpedia.org/resource/RCA_Records,RCA Records,,,9/12/2024
http://dbpedia.org/resource/Life_(Gen_Hoshino_song),Life (Gen Hoshino song),http://dbpedia.org/resource/Gen_Hoshino,Gen Hoshino,producer,http://dbpedia.org/resource/Gen_(album),Gen (album),http://dbpedia.org/resource/Contemporary_R&B,Contemporary R&B,http://dbpedia.org/resource/Victor_Entertainment,Victor Entertainment,,,8/14/2023
http://dbpedia.org/resource/I'm_Not_for_Everyone,I'm Not for Everyone,http://dbpedia.org/resource/Jay_Joyce,Jay Joyce,producer,http://dbpedia.org/resource/Skeletons_(Brothers_Osborne_album),Skeletons (Brothers Osborne album),http://dbpedia.org/resource/Country_music,Country music,http://dbpedia.org/resource/Universal_Music_Group_Nashville,Lost Highway Records,,,4/26/2021
http://dbpedia.org/resource/I'm_Not_for_Everyone,I'm Not for Everyone,http://dbpedia.org/resource/Jay_Joyce,Jay Joyce,producer,http://dbpedia.org/resource/Skeletons_(Brothers_Osborne_album),Skeletons (Brothers Osborne album),http://dbpedia.org/resource/Country_music,Country music,http://dbpedia.org/resource/Universal_Music_Group_Nashville,Music Corporation of America,,,4/26/2021
http://dbpedia.org/resource/I'm_Not_for_Everyone,I'm Not for Everyone,http://dbpedia.org/resource/Jay_Joyce,Jay Joyce,producer,http://dbpedia.org/resource/Skeletons_(Brothers_Osborne_album),Skeletons (Brothers Osborne album),http://dbpedia.org/resource/Country_music,Country music,http://dbpedia.org/resource/Universal_Music_Group_Nashville,Universal Music Group Nashville,,,4/26/2021
http://dbpedia.org/resource/Man_Made_a_Bar,Man Made a Bar,http://dbpedia.org/resource/Joey_Moi,Joey Moi,producer,http://dbpedia.org/resource/One_Thing_at_a_Time,One Thing at a Time,http://dbpedia.org/resource/Country_music,Country music,http://dbpedia.org/resource/Republic_Records,Universal Republic Records,,,11/13/2023
http://dbpedia.org/resource/Man_Made_a_Bar,Man Made a Bar,http://dbpedia.org/resource/Joey_Moi,Joey Moi,producer,http://dbpedia.org/resource/One_Thing_at_a_Time,One Thing at a Time,http://dbpedia.org/resource/Country_music,Country music,http://dbpedia.org/resource/Big_Loud,Big Loud,,,11/13/2023
http://dbpedia.org/resource/Man_Made_a_Bar,Man Made a Bar,http://dbpedia.org/resource/Joey_Moi,Joey Moi,producer,http://dbpedia.org/resource/One_Thing_at_a_Time,One Thing at a Time,http://dbpedia.org/resource/Country_music,Country music,http://dbpedia.org/resource/Mercury_Records,Mercury Records,,,11/13/2023
http://dbpedia.org/resource/Man_Made_a_Bar,Man Made a Bar,http://dbpedia.org/resource/Joey_Moi,Joey Moi,producer,http://dbpedia.org/resource/One_Thing_at_a_Time,One Thing at a Time,http://dbpedia.org/resource/Country_music,Country music,http://dbpedia.org/resource/Republic_Records,Republic Records,,,11/13/2023
http://dbpedia.org/resource/Nightmares_(Chris_Brown_song),Nightmares (Chris Brown song),http://dbpedia.org/resource/Chris_Brown,Chris Brown,producer,http://dbpedia.org/resource/11:11_(Chris_Brown_album),11:11 (Chris Brown album),http://dbpedia.org/resource/Dancehall,Dancehall,http://dbpedia.org/resource/RCA_Records,RCA Records,,,11/7/2023
http://dbpedia.org/resource/Naa_Ready,Naa Ready,http://dbpedia.org/resource/Anirudh_Ravichander,Anirudh Ravichander,producer,http://dbpedia.org/resource/Leo_(soundtrack),Leo (soundtrack),http://dbpedia.org/resource/Electronic_dance_music,Electronic dance music,http://dbpedia.org/resource/Sony_Music_India,Sony Music India,,,6/22/2023
http://dbpedia.org/resource/Naa_Ready,Naa Ready,http://dbpedia.org/resource/Anirudh_Ravichander,Anirudh Ravichander,producer,http://dbpedia.org/resource/Leo_(soundtrack),Leo (soundtrack),http://dbpedia.org/resource/Electronic_dance_music,Electronic dance music,http://dbpedia.org/resource/Sony_Music_India,Sony Music India,,,6/22/2023
http://dbpedia.org/resource/It's_OK_I'm_OK,It's OK I'm OK,http://dbpedia.org/resource/Ilya_Salmanzadeh,Ilya Salmanzadeh,producer,http://dbpedia.org/resource/So_Close_to_What,So Close to What,http://dbpedia.org/resource/Electronic_music,Electronic music,http://dbpedia.org/resource/RCA_Records,RCA Records,,,9/12/2024
http://dbpedia.org/resource/Neurotic_(song),Neurotic (song),http://dbpedia.org/resource/Howard_Benson,Howard Benson,producer,http://dbpedia.org/resource/Explosions_(Three_Days_Grace_album),Explosions (Three Days Grace album),http://dbpedia.org/resource/Electronic_rock,Electronic rock,http://dbpedia.org/resource/RCA_Records,RCA Records,,,2/17/2022
http://dbpedia.org/resource/Neurotic_(song),Neurotic (song),http://dbpedia.org/resource/Howard_Benson,Howard Benson,producer,http://dbpedia.org/resource/Explosions_(Three_Days_Grace_album),Explosions (Three Days Grace album),http://dbpedia.org/resource/Grunge,Grunge,http://dbpedia.org/resource/RCA_Records,RCA Records,,,2/17/2022
http://dbpedia.org/resource/It's_OK_I'm_OK,It's OK I'm OK,http://dbpedia.org/resource/Ilya_Salmanzadeh,Ilya Salmanzadeh,producer,http://dbpedia.org/resource/So_Close_to_What,So Close to What,http://dbpedia.org/resource/Hip_hop_music,Hip hop music,http://dbpedia.org/resource/RCA_Records,RCA Records,,,9/12/2024
http://dbpedia.org/resource/It's_OK_I'm_OK,It's OK I'm OK,http://dbpedia.org/resource/Ilya_Salmanzadeh,Ilya Salmanzadeh,producer,http://dbpedia.org/resource/So_Close_to_What,So Close to What,http://dbpedia.org/resource/Hip_hop_music,Hip-hop,http://dbpedia.org/resource/RCA_Records,RCA Records,,,9/12/2024
http://dbpedia.org/resource/Checkmate_(Conan_Gray_song),Checkmate (Conan Gray song),http://dbpedia.org/resource/Dan_Nigro,Dan Nigro,producer,http://dbpedia.org/resource/Kid_Krow,Kid Krow,http://dbpedia.org/resource/Indie_pop,Indie pop,http://dbpedia.org/resource/Republic_Records,Republic Records,,,6/26/2019
http://dbpedia.org/resource/Checkmate_(Conan_Gray_song),Checkmate (Conan Gray song),http://dbpedia.org/resource/Dan_Nigro,Dan Nigro,producer,http://dbpedia.org/resource/Kid_Krow,Kid Krow,http://dbpedia.org/resource/Indie_pop,Indie pop,http://dbpedia.org/resource/Republic_Records,Universal Republic Records,,,6/26/2019
http://dbpedia.org/resource/Find_Your_Way_Back_(Beyoncé_song),Find Your Way Back (Beyoncé song),http://dbpedia.org/resource/GuiltyBeatz,GuiltyBeatz,producer,http://dbpedia.org/resource/The_Lion_King:_The_Gift,The Lion King: The Gift,http://dbpedia.org/resource/Pop_music,Pop music,http://dbpedia.org/resource/Columbia_Records,Columbia Records,,,7/19/2019
http://dbpedia.org/resource/Find_Your_Way_Back_(Beyoncé_song),Find Your Way Back (Beyoncé song),http://dbpedia.org/resource/GuiltyBeatz,GuiltyBeatz,producer,http://dbpedia.org/resource/The_Lion_King:_The_Gift,The Lion King: The Gift,http://dbpedia.org/resource/Pop_music,Pop music,http://dbpedia.org/resource/Parkwood_Entertainment,Parkwood Entertainment,,,7/19/2019
http://dbpedia.org/resource/Find_Your_Way_Back_(Beyoncé_song),Find Your Way Back (Beyoncé song),http://dbpedia.org/resource/Derek_Dixie,Derek Dixie,producer,http://dbpedia.org/resource/The_Lion_King:_The_Gift,The Lion King: The Gift,http://dbpedia.org/resource/Pop_music,Pop music,http://dbpedia.org/resource/Parkwood_Entertainment,Parkwood Entertainment,,,7/19/2019
http://dbpedia.org/resource/Find_Your_Way_Back_(Beyoncé_song),Find Your Way Back (Beyoncé song),http://dbpedia.org/resource/Derek_Dixie,Derek Dixie,producer,http://dbpedia.org/resource/The_Lion_King:_The_Gift,The Lion King: The Gift,http://dbpedia.org/resource/Pop_music,Pop music,http://dbpedia.org/resource/Columbia_Records,Columbia Records,,,7/19/2019
http://dbpedia.org/resource/It's_OK_I'm_OK,It's OK I'm OK,http://dbpedia.org/resource/Ilya_Salmanzadeh,Ilya Salmanzadeh,producer,http://dbpedia.org/resource/So_Close_to_What,So Close to What,http://dbpedia.org/resource/Pop_music,Pop music,http://dbpedia.org/resource/RCA_Records,RCA Records,,,9/12/2024
http://dbpedia.org/resource/Naa_Ready,Naa Ready,http://dbpedia.org/resource/Anirudh_Ravichander,Anirudh Ravichander,producer,http://dbpedia.org/resource/Leo_(soundtrack),Leo (soundtrack),http://dbpedia.org/resource/Rapping,Rapping,http://dbpedia.org/resource/Sony_Music_India,Sony Music India,,,6/22/2023
http://dbpedia.org/resource/Naa_Ready,Naa Ready,http://dbpedia.org/resource/Anirudh_Ravichander,Anirudh Ravichander,producer,http://dbpedia.org/resource/Leo_(soundtrack),Leo (soundtrack),http://dbpedia.org/resource/Rapping,Rapping,http://dbpedia.org/resource/Sony_Music_India,Sony Music India,,,6/22/2023
http://dbpedia.org/resource/Eureka_(Gen_Hoshino_song),Eureka (Gen Hoshino song),http://dbpedia.org/resource/Gen_Hoshino,Gen Hoshino,producer,http://dbpedia.org/resource/Gen_(album),Gen (album),http://dbpedia.org/resource/Soul_music,Soul music,http://dbpedia.org/resource/Victor_Entertainment,Victor Entertainment,,,1/28/2025
http://dbpedia.org/resource/I_Wanna_Be_Your_Ghost,I Wanna Be Your Ghost,http://dbpedia.org/resource/Gen_Hoshino,Gen Hoshino,producer,http://dbpedia.org/resource/Gen_(album),Gen (album),http://dbpedia.org/resource/Dance_music,Dance music,http://dbpedia.org/resource/Victor_Entertainment,Victor Entertainment,,,7/18/2022
http://dbpedia.org/resource/Not_My_Fault_(song),Not My Fault (song),http://dbpedia.org/resource/Alexander_23,Alexander 23,producer,http://dbpedia.org/resource/Mean_Girls_(2024_soundtrack),Mean Girls (2024 soundtrack),http://dbpedia.org/resource/Disco,Disco,http://dbpedia.org/resource/Interscope_Records,Interscope Records,,,12/15/2023
http://dbpedia.org/resource/Eureka_(Gen_Hoshino_song),Eureka (Gen Hoshino song),http://dbpedia.org/resource/Gen_Hoshino,Gen Hoshino,producer,http://dbpedia.org/resource/Gen_(album),Gen (album),http://dbpedia.org/resource/J-pop,J-pop,http://dbpedia.org/resource/Victor_Entertainment,Victor Entertainment,,,1/28/2025
http://dbpedia.org/resource/I_Wanna_Be_Your_Ghost,I Wanna Be Your Ghost,http://dbpedia.org/resource/Gen_Hoshino,Gen Hoshino,producer,http://dbpedia.org/resource/Gen_(album),Gen (album),http://dbpedia.org/resource/J-pop,J-pop,http://dbpedia.org/resource/Victor_Entertainment,Victor Entertainment,,,7/18/2022
http://dbpedia.org/resource/Not_My_Fault_(song),Not My Fault (song),http://dbpedia.org/resource/Alexander_23,Alexander 23,producer,http://dbpedia.org/resource/Mean_Girls_(2024_soundtrack),Mean Girls (2024 soundtrack),http://dbpedia.org/resource/Pop_rap,Pop rap,http://dbpedia.org/resource/Interscope_Records,Interscope Records,,,12/15/2023
http://dbpedia.org/resource/Presha,Presha,http://dbpedia.org/resource/Bangladesh_(record_producer),Bangladesh (music producer),producer,http://dbpedia.org/resource/Welcome_2_Collegrove,Welcome 2 Collegrove,http://dbpedia.org/resource/Trap_music,Trap music,http://dbpedia.org/resource/Def_Jam_Recordings,Def Jam Recordings,,,10/20/2023
http://dbpedia.org/resource/Presha,Presha,http://dbpedia.org/resource/Bangladesh_(record_producer),Bangladesh (record producer),producer,http://dbpedia.org/resource/Welcome_2_Collegrove,Welcome 2 Collegrove,http://dbpedia.org/resource/Trap_music,Trap music,http://dbpedia.org/resource/Def_Jam_Recordings,Def Jam Recordings,,,10/20/2023
http://dbpedia.org/resource/Find_Your_Way_Back_(Beyoncé_song),Find Your Way Back (Beyoncé song),http://dbpedia.org/resource/GuiltyBeatz,GuiltyBeatz,producer,http://dbpedia.org/resource/The_Lion_King:_The_Gift,The Lion King: The Gift,http://dbpedia.org/resource/Afro_house,Afro house,http://dbpedia.org/resource/Columbia_Records,Columbia Records,,,7/19/2019
http://dbpedia.org/resource/Find_Your_Way_Back_(Beyoncé_song),Find Your Way Back (Beyoncé song),http://dbpedia.org/resource/GuiltyBeatz,GuiltyBeatz,producer,http://dbpedia.org/resource/The_Lion_King:_The_Gift,The Lion King: The Gift,http://dbpedia.org/resource/Afro_house,Afro house,http://dbpedia.org/resource/Parkwood_Entertainment,Parkwood Entertainment,,,7/19/2019
http://dbpedia.org/resource/Find_Your_Way_Back_(Beyoncé_song),Find Your Way Back (Beyoncé song),http://dbpedia.org/resource/Derek_Dixie,Derek Dixie,producer,http://dbpedia.org/resource/The_Lion_King:_The_Gift,The Lion King: The Gift,http://dbpedia.org/resource/Afro_house,Afro house,http://dbpedia.org/resource/Parkwood_Entertainment,Parkwood Entertainment,,,7/19/2019
http://dbpedia.org/resource/Find_Your_Way_Back_(Beyoncé_song),Find Your Way Back (Beyoncé song),http://dbpedia.org/resource/Derek_Dixie,Derek Dixie,producer,http://dbpedia.org/resource/The_Lion_King:_The_Gift,The Lion King: The Gift,http://dbpedia.org/resource/Afro_house,Afro house,http://dbpedia.org/resource/Columbia_Records,Columbia Records,,,7/19/2019
http://dbpedia.org/resource/Gwagwalada_(song),Gwagwalada (song),http://dbpedia.org/resource/Sarz,Sarz,producer,"http://dbpedia.org/resource/Sincerely,_Benson","Sincerely, Benson",http://dbpedia.org/resource/Amapiano,Amapiano,http://dbpedia.org/resource/Empire_Distribution,Empire Distribution,,,2/16/2023
http://dbpedia.org/resource/Find_Your_Way_Back_(Beyoncé_song),Find Your Way Back (Beyoncé song),http://dbpedia.org/resource/GuiltyBeatz,GuiltyBeatz,producer,http://dbpedia.org/resource/The_Lion_King:_The_Gift,The Lion King: The Gift,http://dbpedia.org/resource/African_popular_music,African popular music,http://dbpedia.org/resource/Columbia_Records,Columbia Records,,,7/19/2019
http://dbpedia.org/resource/Find_Your_Way_Back_(Beyoncé_song),Find Your Way Back (Beyoncé song),http://dbpedia.org/resource/GuiltyBeatz,GuiltyBeatz,producer,http://dbpedia.org/resource/The_Lion_King:_The_Gift,The Lion King: The Gift,http://dbpedia.org/resource/African_popular_music,African popular music,http://dbpedia.org/resource/Parkwood_Entertainment,Parkwood Entertainment,,,7/19/2019
http://dbpedia.org/resource/Find_Your_Way_Back_(Beyoncé_song),Find Your Way Back (Beyoncé song),http://dbpedia.org/resource/Derek_Dixie,Derek Dixie,producer,http://dbpedia.org/resource/The_Lion_King:_The_Gift,The Lion King: The Gift,http://dbpedia.org/resource/African_popular_music,African popular music,http://dbpedia.org/resource/Parkwood_Entertainment,Parkwood Entertainment,,,7/19/2019
http://dbpedia.org/resource/Find_Your_Way_Back_(Beyoncé_song),Find Your Way Back (Beyoncé song),http://dbpedia.org/resource/Derek_Dixie,Derek Dixie,producer,http://dbpedia.org/resource/The_Lion_King:_The_Gift,The Lion King: The Gift,http://dbpedia.org/resource/African_popular_music,African popular music,http://dbpedia.org/resource/Columbia_Records,Columbia Records,,,7/19/2019
http://dbpedia.org/resource/Life_(Gen_Hoshino_song),Life (Gen Hoshino song),http://dbpedia.org/resource/Gen_Hoshino,Gen Hoshino,producer,http://dbpedia.org/resource/Gen_(album),Gen (album),http://dbpedia.org/resource/Japanese_rock,Japanese rock,http://dbpedia.org/resource/Victor_Entertainment,Victor Entertainment,,,8/14/2023
http://dbpedia.org/resource/Naa_Ready,Naa Ready,http://dbpedia.org/resource/Anirudh_Ravichander,Anirudh Ravichander,producer,http://dbpedia.org/resource/Leo_(soundtrack),Leo (soundtrack),http://dbpedia.org/resource/Kuthu_(disambiguation),Kuththu,http://dbpedia.org/resource/Sony_Music_India,Sony Music India,,,6/22/2023
http://dbpedia.org/resource/Naa_Ready,Naa Ready,http://dbpedia.org/resource/Anirudh_Ravichander,Anirudh Ravichander,producer,http://dbpedia.org/resource/Leo_(soundtrack),Leo (soundtrack),http://dbpedia.org/resource/Kuthu_(disambiguation),Kuthu,http://dbpedia.org/resource/Sony_Music_India,Sony Music India,,,6/22/2023
http://dbpedia.org/resource/Naa_Ready,Naa Ready,http://dbpedia.org/resource/Anirudh_Ravichander,Anirudh Ravichander,producer,http://dbpedia.org/resource/Leo_(soundtrack),Leo (soundtrack),http://dbpedia.org/resource/Kuthu_(disambiguation),Kuthu (disambiguation),http://dbpedia.org/resource/Sony_Music_India,Sony Music India,,,6/22/2023
http://dbpedia.org/resource/Naa_Ready,Naa Ready,http://dbpedia.org/resource/Anirudh_Ravichander,Anirudh Ravichander,producer,http://dbpedia.org/resource/Leo_(soundtrack),Leo (soundtrack),http://dbpedia.org/resource/Kuthu_(disambiguation),Kuththu,http://dbpedia.org/resource/Sony_Music_India,Sony Music India,,,6/22/2023
http://dbpedia.org/resource/Naa_Ready,Naa Ready,http://dbpedia.org/resource/Anirudh_Ravichander,Anirudh Ravichander,producer,http://dbpedia.org/resource/Leo_(soundtrack),Leo (soundtrack),http://dbpedia.org/resource/Kuthu_(disambiguation),Kuthu,http://dbpedia.org/resource/Sony_Music_India,Sony Music India,,,6/22/2023
http://dbpedia.org/resource/Naa_Ready,Naa Ready,http://dbpedia.org/resource/Anirudh_Ravichander,Anirudh Ravichander,producer,http://dbpedia.org/resource/Leo_(soundtrack),Leo (soundtrack),http://dbpedia.org/resource/Kuthu_(disambiguation),Kuthu (disambiguation),http://dbpedia.org/resource/Sony_Music_India,Sony Music India,,,6/22/2023
http://dbpedia.org/resource/Good_Enough_(G_Flip_song),Good Enough (G Flip song),http://dbpedia.org/resource/Colin_Brittain,Colin Brittain,producer,http://dbpedia.org/resource/Drummer_(album),Drummer (album),,,http://dbpedia.org/resource/Future_Classic,Future Classic,,,8/11/2023
http://dbpedia.org/resource/My_G_(Kizz_Daniel_song),My G (Kizz Daniel song),http://dbpedia.org/resource/DJ_Coublon,DJ Coublon,producer,http://dbpedia.org/resource/Maverick_(Kizz_Daniel_album),Maverick (Kizz Daniel album),,,http://dbpedia.org/resource/Empire_Distribution,Empire Distribution,,,10/9/2023
http://dbpedia.org/resource/Beg_Forgiveness,Beg Forgiveness,http://dbpedia.org/resource/London_on_da_Track,London on da Track,producer,http://dbpedia.org/resource/Vultures_1,Vultures 1,,,http://dbpedia.org/resource/Yeezy_(brand),Yeezy (brand),,,2/10/2024
http://dbpedia.org/resource/Long_Story_Short_(2_Chainz_and_Lil_Wayne_song),Long Story Short (2 Chainz and Lil Wayne song),http://dbpedia.org/resource/Big_K.R.I.T.,Big K.R.I.T.,producer,http://dbpedia.org/resource/Welcome_2_Collegrove,Welcome 2 Collegrove,,,http://dbpedia.org/resource/Def_Jam_Recordings,Def Jam Recordings,,,11/10/2023
http://dbpedia.org/resource/Dignity_(Ado_song),Dignity (Ado song),http://dbpedia.org/resource/Tak_Matsumoto,Tak Matsumoto,producer,http://dbpedia.org/resource/Zanmu,Zanmu,,,http://dbpedia.org/resource/Virgin_Records,Virgin Records,,,9/18/2023
http://dbpedia.org/resource/Lifeline_(Alicia_Keys_song),Lifeline (Alicia Keys song),http://dbpedia.org/resource/Tricky_Stewart,Tricky Stewart,producer,http://dbpedia.org/resource/The_Color_Purple_(2023_soundtrack),The Color Purple (2023 soundtrack),,,http://dbpedia.org/resource/Gamma_(media_company),Gamma (media company),,,11/27/2023
http://dbpedia.org/resource/Biri-Biri,Biri-Biri,http://dbpedia.org/resource/Ayase_(music_producer),Ayase (music producer),producer,,,http://dbpedia.org/resource/Electropop,Electropop,http://dbpedia.org/resource/Sony_Music_Entertainment_Japan,Sony Music Entertainment Japan,,,11/18/2023
http://dbpedia.org/resource/My_House_(Beyoncé_song),My House (Beyoncé song),http://dbpedia.org/resource/The-Dream,The-Dream,producer,,,http://dbpedia.org/resource/Hip_house,Hip house,http://dbpedia.org/resource/Parkwood_Entertainment,Parkwood Entertainment,,,12/1/2023
http://dbpedia.org/resource/My_House_(Beyoncé_song),My House (Beyoncé song),http://dbpedia.org/resource/The-Dream,The-Dream,producer,,,http://dbpedia.org/resource/Hip_house,Hip house,http://dbpedia.org/resource/Columbia_Records,Columbia Records,,,12/1/2023
http://dbpedia.org/resource/Heart_Beat_(Yoasobi_song),Heart Beat (Yoasobi song),http://dbpedia.org/resource/Ayase_(music_producer),Ayase (music producer),producer,,,http://dbpedia.org/resource/J-pop,J-pop,http://dbpedia.org/resource/Sony_Music_Entertainment_Japan,Sony Music Entertainment Japan,,,12/26/2023
http://dbpedia.org/resource/My_House_(Beyoncé_song),My House (Beyoncé song),http://dbpedia.org/resource/The-Dream,The-Dream,producer,,,http://dbpedia.org/resource/Trap_music,Trap music,http://dbpedia.org/resource/Parkwood_Entertainment,Parkwood Entertainment,,,12/1/2023
http://dbpedia.org/resource/My_House_(Beyoncé_song),My House (Beyoncé song),http://dbpedia.org/resource/The-Dream,The-Dream,producer,,,http://dbpedia.org/resource/Trap_music,Trap music,http://dbpedia.org/resource/Columbia_Records,Columbia Records,,,12/1/2023
http://dbpedia.org/resource/Rhyme_Dust,Rhyme Dust,http://dbpedia.org/resource/MK_(DJ),Alana Simon,producer,,,,,http://dbpedia.org/resource/Columbia_Records,Columbia Records,,,2/24/2023
http://dbpedia.org/resource/Rhyme_Dust,Rhyme Dust,http://dbpedia.org/resource/MK_(DJ),MK (DJ),producer,,,,,http://dbpedia.org/resource/Columbia_Records,Columbia Records,,,2/24/2023
http://dbpedia.org/resource/Nobody's_Nobody,Nobody's Nobody,http://dbpedia.org/resource/Mike_Elizondo,Mike Elizondo,producer,http://dbpedia.org/resource/Brothers_Osborne_(album),Brothers Osborne (album),http://dbpedia.org/resource/Country_music,Country music,,,,,4/7/2023
http://dbpedia.org/resource/Heroes_(Macklemore_song),Heroes (Macklemore song),http://dbpedia.org/resource/Budo_(musician),Budo (musician),producer,http://dbpedia.org/resource/Ben_(Macklemore_album),Ben (Macklemore album),http://dbpedia.org/resource/Hip_hop_music,Hip hop music,,,,,1/20/2023
http://dbpedia.org/resource/Heroes_(Macklemore_song),Heroes (Macklemore song),http://dbpedia.org/resource/Budo_(musician),Budo (musician),producer,http://dbpedia.org/resource/Ben_(Macklemore_album),Ben (Macklemore album),http://dbpedia.org/resource/Hip_hop_music,Hip-hop,,,,,1/20/2023
http://dbpedia.org/resource/Chant_(song),Chant (song),http://dbpedia.org/resource/Budo_(musician),Budo (musician),producer,http://dbpedia.org/resource/Ben_(Macklemore_album),Ben (Macklemore album),http://dbpedia.org/resource/Hip_hop_music,Hip hop music,,,,,7/22/2022
http://dbpedia.org/resource/Chant_(song),Chant (song),http://dbpedia.org/resource/Budo_(musician),Budo (musician),producer,http://dbpedia.org/resource/Ben_(Macklemore_album),Ben (Macklemore album),http://dbpedia.org/resource/Hip_hop_music,Hip-hop,,,,,7/22/2022
http://dbpedia.org/resource/American_Teenager,American Teenager,http://dbpedia.org/resource/Ethel_Cain,Ethel Cain,producer,http://dbpedia.org/resource/Preacher's_Daughter,Preacher's Daughter,http://dbpedia.org/resource/Pop_music,Pop music,,,,,4/21/2022
http://dbpedia.org/resource/Little_Big_Us,Little Big Us,http://dbpedia.org/resource/JJ_Lin,JJ Lin,producer,http://dbpedia.org/resource/Message_in_a_Bottle_(album),Message in a Bottle (album),http://dbpedia.org/resource/Mandopop,Mandopop,,,,,11/25/2017
http://dbpedia.org/resource/American_Teenager,American Teenager,http://dbpedia.org/resource/Ethel_Cain,Ethel Cain,producer,http://dbpedia.org/resource/Preacher's_Daughter,Preacher's Daughter,http://dbpedia.org/resource/Heartland_rock,Heartland rock,,,,,4/21/2022
http://dbpedia.org/resource/Faithful_(Macklemore_song),Faithful (Macklemore song),http://dbpedia.org/resource/Budo_(musician),Budo (musician),producer,http://dbpedia.org/resource/Ben_(Macklemore_album),Ben (Macklemore album),,,,,,,10/28/2022
http://dbpedia.org/resource/Maniac_(Macklemore_song),Maniac (Macklemore song),http://dbpedia.org/resource/Budo_(musician),Budo (musician),producer,http://dbpedia.org/resource/Ben_(Macklemore_album),Ben (Macklemore album),,,,,,,8/19/2022
http://dbpedia.org/resource/Gibson_Girl_(song),Gibson Girl (song),http://dbpedia.org/resource/Ethel_Cain,Ethel Cain,producer,http://dbpedia.org/resource/Preacher's_Daughter,Preacher's Daughter,,,,,,,3/17/2022
http://dbpedia.org/resource/Conflicted_(song),Conflicted (song),http://dbpedia.org/resource/Kitt_Wakeley,Kitt Wakeley,producer,http://dbpedia.org/resource/Symphony_of_Sinners_&_Saints,Symphony of Sinners & Saints,,,,,,,2/26/2021
http://dbpedia.org/resource/Atmosphere_(Fisher_song),Atmosphere (Fisher song),http://dbpedia.org/resource/Fisher_(musician),Fisher (musician),producer,,,http://dbpedia.org/resource/Tech_house,Tech house,,,,,8/11/2023
http://dbpedia.org/resource/Boost_Up,Boost Up,http://dbpedia.org/resource/Fisher_(musician),Fisher (musician),producer,,,,,,,,,8/9/2024
http://dbpedia.org/resource/2:30,2:30,http://dbpedia.org/resource/Blaisebeatz,Blaisebeatz,producer,http://dbpedia.org/resource/Work_of_Art_(album),Work of Art (album),http://dbpedia.org/resource/Afrobeats,Afrobeats,http://dbpedia.org/resource/YBNL_Nation,YBNL Nation,,,4/5/2023
http://dbpedia.org/resource/2:30,2:30,http://dbpedia.org/resource/Blaisebeatz,Blaisebeatz,producer,http://dbpedia.org/resource/Work_of_Art_(album),Work of Art (album),http://dbpedia.org/resource/Afrobeats,Afrobeats,http://dbpedia.org/resource/YBNL_Nation,YBNL (album),,,4/5/2023
http://dbpedia.org/resource/2:30,2:30,http://dbpedia.org/resource/Blaisebeatz,Blaisebeatz,producer,http://dbpedia.org/resource/Work_of_Art_(album),Work of Art (album),http://dbpedia.org/resource/Afrobeats,Afrobeats,http://dbpedia.org/resource/Empire_Distribution,Empire Distribution,,,4/5/2023
http://dbpedia.org/resource/Buga_(song),Buga (song),http://dbpedia.org/resource/Blaisebeatz,Blaisebeatz,producer,http://dbpedia.org/resource/Maverick_(Kizz_Daniel_album),Maverick (Kizz Daniel album),http://dbpedia.org/resource/Afrobeats,Afrobeats,http://dbpedia.org/resource/Empire_Distribution,Empire Distribution,,,5/4/2022
http://dbpedia.org/resource/RTID_(Rich_Till_I_Die),RTID (Rich Till I Die),http://dbpedia.org/resource/Blaisebeatz,Blaisebeatz,producer,http://dbpedia.org/resource/Maverick_(Kizz_Daniel_album),Maverick (Kizz Daniel album),http://dbpedia.org/resource/Afrobeats,Afrobeats,http://dbpedia.org/resource/Empire_Distribution,Empire Distribution,,,1/6/2023
http://dbpedia.org/resource/Por_el_Contrario,Por el Contrario,http://dbpedia.org/resource/Édgar_Barrera,Édgar Barrera,producer,http://dbpedia.org/resource/Encuentros_(Becky_G_album),Encuentros (Becky G album),http://dbpedia.org/resource/Mariachi,Mariachi,http://dbpedia.org/resource/RCA_Records,RCA Records,,,12/13/2023
http://dbpedia.org/resource/Por_el_Contrario,Por el Contrario,http://dbpedia.org/resource/Édgar_Barrera,Édgar Barrera,producer,http://dbpedia.org/resource/Encuentros_(Becky_G_album),Encuentros,http://dbpedia.org/resource/Mariachi,Mariachi,http://dbpedia.org/resource/RCA_Records,RCA Records,,,12/13/2023
http://dbpedia.org/resource/Por_el_Contrario,Por el Contrario,http://dbpedia.org/resource/Édgar_Barrera,Édgar Barrera,producer,http://dbpedia.org/resource/Encuentros_(Becky_G_album),Encuentros (Becky G album),http://dbpedia.org/resource/Mariachi,Mariachi,http://dbpedia.org/resource/Kemosabe_Records,Kemosabe Records,,,12/13/2023
http://dbpedia.org/resource/Por_el_Contrario,Por el Contrario,http://dbpedia.org/resource/Édgar_Barrera,Édgar Barrera,producer,http://dbpedia.org/resource/Encuentros_(Becky_G_album),Encuentros,http://dbpedia.org/resource/Mariachi,Mariachi,http://dbpedia.org/resource/Kemosabe_Records,Kemosabe Records,,,12/13/2023
http://dbpedia.org/resource/Por_el_Contrario,Por el Contrario,http://dbpedia.org/resource/Édgar_Barrera,Édgar Barrera,producer,http://dbpedia.org/resource/Esquinas_(album),Esquinas (album),http://dbpedia.org/resource/Mariachi,Mariachi,http://dbpedia.org/resource/RCA_Records,RCA Records,,,12/13/2023
http://dbpedia.org/resource/Por_el_Contrario,Por el Contrario,http://dbpedia.org/resource/Édgar_Barrera,Édgar Barrera,producer,http://dbpedia.org/resource/Esquinas_(album),Esquinas (album),http://dbpedia.org/resource/Mariachi,Mariachi,http://dbpedia.org/resource/Kemosabe_Records,Kemosabe Records,,,12/13/2023
http://dbpedia.org/resource/City_Girls_(song),City Girls (song),http://dbpedia.org/resource/The_Audibles,The Audibles,producer,http://dbpedia.org/resource/Slime_&_B,Slime & B,http://dbpedia.org/resource/Contemporary_R&B,Contemporary R&B,http://dbpedia.org/resource/RCA_Records,RCA Records,,,5/5/2020
http://dbpedia.org/resource/On_the_Water_(song),On the Water (song),http://dbpedia.org/resource/Pilot_Speed,Pilot Speed,producer,http://dbpedia.org/resource/Ahead_of_Our_Time,Ahead of Our Time,http://dbpedia.org/resource/Country_music,Country music,http://dbpedia.org/resource/Columbia_Records,Columbia Records,,,5/26/2023
http://dbpedia.org/resource/Not_Strong_Enough,Not Strong Enough,http://dbpedia.org/resource/The_Belle_Brigade,The Belle Brigade,producer,http://dbpedia.org/resource/The_Record_(Boygenius_album),The Record (Boygenius album),http://dbpedia.org/resource/Folk_rock,Folk rock,http://dbpedia.org/resource/Interscope_Records,Interscope Records,,,3/1/2023
http://dbpedia.org/resource/Not_Strong_Enough,Not Strong Enough,http://dbpedia.org/resource/Tony_Berg,Tony Berg,producer,http://dbpedia.org/resource/The_Record_(Boygenius_album),The Record (Boygenius album),http://dbpedia.org/resource/Folk_rock,Folk rock,http://dbpedia.org/resource/Interscope_Records,Interscope Records,,,3/1/2023
http://dbpedia.org/resource/Not_Strong_Enough,Not Strong Enough,http://dbpedia.org/resource/Boygenius,Boygenius,producer,http://dbpedia.org/resource/The_Record_(Boygenius_album),The Record (Boygenius album),http://dbpedia.org/resource/Folk_rock,Folk rock,http://dbpedia.org/resource/Interscope_Records,Interscope Records,,,3/1/2023
http://dbpedia.org/resource/Not_Strong_Enough,Not Strong Enough,http://dbpedia.org/resource/Illuminati_Hotties,Illuminati Hotties,producer,http://dbpedia.org/resource/The_Record_(Boygenius_album),The Record (Boygenius album),http://dbpedia.org/resource/Folk_rock,Folk rock,http://dbpedia.org/resource/Interscope_Records,Interscope Records,,,3/1/2023
http://dbpedia.org/resource/Not_Strong_Enough,Not Strong Enough,http://dbpedia.org/resource/Catherine_Marks,Catherine Marks,producer,http://dbpedia.org/resource/The_Record_(Boygenius_album),The Record (Boygenius album),http://dbpedia.org/resource/Folk_rock,Folk rock,http://dbpedia.org/resource/Interscope_Records,Interscope Records,,,3/1/2023
http://dbpedia.org/resource/Not_Strong_Enough,Not Strong Enough,http://dbpedia.org/resource/The_Belle_Brigade,The Belle Brigade,producer,http://dbpedia.org/resource/The_Record_(Boygenius_album),The Record (Boygenius album),http://dbpedia.org/resource/Indie_rock,Indie rock,http://dbpedia.org/resource/Interscope_Records,Interscope Records,,,3/1/2023
http://dbpedia.org/resource/Not_Strong_Enough,Not Strong Enough,http://dbpedia.org/resource/Tony_Berg,Tony Berg,producer,http://dbpedia.org/resource/The_Record_(Boygenius_album),The Record (Boygenius album),http://dbpedia.org/resource/Indie_rock,Indie rock,http://dbpedia.org/resource/Interscope_Records,Interscope Records,,,3/1/2023
http://dbpedia.org/resource/Not_Strong_Enough,Not Strong Enough,http://dbpedia.org/resource/Boygenius,Boygenius,producer,http://dbpedia.org/resource/The_Record_(Boygenius_album),The Record (Boygenius album),http://dbpedia.org/resource/Indie_rock,Indie rock,http://dbpedia.org/resource/Interscope_Records,Interscope Records,,,3/1/2023
http://dbpedia.org/resource/Not_Strong_Enough,Not Strong Enough,http://dbpedia.org/resource/Illuminati_Hotties,Illuminati Hotties,producer,http://dbpedia.org/resource/The_Record_(Boygenius_album),The Record (Boygenius album),http://dbpedia.org/resource/Indie_rock,Indie rock,http://dbpedia.org/resource/Interscope_Records,Interscope Records,,,3/1/2023
http://dbpedia.org/resource/Not_Strong_Enough,Not Strong Enough,http://dbpedia.org/resource/Catherine_Marks,Catherine Marks,producer,http://dbpedia.org/resource/The_Record_(Boygenius_album),The Record (Boygenius album),http://dbpedia.org/resource/Indie_rock,Indie rock,http://dbpedia.org/resource/Interscope_Records,Interscope Records,,,3/1/2023
http://dbpedia.org/resource/Before_You_Leave,Before You Leave,http://dbpedia.org/resource/Malay_(record_producer),Malay (record producer),producer,http://dbpedia.org/resource/Castle_St,Castle St,http://dbpedia.org/resource/Pop_music,Pop music,http://dbpedia.org/resource/Epic_Records,Epic Records,,,8/19/2022
http://dbpedia.org/resource/Before_You_Leave,Before You Leave,http://dbpedia.org/resource/Malay_(record_producer),Malay (music producer),producer,http://dbpedia.org/resource/Castle_St,Castle St,http://dbpedia.org/resource/Pop_music,Pop music,http://dbpedia.org/resource/Epic_Records,Epic Records,,,8/19/2022
http://dbpedia.org/resource/Never_Been_Tonight,Never Been Tonight,http://dbpedia.org/resource/Malay_(record_producer),Malay (record producer),producer,http://dbpedia.org/resource/Castle_St,Castle St,http://dbpedia.org/resource/Pop_music,Pop music,http://dbpedia.org/resource/Epic_Records,Epic Records,,,9/16/2022
http://dbpedia.org/resource/Never_Been_Tonight,Never Been Tonight,http://dbpedia.org/resource/Malay_(record_producer),Malay (music producer),producer,http://dbpedia.org/resource/Castle_St,Castle St,http://dbpedia.org/resource/Pop_music,Pop music,http://dbpedia.org/resource/Epic_Records,Epic Records,,,9/16/2022
http://dbpedia.org/resource/Satellite_(Bebe_Rexha_and_Snoop_Dogg_song),Satellite (Bebe Rexha and Snoop Dogg song),http://dbpedia.org/resource/Joe_Janiak,Joe Janiak,producer,http://dbpedia.org/resource/Bebe_(album),Bebe (album),http://dbpedia.org/resource/Pop_music,Pop music,http://dbpedia.org/resource/Warner_Records,Warner Records,,,4/19/2023
http://dbpedia.org/resource/Satellite_(Bebe_Rexha_and_Snoop_Dogg_song),Satellite (Bebe Rexha and Snoop Dogg song),http://dbpedia.org/resource/Joe_Janiak,Joe Janiak,producer,http://dbpedia.org/resource/Bebe_(album),Bebe (album),http://dbpedia.org/resource/Pop_music,Pop music,http://dbpedia.org/resource/Warner_Records,Warner Bros. Records,,,4/19/2023
http://dbpedia.org/resource/Find_My_Way_(Paul_McCartney_song),Find My Way (Paul McCartney song),http://dbpedia.org/resource/Paul_McCartney,Paul McCartney,producer,http://dbpedia.org/resource/McCartney_III,McCartney III,http://dbpedia.org/resource/Rock_music,Rock music,http://dbpedia.org/resource/Capitol_Records,Capitol Records,,,12/18/2020
http://dbpedia.org/resource/Mamaw's_House,Mamaw's House,http://dbpedia.org/resource/Dann_Huff,Dann Huff,producer,http://dbpedia.org/resource/20_Number_Ones,20 Number Ones,http://dbpedia.org/resource/Country_pop,Country pop,http://dbpedia.org/resource/Big_Machine_Records,Big Machine Records,,,9/29/2023
http://dbpedia.org/resource/Satellite_(Bebe_Rexha_and_Snoop_Dogg_song),Satellite (Bebe Rexha and Snoop Dogg song),http://dbpedia.org/resource/Joe_Janiak,Joe Janiak,producer,http://dbpedia.org/resource/Bebe_(album),Bebe (album),http://dbpedia.org/resource/Disco,Disco,http://dbpedia.org/resource/Warner_Records,Warner Records,,,4/19/2023
http://dbpedia.org/resource/Satellite_(Bebe_Rexha_and_Snoop_Dogg_song),Satellite (Bebe Rexha and Snoop Dogg song),http://dbpedia.org/resource/Joe_Janiak,Joe Janiak,producer,http://dbpedia.org/resource/Bebe_(album),Bebe (album),http://dbpedia.org/resource/Disco,Disco,http://dbpedia.org/resource/Warner_Records,Warner Bros. Records,,,4/19/2023
http://dbpedia.org/resource/Delresto_(Echoes),Delresto (Echoes),http://dbpedia.org/resource/Travis_Scott,Travis Scott,producer,http://dbpedia.org/resource/Utopia_(Travis_Scott_album),Utopia (Travis Scott album),http://dbpedia.org/resource/Hip_house,Hip house,http://dbpedia.org/resource/Columbia_Records,Columbia Records,,,7/28/2023
http://dbpedia.org/resource/Delresto_(Echoes),Delresto (Echoes),http://dbpedia.org/resource/Travis_Scott,Travis Scott,producer,http://dbpedia.org/resource/Utopia_(Travis_Scott_album),Utopia (Travis Scott album),http://dbpedia.org/resource/Hip_house,Hip house,http://dbpedia.org/resource/Epic_Records,Epic Records,,,7/28/2023
http://dbpedia.org/resource/Delresto_(Echoes),Delresto (Echoes),http://dbpedia.org/resource/Travis_Scott,Travis Scott,producer,http://dbpedia.org/resource/Utopia_(Travis_Scott_album),Utopia (Travis Scott album),http://dbpedia.org/resource/Hip_house,Hip house,http://dbpedia.org/resource/Parkwood_Entertainment,Parkwood Entertainment,,,7/28/2023
http://dbpedia.org/resource/Delresto_(Echoes),Delresto (Echoes),http://dbpedia.org/resource/Travis_Scott,Travis Scott,producer,http://dbpedia.org/resource/Utopia_(Travis_Scott_album),Utopia (Travis Scott album),http://dbpedia.org/resource/Hip_house,Hip house,http://dbpedia.org/resource/Cactus_Jack_Records,Cactus Jack Records,,,7/28/2023
http://dbpedia.org/resource/City_Girls_(song),City Girls (song),http://dbpedia.org/resource/The_Audibles,The Audibles,producer,http://dbpedia.org/resource/Slime_&_B,Slime & B,http://dbpedia.org/resource/Trap_music,Trap music,http://dbpedia.org/resource/RCA_Records,RCA Records,,,5/5/2020
http://dbpedia.org/resource/Buga_(song),Buga (song),http://dbpedia.org/resource/Blaisebeatz,Blaisebeatz,producer,http://dbpedia.org/resource/Maverick_(Kizz_Daniel_album),Maverick (Kizz Daniel album),http://dbpedia.org/resource/African_popular_music,African popular music,http://dbpedia.org/resource/Empire_Distribution,Empire Distribution,,,5/4/2022
http://dbpedia.org/resource/Cough_(Odo),Cough (Odo),http://dbpedia.org/resource/Blaisebeatz,Blaisebeatz,producer,http://dbpedia.org/resource/Maverick_(Kizz_Daniel_album),Maverick (Kizz Daniel album),http://dbpedia.org/resource/African_popular_music,African popular music,http://dbpedia.org/resource/Empire_Distribution,Empire Distribution,,,10/14/2022
http://dbpedia.org/resource/Pour_Me_Water,Pour Me Water,http://dbpedia.org/resource/Blaisebeatz,Blaisebeatz,producer,http://dbpedia.org/resource/Barnabas_(EP),Barnabas (EP),http://dbpedia.org/resource/African_popular_music,African popular music,http://dbpedia.org/resource/Empire_Distribution,Empire Distribution,,,11/19/2021
http://dbpedia.org/resource/RTID_(Rich_Till_I_Die),RTID (Rich Till I Die),http://dbpedia.org/resource/Blaisebeatz,Blaisebeatz,producer,http://dbpedia.org/resource/Maverick_(Kizz_Daniel_album),Maverick (Kizz Daniel album),http://dbpedia.org/resource/African_popular_music,African popular music,http://dbpedia.org/resource/Empire_Distribution,Empire Distribution,,,1/6/2023
http://dbpedia.org/resource/Querido_Abuelo,Querido Abuelo,http://dbpedia.org/resource/Édgar_Barrera,Édgar Barrera,producer,http://dbpedia.org/resource/Esquinas_(album),Esquinas (album),,,http://dbpedia.org/resource/RCA_Records,RCA Records,,,9/14/2023
http://dbpedia.org/resource/Querido_Abuelo,Querido Abuelo,http://dbpedia.org/resource/Édgar_Barrera,Édgar Barrera,producer,http://dbpedia.org/resource/Esquinas_(album),Esquinas (album),,,http://dbpedia.org/resource/Kemosabe_Records,Kemosabe Records,,,9/14/2023
http://dbpedia.org/resource/Face-Off_(Jimin_song),Face-Off (Jimin song),http://dbpedia.org/resource/Pdogg,Pdogg,producer,http://dbpedia.org/resource/Face_(Jimin_album),Face (Jimin album),,,http://dbpedia.org/resource/Big_Hit_Music,Big Hit Music,,,3/24/2023
http://dbpedia.org/resource/Evil_Ways_(Drake_song),Evil Ways (Drake song),http://dbpedia.org/resource/FnZ,FnZ,producer,http://dbpedia.org/resource/For_All_the_Dogs_Scary_Hours_Edition,For All the Dogs Scary Hours Edition,,,http://dbpedia.org/resource/Republic_Records,Universal Republic Records,,,11/17/2023
http://dbpedia.org/resource/Evil_Ways_(Drake_song),Evil Ways (Drake song),http://dbpedia.org/resource/FnZ,FnZ,producer,http://dbpedia.org/resource/For_All_the_Dogs_Scary_Hours_Edition,For All the Dogs Scary Hours Edition,,,http://dbpedia.org/resource/Republic_Records,Republic Records,,,11/17/2023
http://dbpedia.org/resource/Evil_Ways_(Drake_song),Evil Ways (Drake song),http://dbpedia.org/resource/FnZ,FnZ,producer,http://dbpedia.org/resource/For_All_the_Dogs_Scary_Hours_Edition,For All the Dogs Scary Hours Edition,,,http://dbpedia.org/resource/OVO_Sound,OVO Sound,,,11/17/2023
http://dbpedia.org/resource/My_G_(Kizz_Daniel_song),My G (Kizz Daniel song),http://dbpedia.org/resource/Killertunes,Killertunes,producer,http://dbpedia.org/resource/Maverick_(Kizz_Daniel_album),Maverick (Kizz Daniel album),,,http://dbpedia.org/resource/Empire_Distribution,Empire Distribution,,,10/9/2023
http://dbpedia.org/resource/Honey_(Are_U_Coming%3F),Honey (Are U Coming?),http://dbpedia.org/resource/Rami_Yacoub,Rami Yacoub,producer,http://dbpedia.org/resource/Rush!,Rush!,,,http://dbpedia.org/resource/Epic_Records,Epic Records,,,9/1/2023
http://dbpedia.org/resource/Honey_(Are_U_Coming%3F),Honey (Are U Coming?),http://dbpedia.org/resource/Sylvester_Sivertsen,Sylvester Sivertsen,producer,http://dbpedia.org/resource/Rush!,Rush!,,,http://dbpedia.org/resource/Epic_Records,Epic Records,,,9/1/2023
http://dbpedia.org/resource/Beg_Forgiveness,Beg Forgiveness,http://dbpedia.org/resource/Anthony_Kilhoffer,Anthony Kilhoffer,producer,http://dbpedia.org/resource/Vultures_1,Vultures 1,,,http://dbpedia.org/resource/Yeezy_(brand),Yeezy (brand),,,2/10/2024
http://dbpedia.org/resource/Long_Story_Short_(2_Chainz_and_Lil_Wayne_song),Long Story Short (2 Chainz and Lil Wayne song),http://dbpedia.org/resource/Juicy_J,Juicy J,producer,http://dbpedia.org/resource/Welcome_2_Collegrove,Welcome 2 Collegrove,,,http://dbpedia.org/resource/Def_Jam_Recordings,Def Jam Recordings,,,11/10/2023
http://dbpedia.org/resource/Golden_Child_(Alicia_Keys_song),Golden Child (Alicia Keys song),http://dbpedia.org/resource/Alicia_Keys,Alicia Keys,producer,http://dbpedia.org/resource/The_Diary_of_Alicia_Keys,The Diary of Alicia Keys,,,http://dbpedia.org/resource/RCA_Records,RCA Records,,,11/2/2023
http://dbpedia.org/resource/Lifeline_(Alicia_Keys_song),Lifeline (Alicia Keys song),http://dbpedia.org/resource/TMS_(production_team),TMS (production team),producer,http://dbpedia.org/resource/The_Color_Purple_(2023_soundtrack),The Color Purple (2023 soundtrack),,,http://dbpedia.org/resource/Gamma_(media_company),Gamma (media company),,,11/27/2023
http://dbpedia.org/resource/Big_FU,Big FU,http://dbpedia.org/resource/Johnny_Goldstein,Johnny Goldstein,producer,,,http://dbpedia.org/resource/Afrobeats,Afrobeats,http://dbpedia.org/resource/Warner_Music_Group,Warner Music Group,,,10/27/2023
http://dbpedia.org/resource/Big_FU,Big FU,http://dbpedia.org/resource/David_Guetta,David Guetta,producer,,,http://dbpedia.org/resource/Afrobeats,Afrobeats,http://dbpedia.org/resource/Warner_Music_Group,Warner Music Group,,,10/27/2023
http://dbpedia.org/resource/Die_4_You,Die 4 You,http://dbpedia.org/resource/Galdive,Galdive,producer,,,http://dbpedia.org/resource/Alternative_R&B,Alternative R&B,http://dbpedia.org/resource/Universal_Music_Group,Universal Music Group,,,11/18/2023
http://dbpedia.org/resource/Saving_Up,Saving Up,http://dbpedia.org/resource/Toby_Scott,Toby Scott,producer,,,http://dbpedia.org/resource/House_music,House music,http://dbpedia.org/resource/Sony_Music,Sony Music,,,10/6/2023
http://dbpedia.org/resource/Saving_Up,Saving Up,http://dbpedia.org/resource/Toby_Scott,Toby Scott,producer,,,http://dbpedia.org/resource/House_music,House music,http://dbpedia.org/resource/Sony_Music,Sony Music UK,,,10/6/2023
http://dbpedia.org/resource/Big_FU,Big FU,http://dbpedia.org/resource/Johnny_Goldstein,Johnny Goldstein,producer,,,http://dbpedia.org/resource/House_music,House music,http://dbpedia.org/resource/Warner_Music_Group,Warner Music Group,,,10/27/2023
http://dbpedia.org/resource/Saving_Up,Saving Up,http://dbpedia.org/resource/Toby_Scott,Toby Scott,producer,,,http://dbpedia.org/resource/House_music,House music,http://dbpedia.org/resource/Sony_Music,Sony Music Canada,,,10/6/2023
http://dbpedia.org/resource/Big_FU,Big FU,http://dbpedia.org/resource/David_Guetta,David Guetta,producer,,,http://dbpedia.org/resource/House_music,House music,http://dbpedia.org/resource/Warner_Music_Group,Warner Music Group,,,10/27/2023
http://dbpedia.org/resource/Saving_Up,Saving Up,http://dbpedia.org/resource/Toby_Scott,Toby Scott,producer,,,http://dbpedia.org/resource/House_music,House music,http://dbpedia.org/resource/Sony_Music,Higher Ground Records,,,10/6/2023
http://dbpedia.org/resource/Pedestal_(Aiko_song),Pedestal (Aiko song),http://dbpedia.org/resource/Blood_Red_Shoes,Blood Red Shoes,producer,,,http://dbpedia.org/resource/Pop-punk,Pop-punk,http://dbpedia.org/resource/Independent_music,Independent music,,,3/21/2024
http://dbpedia.org/resource/Pedestal_(Aiko_song),Pedestal (Aiko song),http://dbpedia.org/resource/Blood_Red_Shoes,Blood Red Shoes,producer,,,http://dbpedia.org/resource/Pop-punk,Pop-punk,http://dbpedia.org/resource/Independent_music,Independent music,,,9/22/2023
http://dbpedia.org/resource/Pedestal_(Aiko_song),Pedestal (Aiko song),http://dbpedia.org/resource/Blood_Red_Shoes,Blood Red Shoes,producer,,,http://dbpedia.org/resource/Pop_rock,Pop rock,http://dbpedia.org/resource/Independent_music,Independent music,,,9/22/2023
http://dbpedia.org/resource/Pedestal_(Aiko_song),Pedestal (Aiko song),http://dbpedia.org/resource/Blood_Red_Shoes,Blood Red Shoes,producer,,,http://dbpedia.org/resource/Pop_rock,Pop rock,http://dbpedia.org/resource/Independent_music,Independent music,,,3/21/2024
http://dbpedia.org/resource/Home_Tonight_/_In_a_Hurry,Home Tonight / In a Hurry,http://dbpedia.org/resource/Paul_McCartney,Paul McCartney,producer,,,http://dbpedia.org/resource/Rock_music,Rock music,http://dbpedia.org/resource/Capitol_Records,Capitol Records,,,11/22/2019
http://dbpedia.org/resource/Kizuna_no_Kiseki,Kizuna no Kiseki,http://dbpedia.org/resource/Man_with_a_Mission,Man with a Mission,producer,,,http://dbpedia.org/resource/Rock_music,Rock music,http://dbpedia.org/resource/Sony_Music_Entertainment_Japan,Sony Music Entertainment Japan,,,5/31/2023
http://dbpedia.org/resource/Saving_Up,Saving Up,http://dbpedia.org/resource/Toby_Scott,Toby Scott,producer,,,http://dbpedia.org/resource/Disco,Disco,http://dbpedia.org/resource/Sony_Music,Sony Music UK,,,10/6/2023
http://dbpedia.org/resource/Saving_Up,Saving Up,http://dbpedia.org/resource/Toby_Scott,Toby Scott,producer,,,http://dbpedia.org/resource/Disco,Disco,http://dbpedia.org/resource/Sony_Music,Sony Music,,,10/6/2023
http://dbpedia.org/resource/Saving_Up,Saving Up,http://dbpedia.org/resource/Toby_Scott,Toby Scott,producer,,,http://dbpedia.org/resource/Disco,Disco,http://dbpedia.org/resource/Sony_Music,Higher Ground Records,,,10/6/2023
http://dbpedia.org/resource/Saving_Up,Saving Up,http://dbpedia.org/resource/Toby_Scott,Toby Scott,producer,,,http://dbpedia.org/resource/Disco,Disco,http://dbpedia.org/resource/Sony_Music,Sony Music Canada,,,10/6/2023
http://dbpedia.org/resource/Big_FU,Big FU,http://dbpedia.org/resource/Johnny_Goldstein,Johnny Goldstein,producer,,,http://dbpedia.org/resource/Hip_house,Hip house,http://dbpedia.org/resource/Warner_Music_Group,Warner Music Group,,,10/27/2023
http://dbpedia.org/resource/Big_FU,Big FU,http://dbpedia.org/resource/David_Guetta,David Guetta,producer,,,http://dbpedia.org/resource/Hip_house,Hip house,http://dbpedia.org/resource/Warner_Music_Group,Warner Music Group,,,10/27/2023
http://dbpedia.org/resource/Akatsuki_no_Requiem,Akatsuki no Requiem,http://dbpedia.org/resource/Sound_Horizon,Sound Horizon,producer,,,http://dbpedia.org/resource/Anime_song,Anime song,http://dbpedia.org/resource/Pony_Canyon,Pony Canyon,,,9/19/2018
http://dbpedia.org/resource/Overdrive_(Ofenbach_song),Overdrive (Ofenbach song),http://dbpedia.org/resource/Jen_Jis,Jen Jis,producer,,,,,http://dbpedia.org/resource/Elektra_France,Elektra France,,,10/6/2023
http://dbpedia.org/resource/Bon_ton_(song),Bon ton (song),http://dbpedia.org/resource/Drillionaire,Drillionaire,producer,,,,,http://dbpedia.org/resource/Island_Records,Island Records,,,6/23/2023
http://dbpedia.org/resource/Bon_ton_(song),Bon ton (song),http://dbpedia.org/resource/Drillionaire,Drillionaire,producer,,,,,http://dbpedia.org/resource/Universal_Music_Group,Universal Music Group,,,6/23/2023
http://dbpedia.org/resource/Hana_(Fujii_Kaze_song),Hana (Fujii Kaze song),http://dbpedia.org/resource/A._G._Cook,A. G. Cook,producer,,,,,http://dbpedia.org/resource/Universal_Music_Japan,Universal Music Japan,,,10/13/2023
http://dbpedia.org/resource/Ahead_of_Our_Time_(song),Ahead of Our Time (song),http://dbpedia.org/resource/Pilot_Speed,Pilot Speed,producer,http://dbpedia.org/resource/Ahead_of_Our_Time,Ahead of Our Time,http://dbpedia.org/resource/Country_music,Country music,,,,,11/6/2023
http://dbpedia.org/resource/Always_Beside_You,Always Beside You,http://dbpedia.org/resource/Six60,Six60,producer,http://dbpedia.org/resource/Coterie_(album),Coterie (album),http://dbpedia.org/resource/Dub_music,Dub music,,,,,12/9/2022
http://dbpedia.org/resource/Always_Beside_You,Always Beside You,http://dbpedia.org/resource/Coterie_(band),Coterie (band),producer,http://dbpedia.org/resource/Coterie_(album),Coterie (album),http://dbpedia.org/resource/Dub_music,Dub music,,,,,12/9/2022
http://dbpedia.org/resource/Always_Beside_You,Always Beside You,http://dbpedia.org/resource/Six60,Six60,producer,http://dbpedia.org/resource/Coterie_(album),Coterie (album),http://dbpedia.org/resource/Pop_music,Pop music,,,,,12/9/2022
http://dbpedia.org/resource/Always_Beside_You,Always Beside You,http://dbpedia.org/resource/Coterie_(band),Coterie (band),producer,http://dbpedia.org/resource/Coterie_(album),Coterie (album),http://dbpedia.org/resource/Pop_music,Pop music,,,,,12/9/2022
http://dbpedia.org/resource/Always_Beside_You,Always Beside You,http://dbpedia.org/resource/Six60,Six60,producer,http://dbpedia.org/resource/Coterie_(album),Coterie (album),http://dbpedia.org/resource/Reggae,Reggae,,,,,12/9/2022
http://dbpedia.org/resource/Always_Beside_You,Always Beside You,http://dbpedia.org/resource/Coterie_(band),Coterie (band),producer,http://dbpedia.org/resource/Coterie_(album),Coterie (album),http://dbpedia.org/resource/Reggae,Reggae,,,,,12/9/2022
http://dbpedia.org/resource/Ritual_(Within_Temptation_song),Ritual (Within Temptation song),http://dbpedia.org/resource/Within_Temptation,Within Temptation,producer,http://dbpedia.org/resource/Bleed_Out_(Within_Temptation_album),Bleed Out (Within Temptation album),,,,,,,9/29/2023
http://dbpedia.org/resource/Conflicted_(song),Conflicted (song),http://dbpedia.org/resource/Tre_Nagella,Tre Nagella,producer,http://dbpedia.org/resource/Symphony_of_Sinners_&_Saints,Symphony of Sinners & Saints,,,,,,,2/26/2021
"http://dbpedia.org/resource/Beer_Beer,_Truck_Truck","Beer Beer, Truck Truck",http://dbpedia.org/resource/Ash_Bowers,Ash Bowers,producer,,,http://dbpedia.org/resource/Country_music,Country music,,,,,6/18/2021
http://dbpedia.org/resource/Mind_on_You_(George_Birge_song),Mind on You (George Birge song),http://dbpedia.org/resource/Ash_Bowers,Ash Bowers,producer,,,http://dbpedia.org/resource/Country_music,Country music,,,,,10/17/2022
"http://dbpedia.org/resource/Make_Me_Say_It_Again,_Girl_(song)","Make Me Say It Again, Girl (song)",http://dbpedia.org/resource/The_Isley_Brothers,The Isley Brothers,producer,,,http://dbpedia.org/resource/Soul_music,Soul music,,,,,8/12/2022
http://dbpedia.org/resource/COCO_(song),COCO (song),http://dbpedia.org/resource/DallasK,DallasK,producer,,,,,,,,,1/27/2022
http://dbpedia.org/resource/Find_My_Way_(Paul_McCartney_song)__Find_My_Way__1,,http://dbpedia.org/resource/Beck,Beck,producer,http://dbpedia.org/resource/McCartney_III_Imagined,McCartney III Imagined,http://dbpedia.org/resource/Funk,Funk,http://dbpedia.org/resource/Capitol_Records,Capitol Records,http://dbpedia.org/resource/United_States_women's_national_soccer_team,United States women's national soccer team,3/25/2021
http://dbpedia.org/resource/Find_My_Way_(Paul_McCartney_song)__Find_My_Way__1,,http://dbpedia.org/resource/Beck,Beck,producer,http://dbpedia.org/resource/McCartney_III_Imagined,McCartney III Imagined,http://dbpedia.org/resource/Funk,Funk,http://dbpedia.org/resource/Capitol_Records,Capitol Records,http://dbpedia.org/resource/United_States,United States,3/25/2021
http://dbpedia.org/resource/Hadsa__Hadsa__1,,http://dbpedia.org/resource/Wajahat_Rauf,Wajahat Rauf,producer,,,,,http://dbpedia.org/resource/Geo_Entertainment,Geo Entertainment,http://dbpedia.org/resource/Pakistan,Pakistan,8/24/2023
http://dbpedia.org/resource/Hadsa__Hadsa__1,,http://dbpedia.org/resource/Wajahat_Rauf,Wajahat Rauf,producer,,,,,http://dbpedia.org/resource/Geo_Entertainment,Geo Entertainment,http://dbpedia.org/resource/Pakistan,Pakistan,8/24/2023
http://dbpedia.org/resource/Cough_(Odo)__Cough_Remix__1,,http://dbpedia.org/resource/Blaisebeatz,Blaisebeatz,producer,http://dbpedia.org/resource/Maverick_(Kizz_Daniel_album),Maverick (Kizz Daniel album),http://dbpedia.org/resource/African_popular_music,African popular music,http://dbpedia.org/resource/Empire_Distribution,Empire Distribution,,,7/21/2023
http://dbpedia.org/resource/Hadsa__Hadsa__1,,http://dbpedia.org/resource/Shazia_Wajahat,Shazia Wajahat,producer,,,,,http://dbpedia.org/resource/Geo_Entertainment,Geo Entertainment,,,8/24/2023
http://dbpedia.org/resource/Akwaba,Akwaba,http://dbpedia.org/resource/Dany_Synthé,,producer,,,http://dbpedia.org/resource/African_popular_music,African popular music,http://dbpedia.org/resource/Universal_Music_Africa,Universal Music Africa,,,10/13/2023
