song,songLabel,contributor,contributorLabel,role,album,albumLabel,genre,genreLabel,recordLabel,recordLabelLabel,country,countryLabel,releaseDate
http://www.wikidata.org/entity/Q59285479,Nothing Breaks Like a Heart,http://www.wikidata.org/entity/Q4235,Miley Cyrus,lyricist,,,http://www.wikidata.org/entity/Q83440,country music,http://www.wikidata.org/entity/Q202585,RCA Records,http://www.wikidata.org/entity/Q30,United States,
http://www.wikidata.org/entity/Q25067061,Les Mots,http://www.wikidata.org/entity/Q1716,Renaud,lyricist,,,http://www.wikidata.org/entity/Q1062400,chanson,http://www.wikidata.org/entity/Q208909,Parlophone,http://www.wikidata.org/entity/Q142,France,
http://www.wikidata.org/entity/Q58895468,Say My Name,http://www.wikidata.org/entity/Q8298,David Guetta,producer,,,http://www.wikidata.org/entity/Q211756,dance-pop,http://www.wikidata.org/entity/Q202440,Atlantic Records,http://www.wikidata.org/entity/Q142,France,
http://www.wikidata.org/entity/Q58895468,Say My Name,http://www.wikidata.org/entity/Q8298,David Guetta,producer,,,http://www.wikidata.org/entity/Q211756,dance-pop,http://www.wikidata.org/entity/Q208909,Parlophone,http://www.wikidata.org/entity/Q142,France,
http://www.wikidata.org/entity/Q58895468,Say My Name,http://www.wikidata.org/entity/Q8298,David Guetta,producer,,,http://www.wikidata.org/entity/Q211756,dance-pop,http://www.wikidata.org/entity/Q843402,Warner Bros. Records,http://www.wikidata.org/entity/Q142,France,
http://www.wikidata.org/entity/Q58895468,Say My Name,http://www.wikidata.org/entity/Q8298,David Guetta,producer,,,http://www.wikidata.org/entity/Q211756,dance-pop,http://www.wikidata.org/entity/Q62554847,What a Music,http://www.wikidata.org/entity/Q142,France,
http://www.wikidata.org/entity/Q55603669,All Mine,http://www.wikidata.org/entity/Q15935,Kanye West,producer,,,http://www.wikidata.org/entity/Q11401,hip-hop,http://www.wikidata.org/entity/Q1142456,GOOD Music,http://www.wikidata.org/entity/Q30,United States,
http://www.wikidata.org/entity/Q27677387,Better Man,http://www.wikidata.org/entity/Q26876,Taylor Swift,producer,http://www.wikidata.org/entity/Q28452576,The Breaker,http://www.wikidata.org/entity/Q83440,country music,http://www.wikidata.org/entity/Q1391770,Lost Highway,http://www.wikidata.org/entity/Q30,United States,
http://www.wikidata.org/entity/Q27677387,Better Man,http://www.wikidata.org/entity/Q26876,Taylor Swift,producer,http://www.wikidata.org/entity/Q28452576,The Breaker,http://www.wikidata.org/entity/Q83440,country music,http://www.wikidata.org/entity/Q4413456,Republic Records,http://www.wikidata.org/entity/Q30,United States,
http://www.wikidata.org/entity/Q27677387,Better Man,http://www.wikidata.org/entity/Q26876,Taylor Swift,producer,http://www.wikidata.org/entity/Q28452576,The Breaker,http://www.wikidata.org/entity/Q83440,country music,http://www.wikidata.org/entity/Q5035920,Capitol Records Nashville,http://www.wikidata.org/entity/Q30,United States,
http://www.wikidata.org/entity/Q23853630,Let Me Love You,http://www.wikidata.org/entity/Q15615,Lil Wayne,lyricist,,,http://www.wikidata.org/entity/Q850412,contemporary R&B,http://www.wikidata.org/entity/Q4413456,Republic Records,http://www.wikidata.org/entity/Q30,United States,
http://www.wikidata.org/entity/Q22043182,Send My Love (To Your New Lover),http://www.wikidata.org/entity/Q23215,Adele,lyricist,,,http://www.wikidata.org/entity/Q37073,pop music,http://www.wikidata.org/entity/Q1123947,XL Recordings,http://www.wikidata.org/entity/Q145,United Kingdom,
http://www.wikidata.org/entity/Q22043182,Send My Love (To Your New Lover),http://www.wikidata.org/entity/Q23215,Adele,lyricist,,,http://www.wikidata.org/entity/Q850412,contemporary R&B,http://www.wikidata.org/entity/Q1123947,XL Recordings,http://www.wikidata.org/entity/Q145,United Kingdom,
http://www.wikidata.org/entity/Q22682112,River Lea,http://www.wikidata.org/entity/Q23215,Adele,lyricist,,,http://www.wikidata.org/entity/Q180268,gospel music,http://www.wikidata.org/entity/Q1123947,XL Recordings,http://www.wikidata.org/entity/Q145,United Kingdom,
http://www.wikidata.org/entity/Q28452723,Make Me (Cry),http://www.wikidata.org/entity/Q48959,Labrinth,producer,,,http://www.wikidata.org/entity/Q217597,electro,http://www.wikidata.org/entity/Q4413456,Republic Records,http://www.wikidata.org/entity/Q145,United Kingdom,
http://www.wikidata.org/entity/Q25067061,Les Mots,http://www.wikidata.org/entity/Q1716,Renaud,performer,,,http://www.wikidata.org/entity/Q1062400,chanson,http://www.wikidata.org/entity/Q208909,Parlophone,http://www.wikidata.org/entity/Q142,France,
http://www.wikidata.org/entity/Q25218224,All Night,http://www.wikidata.org/entity/Q36153,Beyoncé,lyricist,,,http://www.wikidata.org/entity/Q850412,contemporary R&B,http://www.wikidata.org/entity/Q7138835,Parkwood Entertainment,http://www.wikidata.org/entity/Q30,United States,
http://www.wikidata.org/entity/Q22918941,New Romantics,http://www.wikidata.org/entity/Q26876,Taylor Swift,lyricist,http://www.wikidata.org/entity/Q17544553,1989,http://www.wikidata.org/entity/Q1298934,synth-pop,http://www.wikidata.org/entity/Q2902300,Big Machine Records,http://www.wikidata.org/entity/Q30,United States,
http://www.wikidata.org/entity/Q22918941,New Romantics,http://www.wikidata.org/entity/Q26876,Taylor Swift,lyricist,http://www.wikidata.org/entity/Q17544553,1989,http://www.wikidata.org/entity/Q1298934,synth-pop,http://www.wikidata.org/entity/Q4413456,Republic Records,http://www.wikidata.org/entity/Q30,United States,
http://www.wikidata.org/entity/Q27677387,Better Man,http://www.wikidata.org/entity/Q26876,Taylor Swift,lyricist,http://www.wikidata.org/entity/Q28452576,The Breaker,http://www.wikidata.org/entity/Q83440,country music,http://www.wikidata.org/entity/Q1391770,Lost Highway,http://www.wikidata.org/entity/Q30,United States,
http://www.wikidata.org/entity/Q27677387,Better Man,http://www.wikidata.org/entity/Q26876,Taylor Swift,lyricist,http://www.wikidata.org/entity/Q28452576,The Breaker,http://www.wikidata.org/entity/Q83440,country music,http://www.wikidata.org/entity/Q4413456,Republic Records,http://www.wikidata.org/entity/Q30,United States,
http://www.wikidata.org/entity/Q27677387,Better Man,http://www.wikidata.org/entity/Q26876,Taylor Swift,lyricist,http://www.wikidata.org/entity/Q28452576,The Breaker,http://www.wikidata.org/entity/Q83440,country music,http://www.wikidata.org/entity/Q5035920,Capitol Records Nashville,http://www.wikidata.org/entity/Q30,United States,
http://www.wikidata.org/entity/Q27988136,I Don't Wanna Live Forever,http://www.wikidata.org/entity/Q26876,Taylor Swift,lyricist,,,http://www.wikidata.org/entity/Q188450,electropop,http://www.wikidata.org/entity/Q38903,Universal Music Group,http://www.wikidata.org/entity/Q30,United States,
http://www.wikidata.org/entity/Q27988136,I Don't Wanna Live Forever,http://www.wikidata.org/entity/Q26876,Taylor Swift,lyricist,,,http://www.wikidata.org/entity/Q217597,electro,http://www.wikidata.org/entity/Q38903,Universal Music Group,http://www.wikidata.org/entity/Q30,United States,
http://www.wikidata.org/entity/Q27988136,I Don't Wanna Live Forever,http://www.wikidata.org/entity/Q26876,Taylor Swift,lyricist,,,http://www.wikidata.org/entity/Q850412,contemporary R&B,http://www.wikidata.org/entity/Q38903,Universal Music Group,http://www.wikidata.org/entity/Q30,United States,
http://www.wikidata.org/entity/Q28133090,Castle on the Hill,http://www.wikidata.org/entity/Q47447,Ed Sheeran,lyricist,http://www.wikidata.org/entity/Q28133332,÷,http://www.wikidata.org/entity/Q484641,pop rock,http://www.wikidata.org/entity/Q1998195,Asylum Records,http://www.wikidata.org/entity/Q145,United Kingdom,
http://www.wikidata.org/entity/Q59285479,Nothing Breaks Like a Heart,http://www.wikidata.org/entity/Q4235,Miley Cyrus,performer,,,http://www.wikidata.org/entity/Q83440,country music,http://www.wikidata.org/entity/Q202585,RCA Records,http://www.wikidata.org/entity/Q30,United States,
http://www.wikidata.org/entity/Q918493,Skyscraper,http://www.wikidata.org/entity/Q106567,Toby Gad,lyricist,,,http://www.wikidata.org/entity/Q37073,pop music,http://www.wikidata.org/entity/Q387539,Hollywood Records,http://www.wikidata.org/entity/Q183,Germany,
http://www.wikidata.org/entity/Q27988136,I Don't Wanna Live Forever,http://www.wikidata.org/entity/Q151304,Jack Antonoff,lyricist,,,http://www.wikidata.org/entity/Q188450,electropop,http://www.wikidata.org/entity/Q38903,Universal Music Group,http://www.wikidata.org/entity/Q30,United States,
http://www.wikidata.org/entity/Q27988136,I Don't Wanna Live Forever,http://www.wikidata.org/entity/Q151304,Jack Antonoff,lyricist,,,http://www.wikidata.org/entity/Q217597,electro,http://www.wikidata.org/entity/Q38903,Universal Music Group,http://www.wikidata.org/entity/Q30,United States,
http://www.wikidata.org/entity/Q27988136,I Don't Wanna Live Forever,http://www.wikidata.org/entity/Q151304,Jack Antonoff,lyricist,,,http://www.wikidata.org/entity/Q850412,contemporary R&B,http://www.wikidata.org/entity/Q38903,Universal Music Group,http://www.wikidata.org/entity/Q30,United States,
http://www.wikidata.org/entity/Q23853630,Let Me Love You,http://www.wikidata.org/entity/Q151892,Ariana Grande,lyricist,,,http://www.wikidata.org/entity/Q850412,contemporary R&B,http://www.wikidata.org/entity/Q4413456,Republic Records,http://www.wikidata.org/entity/Q30,United States,
http://www.wikidata.org/entity/Q58895468,Say My Name,http://www.wikidata.org/entity/Q8298,David Guetta,performer,,,http://www.wikidata.org/entity/Q211756,dance-pop,http://www.wikidata.org/entity/Q202440,Atlantic Records,http://www.wikidata.org/entity/Q142,France,
http://www.wikidata.org/entity/Q58895468,Say My Name,http://www.wikidata.org/entity/Q8298,David Guetta,performer,,,http://www.wikidata.org/entity/Q211756,dance-pop,http://www.wikidata.org/entity/Q208909,Parlophone,http://www.wikidata.org/entity/Q142,France,
http://www.wikidata.org/entity/Q58895468,Say My Name,http://www.wikidata.org/entity/Q8298,David Guetta,performer,,,http://www.wikidata.org/entity/Q211756,dance-pop,http://www.wikidata.org/entity/Q843402,Warner Bros. Records,http://www.wikidata.org/entity/Q142,France,
http://www.wikidata.org/entity/Q58895468,Say My Name,http://www.wikidata.org/entity/Q8298,David Guetta,performer,,,http://www.wikidata.org/entity/Q211756,dance-pop,http://www.wikidata.org/entity/Q62554847,What a Music,http://www.wikidata.org/entity/Q142,France,
http://www.wikidata.org/entity/Q23017971,Try Everything,http://www.wikidata.org/entity/Q181484,Sia,lyricist,,,http://www.wikidata.org/entity/Q37073,pop music,http://www.wikidata.org/entity/Q54860,Walt Disney Records,http://www.wikidata.org/entity/Q408,Australia,
http://www.wikidata.org/entity/Q28131843,Move Your Body,http://www.wikidata.org/entity/Q181484,Sia,lyricist,,,http://www.wikidata.org/entity/Q37073,pop music,http://www.wikidata.org/entity/Q202585,RCA Records,http://www.wikidata.org/entity/Q408,Australia,
http://www.wikidata.org/entity/Q28131843,Move Your Body,http://www.wikidata.org/entity/Q181484,Sia,lyricist,,,http://www.wikidata.org/entity/Q211756,dance-pop,http://www.wikidata.org/entity/Q202585,RCA Records,http://www.wikidata.org/entity/Q408,Australia,
http://www.wikidata.org/entity/Q22043182,Send My Love (To Your New Lover),http://www.wikidata.org/entity/Q23215,Adele,composer,,,http://www.wikidata.org/entity/Q37073,pop music,http://www.wikidata.org/entity/Q1123947,XL Recordings,http://www.wikidata.org/entity/Q145,United Kingdom,
http://www.wikidata.org/entity/Q22043182,Send My Love (To Your New Lover),http://www.wikidata.org/entity/Q23215,Adele,composer,,,http://www.wikidata.org/entity/Q850412,contemporary R&B,http://www.wikidata.org/entity/Q1123947,XL Recordings,http://www.wikidata.org/entity/Q145,United Kingdom,
http://www.wikidata.org/entity/Q58412573,Baby,http://www.wikidata.org/entity/Q234174,Marina Diamandis,lyricist,,,http://www.wikidata.org/entity/Q9778,electronic music,http://www.wikidata.org/entity/Q202440,Atlantic Records,http://www.wikidata.org/entity/Q41,Greece,
http://www.wikidata.org/entity/Q58412573,Baby,http://www.wikidata.org/entity/Q234174,Marina Diamandis,lyricist,,,http://www.wikidata.org/entity/Q547137,Latin pop,http://www.wikidata.org/entity/Q202440,Atlantic Records,http://www.wikidata.org/entity/Q41,Greece,
http://www.wikidata.org/entity/Q58412573,Baby,http://www.wikidata.org/entity/Q234174,Marina Diamandis,lyricist,,,http://www.wikidata.org/entity/Q9778,electronic music,http://www.wikidata.org/entity/Q202440,Atlantic Records,http://www.wikidata.org/entity/Q145,United Kingdom,
http://www.wikidata.org/entity/Q58412573,Baby,http://www.wikidata.org/entity/Q234174,Marina Diamandis,lyricist,,,http://www.wikidata.org/entity/Q547137,Latin pop,http://www.wikidata.org/entity/Q202440,Atlantic Records,http://www.wikidata.org/entity/Q145,United Kingdom,
http://www.wikidata.org/entity/Q23853630,Let Me Love You,http://www.wikidata.org/entity/Q15615,Lil Wayne,performer,,,http://www.wikidata.org/entity/Q850412,contemporary R&B,http://www.wikidata.org/entity/Q4413456,Republic Records,http://www.wikidata.org/entity/Q30,United States,
http://www.wikidata.org/entity/Q918493,Skyscraper,http://www.wikidata.org/entity/Q106567,Toby Gad,producer,,,http://www.wikidata.org/entity/Q37073,pop music,http://www.wikidata.org/entity/Q387539,Hollywood Records,http://www.wikidata.org/entity/Q183,Germany,
http://www.wikidata.org/entity/Q22918941,New Romantics,http://www.wikidata.org/entity/Q286501,Shellback,lyricist,http://www.wikidata.org/entity/Q17544553,1989,http://www.wikidata.org/entity/Q1298934,synth-pop,http://www.wikidata.org/entity/Q2902300,Big Machine Records,http://www.wikidata.org/entity/Q34,Sweden,
http://www.wikidata.org/entity/Q22918941,New Romantics,http://www.wikidata.org/entity/Q286501,Shellback,lyricist,http://www.wikidata.org/entity/Q17544553,1989,http://www.wikidata.org/entity/Q1298934,synth-pop,http://www.wikidata.org/entity/Q4413456,Republic Records,http://www.wikidata.org/entity/Q34,Sweden,
http://www.wikidata.org/entity/Q3640789,Blackbird,http://www.wikidata.org/entity/Q289003,Myles Kennedy,lyricist,,,http://www.wikidata.org/entity/Q38848,heavy metal music,http://www.wikidata.org/entity/Q693194,Napalm Records,http://www.wikidata.org/entity/Q30,United States,
http://www.wikidata.org/entity/Q3640789,Blackbird,http://www.wikidata.org/entity/Q289003,Myles Kennedy,lyricist,,,http://www.wikidata.org/entity/Q38848,heavy metal music,http://www.wikidata.org/entity/Q1025106,Universal Republic Records,http://www.wikidata.org/entity/Q30,United States,
http://www.wikidata.org/entity/Q60835823,L'Étincelle,http://www.wikidata.org/entity/Q289556,Étienne Daho,lyricist,,,http://www.wikidata.org/entity/Q1062400,chanson,,,http://www.wikidata.org/entity/Q142,France,
http://www.wikidata.org/entity/Q19264075,Wolves,http://www.wikidata.org/entity/Q15935,Kanye West,performer,,,http://www.wikidata.org/entity/Q11401,hip-hop,,,http://www.wikidata.org/entity/Q30,United States,
http://www.wikidata.org/entity/Q55603669,All Mine,http://www.wikidata.org/entity/Q15935,Kanye West,performer,,,http://www.wikidata.org/entity/Q11401,hip-hop,http://www.wikidata.org/entity/Q1142456,GOOD Music,http://www.wikidata.org/entity/Q30,United States,
http://www.wikidata.org/entity/Q60754222,Mama,http://www.wikidata.org/entity/Q15935,Kanye West,performer,http://www.wikidata.org/entity/Q59247684,Dummy Boy,,,,,http://www.wikidata.org/entity/Q30,United States,
http://www.wikidata.org/entity/Q22043182,Send My Love (To Your New Lover),http://www.wikidata.org/entity/Q318223,Max Martin,lyricist,,,http://www.wikidata.org/entity/Q37073,pop music,http://www.wikidata.org/entity/Q1123947,XL Recordings,http://www.wikidata.org/entity/Q34,Sweden,
http://www.wikidata.org/entity/Q22043182,Send My Love (To Your New Lover),http://www.wikidata.org/entity/Q318223,Max Martin,lyricist,,,http://www.wikidata.org/entity/Q850412,contemporary R&B,http://www.wikidata.org/entity/Q1123947,XL Recordings,http://www.wikidata.org/entity/Q34,Sweden,
http://www.wikidata.org/entity/Q22918941,New Romantics,http://www.wikidata.org/entity/Q318223,Max Martin,lyricist,http://www.wikidata.org/entity/Q17544553,1989,http://www.wikidata.org/entity/Q1298934,synth-pop,http://www.wikidata.org/entity/Q2902300,Big Machine Records,http://www.wikidata.org/entity/Q34,Sweden,
http://www.wikidata.org/entity/Q22918941,New Romantics,http://www.wikidata.org/entity/Q318223,Max Martin,lyricist,http://www.wikidata.org/entity/Q17544553,1989,http://www.wikidata.org/entity/Q1298934,synth-pop,http://www.wikidata.org/entity/Q4413456,Republic Records,http://www.wikidata.org/entity/Q34,Sweden,
http://www.wikidata.org/entity/Q1617897,Higher Love,http://www.wikidata.org/entity/Q314397,Steve Winwood,lyricist,,,http://www.wikidata.org/entity/Q37073,pop music,http://www.wikidata.org/entity/Q190585,Island Records,http://www.wikidata.org/entity/Q145,United Kingdom,
http://www.wikidata.org/entity/Q55773378,Don't Go Breaking My Heart,http://www.wikidata.org/entity/Q17140,Backstreet Boys,performer,,,http://www.wikidata.org/entity/Q211756,dance-pop,http://www.wikidata.org/entity/Q202585,RCA Records,,,
http://www.wikidata.org/entity/Q27988136,I Don't Wanna Live Forever,http://www.wikidata.org/entity/Q151304,Jack Antonoff,producer,,,http://www.wikidata.org/entity/Q188450,electropop,http://www.wikidata.org/entity/Q38903,Universal Music Group,http://www.wikidata.org/entity/Q30,United States,
http://www.wikidata.org/entity/Q27988136,I Don't Wanna Live Forever,http://www.wikidata.org/entity/Q151304,Jack Antonoff,producer,,,http://www.wikidata.org/entity/Q217597,electro,http://www.wikidata.org/entity/Q38903,Universal Music Group,http://www.wikidata.org/entity/Q30,United States,
http://www.wikidata.org/entity/Q27988136,I Don't Wanna Live Forever,http://www.wikidata.org/entity/Q151304,Jack Antonoff,producer,,,http://www.wikidata.org/entity/Q850412,contemporary R&B,http://www.wikidata.org/entity/Q38903,Universal Music Group,http://www.wikidata.org/entity/Q30,United States,
http://www.wikidata.org/entity/Q23762945,Ain't Your Mama,http://www.wikidata.org/entity/Q350588,Dr. Luke,lyricist,,,http://www.wikidata.org/entity/Q37073,pop music,http://www.wikidata.org/entity/Q216364,Epic Records,http://www.wikidata.org/entity/Q30,United States,
http://www.wikidata.org/entity/Q23762945,Ain't Your Mama,http://www.wikidata.org/entity/Q350588,Dr. Luke,lyricist,,,http://www.wikidata.org/entity/Q37073,pop music,http://www.wikidata.org/entity/Q7070690,Nuyorican Productions,http://www.wikidata.org/entity/Q30,United States,
http://www.wikidata.org/entity/Q55955426,"1, 2, 3!",http://www.wikidata.org/entity/Q428490,Seungri,lyricist,,,http://www.wikidata.org/entity/Q211756,dance-pop,http://www.wikidata.org/entity/Q50595,YG Entertainment,http://www.wikidata.org/entity/Q884,South Korea,
http://www.wikidata.org/entity/Q55955426,"1, 2, 3!",http://www.wikidata.org/entity/Q428490,Seungri,lyricist,,,http://www.wikidata.org/entity/Q213665,K-pop,http://www.wikidata.org/entity/Q50595,YG Entertainment,http://www.wikidata.org/entity/Q884,South Korea,
http://www.wikidata.org/entity/Q22712616,Nessun grado di separazione,http://www.wikidata.org/entity/Q439571,Francesca Michielin,lyricist,,,http://www.wikidata.org/entity/Q37073,pop music,http://www.wikidata.org/entity/Q330629,Sony Music,http://www.wikidata.org/entity/Q38,Italy,
http://www.wikidata.org/entity/Q22043182,Send My Love (To Your New Lover),http://www.wikidata.org/entity/Q23215,Adele,performer,,,http://www.wikidata.org/entity/Q37073,pop music,http://www.wikidata.org/entity/Q1123947,XL Recordings,http://www.wikidata.org/entity/Q145,United Kingdom,
http://www.wikidata.org/entity/Q22043182,Send My Love (To Your New Lover),http://www.wikidata.org/entity/Q23215,Adele,performer,,,http://www.wikidata.org/entity/Q850412,contemporary R&B,http://www.wikidata.org/entity/Q1123947,XL Recordings,http://www.wikidata.org/entity/Q145,United Kingdom,
http://www.wikidata.org/entity/Q22682112,River Lea,http://www.wikidata.org/entity/Q23215,Adele,performer,,,http://www.wikidata.org/entity/Q180268,gospel music,http://www.wikidata.org/entity/Q1123947,XL Recordings,http://www.wikidata.org/entity/Q145,United Kingdom,
http://www.wikidata.org/entity/Q52735332,Naked in My Cellar,http://www.wikidata.org/entity/Q23471,Lordi,performer,,,,,http://www.wikidata.org/entity/Q292128,AFM Records,,,
http://www.wikidata.org/entity/Q23853630,Let Me Love You,http://www.wikidata.org/entity/Q472891,Jeremih,lyricist,,,http://www.wikidata.org/entity/Q850412,contemporary R&B,http://www.wikidata.org/entity/Q4413456,Republic Records,http://www.wikidata.org/entity/Q30,United States,
http://www.wikidata.org/entity/Q28872901,How I Like It,http://www.wikidata.org/entity/Q26058,James Maslow,performer,,,http://www.wikidata.org/entity/Q37073,pop music,,,http://www.wikidata.org/entity/Q30,United States,
http://www.wikidata.org/entity/Q22918941,New Romantics,http://www.wikidata.org/entity/Q26876,Taylor Swift,performer,http://www.wikidata.org/entity/Q17544553,1989,http://www.wikidata.org/entity/Q1298934,synth-pop,http://www.wikidata.org/entity/Q2902300,Big Machine Records,http://www.wikidata.org/entity/Q30,United States,
http://www.wikidata.org/entity/Q22918941,New Romantics,http://www.wikidata.org/entity/Q26876,Taylor Swift,performer,http://www.wikidata.org/entity/Q17544553,1989,http://www.wikidata.org/entity/Q1298934,synth-pop,http://www.wikidata.org/entity/Q4413456,Republic Records,http://www.wikidata.org/entity/Q30,United States,
http://www.wikidata.org/entity/Q27677387,Better Man,http://www.wikidata.org/entity/Q26876,Taylor Swift,performer,http://www.wikidata.org/entity/Q28452576,The Breaker,http://www.wikidata.org/entity/Q83440,country music,http://www.wikidata.org/entity/Q1391770,Lost Highway,http://www.wikidata.org/entity/Q30,United States,
http://www.wikidata.org/entity/Q27677387,Better Man,http://www.wikidata.org/entity/Q26876,Taylor Swift,performer,http://www.wikidata.org/entity/Q28452576,The Breaker,http://www.wikidata.org/entity/Q83440,country music,http://www.wikidata.org/entity/Q4413456,Republic Records,http://www.wikidata.org/entity/Q30,United States,
http://www.wikidata.org/entity/Q27677387,Better Man,http://www.wikidata.org/entity/Q26876,Taylor Swift,performer,http://www.wikidata.org/entity/Q28452576,The Breaker,http://www.wikidata.org/entity/Q83440,country music,http://www.wikidata.org/entity/Q5035920,Capitol Records Nashville,http://www.wikidata.org/entity/Q30,United States,
http://www.wikidata.org/entity/Q27988136,I Don't Wanna Live Forever,http://www.wikidata.org/entity/Q26876,Taylor Swift,performer,,,http://www.wikidata.org/entity/Q188450,electropop,http://www.wikidata.org/entity/Q38903,Universal Music Group,http://www.wikidata.org/entity/Q30,United States,
http://www.wikidata.org/entity/Q27988136,I Don't Wanna Live Forever,http://www.wikidata.org/entity/Q26876,Taylor Swift,performer,,,http://www.wikidata.org/entity/Q217597,electro,http://www.wikidata.org/entity/Q38903,Universal Music Group,http://www.wikidata.org/entity/Q30,United States,
http://www.wikidata.org/entity/Q27988136,I Don't Wanna Live Forever,http://www.wikidata.org/entity/Q26876,Taylor Swift,performer,,,http://www.wikidata.org/entity/Q850412,contemporary R&B,http://www.wikidata.org/entity/Q38903,Universal Music Group,http://www.wikidata.org/entity/Q30,United States,
http://www.wikidata.org/entity/Q25218224,All Night,http://www.wikidata.org/entity/Q533781,Diplo,lyricist,,,http://www.wikidata.org/entity/Q850412,contemporary R&B,http://www.wikidata.org/entity/Q7138835,Parkwood Entertainment,http://www.wikidata.org/entity/Q30,United States,
http://www.wikidata.org/entity/Q52716099,Le Large,http://www.wikidata.org/entity/Q534940,La Grande Sophie,lyricist,,,http://www.wikidata.org/entity/Q3328660,middle of the road,http://www.wikidata.org/entity/Q208909,Parlophone,http://www.wikidata.org/entity/Q142,France,
http://www.wikidata.org/entity/Q52716099,Le Large,http://www.wikidata.org/entity/Q534940,La Grande Sophie,lyricist,,,http://www.wikidata.org/entity/Q3328660,middle of the road,http://www.wikidata.org/entity/Q3566342,Warner Music France,http://www.wikidata.org/entity/Q142,France,
http://www.wikidata.org/entity/Q57711739,Close to Me,http://www.wikidata.org/entity/Q31164,Ellie Goulding,performer,,,,,http://www.wikidata.org/entity/Q155152,Polydor,http://www.wikidata.org/entity/Q145,United Kingdom,
http://www.wikidata.org/entity/Q28935302,Spirit of the Night,http://www.wikidata.org/entity/Q665856,Ralph Siegel,lyricist,,,http://www.wikidata.org/entity/Q216961,Eurodance,,,http://www.wikidata.org/entity/Q183,Germany,
http://www.wikidata.org/entity/Q55695157,Stranger In The North,http://www.wikidata.org/entity/Q717075,Namewee,lyricist,,,http://www.wikidata.org/entity/Q11401,hip-hop,http://www.wikidata.org/entity/Q4828438,Avex Taiwan,http://www.wikidata.org/entity/Q833,Malaysia,
http://www.wikidata.org/entity/Q55695157,Stranger In The North,http://www.wikidata.org/entity/Q717075,Namewee,lyricist,,,http://www.wikidata.org/entity/Q973150,mandopop,http://www.wikidata.org/entity/Q4828438,Avex Taiwan,http://www.wikidata.org/entity/Q833,Malaysia,
http://www.wikidata.org/entity/Q26963266,Say You Won't Let Go,http://www.wikidata.org/entity/Q717626,James Arthur,lyricist,http://www.wikidata.org/entity/Q27622115,Back from the Edge,,,http://www.wikidata.org/entity/Q183387,Columbia Records,http://www.wikidata.org/entity/Q145,United Kingdom,
http://www.wikidata.org/entity/Q1617897,Higher Love,http://www.wikidata.org/entity/Q34389,Whitney Houston,performer,,,http://www.wikidata.org/entity/Q37073,pop music,http://www.wikidata.org/entity/Q190585,Island Records,http://www.wikidata.org/entity/Q30,United States,
http://www.wikidata.org/entity/Q23017971,Try Everything,http://www.wikidata.org/entity/Q34424,Shakira,performer,,,http://www.wikidata.org/entity/Q37073,pop music,http://www.wikidata.org/entity/Q54860,Walt Disney Records,http://www.wikidata.org/entity/Q29,Spain,
http://www.wikidata.org/entity/Q23017971,Try Everything,http://www.wikidata.org/entity/Q34424,Shakira,performer,,,http://www.wikidata.org/entity/Q37073,pop music,http://www.wikidata.org/entity/Q54860,Walt Disney Records,http://www.wikidata.org/entity/Q739,Colombia,
http://www.wikidata.org/entity/Q25218224,All Night,http://www.wikidata.org/entity/Q36153,Beyoncé,performer,,,http://www.wikidata.org/entity/Q850412,contemporary R&B,http://www.wikidata.org/entity/Q7138835,Parkwood Entertainment,http://www.wikidata.org/entity/Q30,United States,
http://www.wikidata.org/entity/Q26124205,Consideration,http://www.wikidata.org/entity/Q36844,Rihanna,performer,,,,,http://www.wikidata.org/entity/Q1194456,Roc Nation,http://www.wikidata.org/entity/Q244,Barbados,
http://www.wikidata.org/entity/Q26250171,Love on the Brain,http://www.wikidata.org/entity/Q36844,Rihanna,performer,,,http://www.wikidata.org/entity/Q131272,soul,http://www.wikidata.org/entity/Q654283,Def Jam Recordings,http://www.wikidata.org/entity/Q244,Barbados,
http://www.wikidata.org/entity/Q26250171,Love on the Brain,http://www.wikidata.org/entity/Q36844,Rihanna,performer,,,http://www.wikidata.org/entity/Q546359,doo-wop,http://www.wikidata.org/entity/Q654283,Def Jam Recordings,http://www.wikidata.org/entity/Q244,Barbados,
http://www.wikidata.org/entity/Q59779835,We Appreciate Power,http://www.wikidata.org/entity/Q117970,Grimes,composer,,,http://www.wikidata.org/entity/Q263734,nu metal,http://www.wikidata.org/entity/Q238095,4AD,http://www.wikidata.org/entity/Q16,Canada,
http://www.wikidata.org/entity/Q59779835,We Appreciate Power,http://www.wikidata.org/entity/Q117970,Grimes,composer,,,http://www.wikidata.org/entity/Q968730,industrial rock,http://www.wikidata.org/entity/Q238095,4AD,http://www.wikidata.org/entity/Q16,Canada,
http://www.wikidata.org/entity/Q23762945,Ain't Your Mama,http://www.wikidata.org/entity/Q40715,Jennifer Lopez,performer,,,http://www.wikidata.org/entity/Q37073,pop music,http://www.wikidata.org/entity/Q216364,Epic Records,http://www.wikidata.org/entity/Q30,United States,
http://www.wikidata.org/entity/Q23762945,Ain't Your Mama,http://www.wikidata.org/entity/Q40715,Jennifer Lopez,performer,,,http://www.wikidata.org/entity/Q37073,pop music,http://www.wikidata.org/entity/Q7070690,Nuyorican Productions,http://www.wikidata.org/entity/Q30,United States,
http://www.wikidata.org/entity/Q54178905,Live It Up,http://www.wikidata.org/entity/Q40096,Will Smith,performer,,,http://www.wikidata.org/entity/Q9794,reggae,http://www.wikidata.org/entity/Q38903,Universal Music Group,http://www.wikidata.org/entity/Q30,United States,
http://www.wikidata.org/entity/Q54178905,Live It Up,http://www.wikidata.org/entity/Q40096,Will Smith,performer,,,http://www.wikidata.org/entity/Q11401,hip-hop,http://www.wikidata.org/entity/Q38903,Universal Music Group,http://www.wikidata.org/entity/Q30,United States,
http://www.wikidata.org/entity/Q54178905,Live It Up,http://www.wikidata.org/entity/Q40096,Will Smith,performer,,,http://www.wikidata.org/entity/Q170611,techno,http://www.wikidata.org/entity/Q38903,Universal Music Group,http://www.wikidata.org/entity/Q30,United States,
http://www.wikidata.org/entity/Q54178905,Live It Up,http://www.wikidata.org/entity/Q40096,Will Smith,performer,,,http://www.wikidata.org/entity/Q202930,reggaeton,http://www.wikidata.org/entity/Q38903,Universal Music Group,http://www.wikidata.org/entity/Q30,United States,
http://www.wikidata.org/entity/Q54178905,Live It Up,http://www.wikidata.org/entity/Q40096,Will Smith,performer,,,http://www.wikidata.org/entity/Q211756,dance-pop,http://www.wikidata.org/entity/Q38903,Universal Music Group,http://www.wikidata.org/entity/Q30,United States,
http://www.wikidata.org/entity/Q54178905,Live It Up,http://www.wikidata.org/entity/Q40096,Will Smith,performer,,,http://www.wikidata.org/entity/Q2572585,pop rap,http://www.wikidata.org/entity/Q38903,Universal Music Group,http://www.wikidata.org/entity/Q30,United States,
http://www.wikidata.org/entity/Q54178905,Live It Up,http://www.wikidata.org/entity/Q40096,Will Smith,performer,,,http://www.wikidata.org/entity/Q9794,reggae,http://www.wikidata.org/entity/Q56760250,Sony Music,http://www.wikidata.org/entity/Q30,United States,
http://www.wikidata.org/entity/Q54178905,Live It Up,http://www.wikidata.org/entity/Q40096,Will Smith,performer,,,http://www.wikidata.org/entity/Q11401,hip-hop,http://www.wikidata.org/entity/Q56760250,Sony Music,http://www.wikidata.org/entity/Q30,United States,
http://www.wikidata.org/entity/Q54178905,Live It Up,http://www.wikidata.org/entity/Q40096,Will Smith,performer,,,http://www.wikidata.org/entity/Q170611,techno,http://www.wikidata.org/entity/Q56760250,Sony Music,http://www.wikidata.org/entity/Q30,United States,
http://www.wikidata.org/entity/Q54178905,Live It Up,http://www.wikidata.org/entity/Q40096,Will Smith,performer,,,http://www.wikidata.org/entity/Q202930,reggaeton,http://www.wikidata.org/entity/Q56760250,Sony Music,http://www.wikidata.org/entity/Q30,United States,
http://www.wikidata.org/entity/Q54178905,Live It Up,http://www.wikidata.org/entity/Q40096,Will Smith,performer,,,http://www.wikidata.org/entity/Q211756,dance-pop,http://www.wikidata.org/entity/Q56760250,Sony Music,http://www.wikidata.org/entity/Q30,United States,
http://www.wikidata.org/entity/Q54178905,Live It Up,http://www.wikidata.org/entity/Q40096,Will Smith,performer,,,http://www.wikidata.org/entity/Q2572585,pop rap,http://www.wikidata.org/entity/Q56760250,Sony Music,http://www.wikidata.org/entity/Q30,United States,
http://www.wikidata.org/entity/Q918493,Skyscraper,http://www.wikidata.org/entity/Q41173,Demi Lovato,performer,,,http://www.wikidata.org/entity/Q37073,pop music,http://www.wikidata.org/entity/Q387539,Hollywood Records,http://www.wikidata.org/entity/Q30,United States,
http://www.wikidata.org/entity/Q58412573,Baby,http://www.wikidata.org/entity/Q1387726,Luis Fonsi,lyricist,,,http://www.wikidata.org/entity/Q9778,electronic music,http://www.wikidata.org/entity/Q202440,Atlantic Records,http://www.wikidata.org/entity/Q30,United States,
http://www.wikidata.org/entity/Q58412573,Baby,http://www.wikidata.org/entity/Q1387726,Luis Fonsi,lyricist,,,http://www.wikidata.org/entity/Q547137,Latin pop,http://www.wikidata.org/entity/Q202440,Atlantic Records,http://www.wikidata.org/entity/Q30,United States,
http://www.wikidata.org/entity/Q22918941,New Romantics,http://www.wikidata.org/entity/Q286501,Shellback,producer,http://www.wikidata.org/entity/Q17544553,1989,http://www.wikidata.org/entity/Q1298934,synth-pop,http://www.wikidata.org/entity/Q2902300,Big Machine Records,http://www.wikidata.org/entity/Q34,Sweden,
http://www.wikidata.org/entity/Q22918941,New Romantics,http://www.wikidata.org/entity/Q286501,Shellback,producer,http://www.wikidata.org/entity/Q17544553,1989,http://www.wikidata.org/entity/Q1298934,synth-pop,http://www.wikidata.org/entity/Q4413456,Republic Records,http://www.wikidata.org/entity/Q34,Sweden,
http://www.wikidata.org/entity/Q23762945,Ain't Your Mama,http://www.wikidata.org/entity/Q2025676,Cirkut,lyricist,,,http://www.wikidata.org/entity/Q37073,pop music,http://www.wikidata.org/entity/Q216364,Epic Records,http://www.wikidata.org/entity/Q16,Canada,
http://www.wikidata.org/entity/Q23762945,Ain't Your Mama,http://www.wikidata.org/entity/Q2025676,Cirkut,lyricist,,,http://www.wikidata.org/entity/Q37073,pop music,http://www.wikidata.org/entity/Q7070690,Nuyorican Productions,http://www.wikidata.org/entity/Q16,Canada,
http://www.wikidata.org/entity/Q28133090,Castle on the Hill,http://www.wikidata.org/entity/Q47447,Ed Sheeran,performer,http://www.wikidata.org/entity/Q28133332,÷,http://www.wikidata.org/entity/Q484641,pop rock,http://www.wikidata.org/entity/Q1998195,Asylum Records,http://www.wikidata.org/entity/Q145,United Kingdom,
http://www.wikidata.org/entity/Q22043182,Send My Love (To Your New Lover),http://www.wikidata.org/entity/Q318223,Max Martin,producer,,,http://www.wikidata.org/entity/Q37073,pop music,http://www.wikidata.org/entity/Q1123947,XL Recordings,http://www.wikidata.org/entity/Q34,Sweden,
http://www.wikidata.org/entity/Q22043182,Send My Love (To Your New Lover),http://www.wikidata.org/entity/Q318223,Max Martin,producer,,,http://www.wikidata.org/entity/Q850412,contemporary R&B,http://www.wikidata.org/entity/Q1123947,XL Recordings,http://www.wikidata.org/entity/Q34,Sweden,
http://www.wikidata.org/entity/Q22918941,New Romantics,http://www.wikidata.org/entity/Q318223,Max Martin,producer,http://www.wikidata.org/entity/Q17544553,1989,http://www.wikidata.org/entity/Q1298934,synth-pop,http://www.wikidata.org/entity/Q2902300,Big Machine Records,http://www.wikidata.org/entity/Q34,Sweden,
http://www.wikidata.org/entity/Q22918941,New Romantics,http://www.wikidata.org/entity/Q318223,Max Martin,producer,http://www.wikidata.org/entity/Q17544553,1989,http://www.wikidata.org/entity/Q1298934,synth-pop,http://www.wikidata.org/entity/Q4413456,Republic Records,http://www.wikidata.org/entity/Q34,Sweden,
http://www.wikidata.org/entity/Q28452723,Make Me (Cry),http://www.wikidata.org/entity/Q48959,Labrinth,performer,,,http://www.wikidata.org/entity/Q217597,electro,http://www.wikidata.org/entity/Q4413456,Republic Records,http://www.wikidata.org/entity/Q145,United Kingdom,
http://www.wikidata.org/entity/Q22682112,River Lea,http://www.wikidata.org/entity/Q322915,Danger Mouse,producer,,,http://www.wikidata.org/entity/Q180268,gospel music,http://www.wikidata.org/entity/Q1123947,XL Recordings,http://www.wikidata.org/entity/Q30,United States,
http://www.wikidata.org/entity/Q28604377,Gravity,http://www.wikidata.org/entity/Q3040442,Thomas G:son,lyricist,,,http://www.wikidata.org/entity/Q188450,electropop,,,http://www.wikidata.org/entity/Q34,Sweden,
http://www.wikidata.org/entity/Q23009830,Elmostahil Makainsh Febali,http://www.wikidata.org/entity/Q3136199,OUBEL,lyricist,,,http://www.wikidata.org/entity/Q37073,pop music,http://www.wikidata.org/entity/Q23009831,New Lixus Entertainment,http://www.wikidata.org/entity/Q1028,Morocco,
http://www.wikidata.org/entity/Q23009830,Elmostahil Makainsh Febali,http://www.wikidata.org/entity/Q3136199,OUBEL,lyricist,,,http://www.wikidata.org/entity/Q205049,world music,http://www.wikidata.org/entity/Q23009831,New Lixus Entertainment,http://www.wikidata.org/entity/Q1028,Morocco,
http://www.wikidata.org/entity/Q23009830,Elmostahil Makainsh Febali,http://www.wikidata.org/entity/Q3136199,OUBEL,lyricist,,,http://www.wikidata.org/entity/Q16977816,Moroccan pop,http://www.wikidata.org/entity/Q23009831,New Lixus Entertainment,http://www.wikidata.org/entity/Q1028,Morocco,
http://www.wikidata.org/entity/Q27927451,Homeland,http://www.wikidata.org/entity/Q53714,Chord Overstreet,performer,,,,,http://www.wikidata.org/entity/Q21856203,Safehouse Records,http://www.wikidata.org/entity/Q30,United States,
http://www.wikidata.org/entity/Q28646694,Hold On,http://www.wikidata.org/entity/Q53714,Chord Overstreet,performer,,,,,http://www.wikidata.org/entity/Q190585,Island Records,http://www.wikidata.org/entity/Q30,United States,
http://www.wikidata.org/entity/Q28452723,Make Me (Cry),http://www.wikidata.org/entity/Q54868,Noah Cyrus,performer,,,http://www.wikidata.org/entity/Q217597,electro,http://www.wikidata.org/entity/Q4413456,Republic Records,http://www.wikidata.org/entity/Q30,United States,
http://www.wikidata.org/entity/Q52716099,Le Large,http://www.wikidata.org/entity/Q53939,Françoise Hardy,performer,,,http://www.wikidata.org/entity/Q3328660,middle of the road,http://www.wikidata.org/entity/Q208909,Parlophone,http://www.wikidata.org/entity/Q142,France,
http://www.wikidata.org/entity/Q52716099,Le Large,http://www.wikidata.org/entity/Q53939,Françoise Hardy,performer,,,http://www.wikidata.org/entity/Q3328660,middle of the road,http://www.wikidata.org/entity/Q3566342,Warner Music France,http://www.wikidata.org/entity/Q142,France,
http://www.wikidata.org/entity/Q23762945,Ain't Your Mama,http://www.wikidata.org/entity/Q350588,Dr. Luke,producer,,,http://www.wikidata.org/entity/Q37073,pop music,http://www.wikidata.org/entity/Q216364,Epic Records,http://www.wikidata.org/entity/Q30,United States,
http://www.wikidata.org/entity/Q23762945,Ain't Your Mama,http://www.wikidata.org/entity/Q350588,Dr. Luke,producer,,,http://www.wikidata.org/entity/Q37073,pop music,http://www.wikidata.org/entity/Q7070690,Nuyorican Productions,http://www.wikidata.org/entity/Q30,United States,
http://www.wikidata.org/entity/Q60768042,Firelight,http://www.wikidata.org/entity/Q57138,Within Temptation,performer,,,,,http://www.wikidata.org/entity/Q1330417,Vertigo Records,,,
http://www.wikidata.org/entity/Q22712616,Nessun grado di separazione,http://www.wikidata.org/entity/Q3667168,Cheope,lyricist,,,http://www.wikidata.org/entity/Q37073,pop music,http://www.wikidata.org/entity/Q330629,Sony Music,http://www.wikidata.org/entity/Q38,Italy,
http://www.wikidata.org/entity/Q23022878,We Are Your Tomorrow,http://www.wikidata.org/entity/Q76900,David Lindgren,performer,,,http://www.wikidata.org/entity/Q37073,pop music,http://www.wikidata.org/entity/Q21077,Warner Music Group,http://www.wikidata.org/entity/Q34,Sweden,
http://www.wikidata.org/entity/Q58412573,Baby,http://www.wikidata.org/entity/Q5026672,Camille Purcell,lyricist,,,http://www.wikidata.org/entity/Q9778,electronic music,http://www.wikidata.org/entity/Q202440,Atlantic Records,http://www.wikidata.org/entity/Q145,United Kingdom,
http://www.wikidata.org/entity/Q58412573,Baby,http://www.wikidata.org/entity/Q5026672,Camille Purcell,lyricist,,,http://www.wikidata.org/entity/Q547137,Latin pop,http://www.wikidata.org/entity/Q202440,Atlantic Records,http://www.wikidata.org/entity/Q145,United Kingdom,
http://www.wikidata.org/entity/Q53057941,Back to You,http://www.wikidata.org/entity/Q83287,Selena Gomez,performer,,,http://www.wikidata.org/entity/Q211756,dance-pop,http://www.wikidata.org/entity/Q231694,Interscope Records,http://www.wikidata.org/entity/Q30,United States,
http://www.wikidata.org/entity/Q22043182,Send My Love (To Your New Lover),http://www.wikidata.org/entity/Q286501,Shellback,composer,,,http://www.wikidata.org/entity/Q37073,pop music,http://www.wikidata.org/entity/Q1123947,XL Recordings,http://www.wikidata.org/entity/Q34,Sweden,
http://www.wikidata.org/entity/Q22043182,Send My Love (To Your New Lover),http://www.wikidata.org/entity/Q286501,Shellback,composer,,,http://www.wikidata.org/entity/Q850412,contemporary R&B,http://www.wikidata.org/entity/Q1123947,XL Recordings,http://www.wikidata.org/entity/Q34,Sweden,
http://www.wikidata.org/entity/Q23762945,Ain't Your Mama,http://www.wikidata.org/entity/Q7201184,R. City,lyricist,,,http://www.wikidata.org/entity/Q37073,pop music,http://www.wikidata.org/entity/Q216364,Epic Records,,,
http://www.wikidata.org/entity/Q23762945,Ain't Your Mama,http://www.wikidata.org/entity/Q7201184,R. City,lyricist,,,http://www.wikidata.org/entity/Q37073,pop music,http://www.wikidata.org/entity/Q7070690,Nuyorican Productions,,,
http://www.wikidata.org/entity/Q23853630,Let Me Love You,http://www.wikidata.org/entity/Q7819261,Tommy Brown,lyricist,,,http://www.wikidata.org/entity/Q850412,contemporary R&B,http://www.wikidata.org/entity/Q4413456,Republic Records,http://www.wikidata.org/entity/Q30,United States,
http://www.wikidata.org/entity/Q59779835,We Appreciate Power,http://www.wikidata.org/entity/Q117970,Grimes,performer,,,http://www.wikidata.org/entity/Q263734,nu metal,http://www.wikidata.org/entity/Q238095,4AD,http://www.wikidata.org/entity/Q16,Canada,
http://www.wikidata.org/entity/Q59779835,We Appreciate Power,http://www.wikidata.org/entity/Q117970,Grimes,performer,,,http://www.wikidata.org/entity/Q968730,industrial rock,http://www.wikidata.org/entity/Q238095,4AD,http://www.wikidata.org/entity/Q16,Canada,
http://www.wikidata.org/entity/Q55955426,"1, 2, 3!",http://www.wikidata.org/entity/Q7694067,Teddy Park,lyricist,,,http://www.wikidata.org/entity/Q211756,dance-pop,http://www.wikidata.org/entity/Q50595,YG Entertainment,http://www.wikidata.org/entity/Q884,South Korea,
http://www.wikidata.org/entity/Q55955426,"1, 2, 3!",http://www.wikidata.org/entity/Q7694067,Teddy Park,lyricist,,,http://www.wikidata.org/entity/Q213665,K-pop,http://www.wikidata.org/entity/Q50595,YG Entertainment,http://www.wikidata.org/entity/Q884,South Korea,
http://www.wikidata.org/entity/Q61439722,Calma,http://www.wikidata.org/entity/Q121507,Alicia Keys,performer,,,http://www.wikidata.org/entity/Q547137,Latin pop,http://www.wikidata.org/entity/Q3244698,Sony Music Latin,http://www.wikidata.org/entity/Q30,United States,
http://www.wikidata.org/entity/Q10832971,Chikichikibanban,http://www.wikidata.org/entity/Q11564484,Takaki Mizoguchi,lyricist,,,http://www.wikidata.org/entity/Q131578,J-pop,http://www.wikidata.org/entity/Q1988428,Avex Trax,http://www.wikidata.org/entity/Q17,Japan,
http://www.wikidata.org/entity/Q10832971,Chikichikibanban,http://www.wikidata.org/entity/Q11564484,Takaki Mizoguchi,lyricist,,,http://www.wikidata.org/entity/Q851213,electronic dance music,http://www.wikidata.org/entity/Q1988428,Avex Trax,http://www.wikidata.org/entity/Q17,Japan,
http://www.wikidata.org/entity/Q58412573,Baby,http://www.wikidata.org/entity/Q11838808,Clean Bandit,lyricist,,,http://www.wikidata.org/entity/Q9778,electronic music,http://www.wikidata.org/entity/Q202440,Atlantic Records,,,
http://www.wikidata.org/entity/Q58412573,Baby,http://www.wikidata.org/entity/Q11838808,Clean Bandit,lyricist,,,http://www.wikidata.org/entity/Q547137,Latin pop,http://www.wikidata.org/entity/Q202440,Atlantic Records,,,
http://www.wikidata.org/entity/Q22043182,Send My Love (To Your New Lover),http://www.wikidata.org/entity/Q318223,Max Martin,composer,,,http://www.wikidata.org/entity/Q37073,pop music,http://www.wikidata.org/entity/Q1123947,XL Recordings,http://www.wikidata.org/entity/Q34,Sweden,
http://www.wikidata.org/entity/Q22043182,Send My Love (To Your New Lover),http://www.wikidata.org/entity/Q318223,Max Martin,composer,,,http://www.wikidata.org/entity/Q850412,contemporary R&B,http://www.wikidata.org/entity/Q1123947,XL Recordings,http://www.wikidata.org/entity/Q34,Sweden,
http://www.wikidata.org/entity/Q58305378,Are You Ready,http://www.wikidata.org/entity/Q131366,Disturbed,performer,,,,,,,,,
http://www.wikidata.org/entity/Q23009038,Play,http://www.wikidata.org/entity/Q12375361,Stig Rästa,lyricist,,,http://www.wikidata.org/entity/Q11366,alternative rock,http://www.wikidata.org/entity/Q38903,Universal Music Group,http://www.wikidata.org/entity/Q191,Estonia,
http://www.wikidata.org/entity/Q56145700,Made for Now,http://www.wikidata.org/entity/Q131324,Janet Jackson,performer,,,http://www.wikidata.org/entity/Q37073,pop music,,,http://www.wikidata.org/entity/Q30,United States,
http://www.wikidata.org/entity/Q56145700,Made for Now,http://www.wikidata.org/entity/Q131324,Janet Jackson,performer,,,http://www.wikidata.org/entity/Q202930,reggaeton,,,http://www.wikidata.org/entity/Q30,United States,
http://www.wikidata.org/entity/Q25218224,All Night,http://www.wikidata.org/entity/Q533781,Diplo,producer,,,http://www.wikidata.org/entity/Q850412,contemporary R&B,http://www.wikidata.org/entity/Q7138835,Parkwood Entertainment,http://www.wikidata.org/entity/Q30,United States,
http://www.wikidata.org/entity/Q54178905,Live It Up,http://www.wikidata.org/entity/Q533781,Diplo,producer,,,http://www.wikidata.org/entity/Q9794,reggae,http://www.wikidata.org/entity/Q38903,Universal Music Group,http://www.wikidata.org/entity/Q30,United States,
http://www.wikidata.org/entity/Q54178905,Live It Up,http://www.wikidata.org/entity/Q533781,Diplo,producer,,,http://www.wikidata.org/entity/Q11401,hip-hop,http://www.wikidata.org/entity/Q38903,Universal Music Group,http://www.wikidata.org/entity/Q30,United States,
http://www.wikidata.org/entity/Q54178905,Live It Up,http://www.wikidata.org/entity/Q533781,Diplo,producer,,,http://www.wikidata.org/entity/Q170611,techno,http://www.wikidata.org/entity/Q38903,Universal Music Group,http://www.wikidata.org/entity/Q30,United States,
http://www.wikidata.org/entity/Q54178905,Live It Up,http://www.wikidata.org/entity/Q533781,Diplo,producer,,,http://www.wikidata.org/entity/Q202930,reggaeton,http://www.wikidata.org/entity/Q38903,Universal Music Group,http://www.wikidata.org/entity/Q30,United States,
http://www.wikidata.org/entity/Q54178905,Live It Up,http://www.wikidata.org/entity/Q533781,Diplo,producer,,,http://www.wikidata.org/entity/Q211756,dance-pop,http://www.wikidata.org/entity/Q38903,Universal Music Group,http://www.wikidata.org/entity/Q30,United States,
http://www.wikidata.org/entity/Q54178905,Live It Up,http://www.wikidata.org/entity/Q533781,Diplo,producer,,,http://www.wikidata.org/entity/Q2572585,pop rap,http://www.wikidata.org/entity/Q38903,Universal Music Group,http://www.wikidata.org/entity/Q30,United States,
http://www.wikidata.org/entity/Q54178905,Live It Up,http://www.wikidata.org/entity/Q533781,Diplo,producer,,,http://www.wikidata.org/entity/Q9794,reggae,http://www.wikidata.org/entity/Q56760250,Sony Music,http://www.wikidata.org/entity/Q30,United States,
http://www.wikidata.org/entity/Q54178905,Live It Up,http://www.wikidata.org/entity/Q533781,Diplo,producer,,,http://www.wikidata.org/entity/Q11401,hip-hop,http://www.wikidata.org/entity/Q56760250,Sony Music,http://www.wikidata.org/entity/Q30,United States,
http://www.wikidata.org/entity/Q54178905,Live It Up,http://www.wikidata.org/entity/Q533781,Diplo,producer,,,http://www.wikidata.org/entity/Q170611,techno,http://www.wikidata.org/entity/Q56760250,Sony Music,http://www.wikidata.org/entity/Q30,United States,
http://www.wikidata.org/entity/Q54178905,Live It Up,http://www.wikidata.org/entity/Q533781,Diplo,producer,,,http://www.wikidata.org/entity/Q202930,reggaeton,http://www.wikidata.org/entity/Q56760250,Sony Music,http://www.wikidata.org/entity/Q30,United States,
http://www.wikidata.org/entity/Q54178905,Live It Up,http://www.wikidata.org/entity/Q533781,Diplo,producer,,,http://www.wikidata.org/entity/Q211756,dance-pop,http://www.wikidata.org/entity/Q56760250,Sony Music,http://www.wikidata.org/entity/Q30,United States,
http://www.wikidata.org/entity/Q54178905,Live It Up,http://www.wikidata.org/entity/Q533781,Diplo,producer,,,http://www.wikidata.org/entity/Q2572585,pop rap,http://www.wikidata.org/entity/Q56760250,Sony Music,http://www.wikidata.org/entity/Q30,United States,
http://www.wikidata.org/entity/Q26124205,Consideration,http://www.wikidata.org/entity/Q16210722,SZA,lyricist,,,,,http://www.wikidata.org/entity/Q1194456,Roc Nation,http://www.wikidata.org/entity/Q30,United States,
http://www.wikidata.org/entity/Q58412573,Baby,http://www.wikidata.org/entity/Q17150222,Jason Evigan,lyricist,,,http://www.wikidata.org/entity/Q9778,electronic music,http://www.wikidata.org/entity/Q202440,Atlantic Records,http://www.wikidata.org/entity/Q30,United States,
http://www.wikidata.org/entity/Q58412573,Baby,http://www.wikidata.org/entity/Q17150222,Jason Evigan,lyricist,,,http://www.wikidata.org/entity/Q547137,Latin pop,http://www.wikidata.org/entity/Q202440,Atlantic Records,http://www.wikidata.org/entity/Q30,United States,
http://www.wikidata.org/entity/Q23762945,Ain't Your Mama,http://www.wikidata.org/entity/Q17403494,Meghan Trainor,lyricist,,,http://www.wikidata.org/entity/Q37073,pop music,http://www.wikidata.org/entity/Q216364,Epic Records,http://www.wikidata.org/entity/Q30,United States,
http://www.wikidata.org/entity/Q23762945,Ain't Your Mama,http://www.wikidata.org/entity/Q17403494,Meghan Trainor,lyricist,,,http://www.wikidata.org/entity/Q37073,pop music,http://www.wikidata.org/entity/Q7070690,Nuyorican Productions,http://www.wikidata.org/entity/Q30,United States,
http://www.wikidata.org/entity/Q28842318,Where I Am,http://www.wikidata.org/entity/Q17411318,Anja Nissen,lyricist,,,http://www.wikidata.org/entity/Q1298934,synth-pop,http://www.wikidata.org/entity/Q165745,Mercury Records,http://www.wikidata.org/entity/Q408,Australia,
http://www.wikidata.org/entity/Q28842318,Where I Am,http://www.wikidata.org/entity/Q17411318,Anja Nissen,lyricist,,,http://www.wikidata.org/entity/Q1298934,synth-pop,http://www.wikidata.org/entity/Q165745,Mercury Records,http://www.wikidata.org/entity/Q756617,Kingdom of Denmark,
http://www.wikidata.org/entity/Q23762945,Ain't Your Mama,http://www.wikidata.org/entity/Q19669354,LunchMoney Lewis,lyricist,,,http://www.wikidata.org/entity/Q37073,pop music,http://www.wikidata.org/entity/Q216364,Epic Records,http://www.wikidata.org/entity/Q30,United States,
http://www.wikidata.org/entity/Q23762945,Ain't Your Mama,http://www.wikidata.org/entity/Q19669354,LunchMoney Lewis,lyricist,,,http://www.wikidata.org/entity/Q37073,pop music,http://www.wikidata.org/entity/Q7070690,Nuyorican Productions,http://www.wikidata.org/entity/Q30,United States,
http://www.wikidata.org/entity/Q28065870,Back To Me,http://www.wikidata.org/entity/Q20858093,Marian Hill,lyricist,,,,,http://www.wikidata.org/entity/Q4413456,Republic Records,,,
http://www.wikidata.org/entity/Q27988136,I Don't Wanna Live Forever,http://www.wikidata.org/entity/Q20685408,Sam Dew,lyricist,,,http://www.wikidata.org/entity/Q188450,electropop,http://www.wikidata.org/entity/Q38903,Universal Music Group,,,
http://www.wikidata.org/entity/Q27988136,I Don't Wanna Live Forever,http://www.wikidata.org/entity/Q20685408,Sam Dew,lyricist,,,http://www.wikidata.org/entity/Q217597,electro,http://www.wikidata.org/entity/Q38903,Universal Music Group,,,
http://www.wikidata.org/entity/Q27988136,I Don't Wanna Live Forever,http://www.wikidata.org/entity/Q20685408,Sam Dew,lyricist,,,http://www.wikidata.org/entity/Q850412,contemporary R&B,http://www.wikidata.org/entity/Q38903,Universal Music Group,,,
http://www.wikidata.org/entity/Q23853630,Let Me Love You,http://www.wikidata.org/entity/Q19864989,Victoria Monét,lyricist,,,http://www.wikidata.org/entity/Q850412,contemporary R&B,http://www.wikidata.org/entity/Q4413456,Republic Records,http://www.wikidata.org/entity/Q30,United States,
http://www.wikidata.org/entity/Q22712616,Nessun grado di separazione,http://www.wikidata.org/entity/Q22670953,Federica Abbate,lyricist,,,http://www.wikidata.org/entity/Q37073,pop music,http://www.wikidata.org/entity/Q330629,Sony Music,http://www.wikidata.org/entity/Q38,Italy,
http://www.wikidata.org/entity/Q28735791,Occidentali's Karma,http://www.wikidata.org/entity/Q22695683,Francesco Gabbani,lyricist,,,http://www.wikidata.org/entity/Q188450,electropop,http://www.wikidata.org/entity/Q796316,BMG Rights Management,http://www.wikidata.org/entity/Q38,Italy,
http://www.wikidata.org/entity/Q28736384,Requiem,http://www.wikidata.org/entity/Q24572386,Nazim Khaled,lyricist,,,http://www.wikidata.org/entity/Q1162954,French pop,http://www.wikidata.org/entity/Q21077,Warner Music Group,http://www.wikidata.org/entity/Q142,France,
http://www.wikidata.org/entity/Q28065870,Back To Me,http://www.wikidata.org/entity/Q18921974,Lauren Jauregui,lyricist,,,,,http://www.wikidata.org/entity/Q4413456,Republic Records,http://www.wikidata.org/entity/Q30,United States,
http://www.wikidata.org/entity/Q28748073,Do It for Your Lover,http://www.wikidata.org/entity/Q28573952,Manel Navarro,lyricist,,,http://www.wikidata.org/entity/Q37073,pop music,http://www.wikidata.org/entity/Q330629,Sony Music,http://www.wikidata.org/entity/Q29,Spain,
http://www.wikidata.org/entity/Q58412573,Baby,http://www.wikidata.org/entity/Q28972011,Massive Violins,lyricist,,,http://www.wikidata.org/entity/Q9778,electronic music,http://www.wikidata.org/entity/Q202440,Atlantic Records,,,
http://www.wikidata.org/entity/Q58412573,Baby,http://www.wikidata.org/entity/Q28972011,Massive Violins,lyricist,,,http://www.wikidata.org/entity/Q547137,Latin pop,http://www.wikidata.org/entity/Q202440,Atlantic Records,,,
http://www.wikidata.org/entity/Q27921626,Human,http://www.wikidata.org/entity/Q26834366,Rag'n'Bone Man,lyricist,,,http://www.wikidata.org/entity/Q9759,blues,http://www.wikidata.org/entity/Q183387,Columbia Records,http://www.wikidata.org/entity/Q145,United Kingdom,
http://www.wikidata.org/entity/Q27921626,Human,http://www.wikidata.org/entity/Q26834366,Rag'n'Bone Man,lyricist,,,http://www.wikidata.org/entity/Q11366,alternative rock,http://www.wikidata.org/entity/Q183387,Columbia Records,http://www.wikidata.org/entity/Q145,United Kingdom,
http://www.wikidata.org/entity/Q27921626,Human,http://www.wikidata.org/entity/Q26834366,Rag'n'Bone Man,lyricist,,,http://www.wikidata.org/entity/Q131272,soul,http://www.wikidata.org/entity/Q183387,Columbia Records,http://www.wikidata.org/entity/Q145,United Kingdom,
http://www.wikidata.org/entity/Q27921626,Human,http://www.wikidata.org/entity/Q26834366,Rag'n'Bone Man,lyricist,,,http://www.wikidata.org/entity/Q193355,blues rock,http://www.wikidata.org/entity/Q183387,Columbia Records,http://www.wikidata.org/entity/Q145,United Kingdom,
http://www.wikidata.org/entity/Q27921626,Human,http://www.wikidata.org/entity/Q26834366,Rag'n'Bone Man,lyricist,,,http://www.wikidata.org/entity/Q850412,contemporary R&B,http://www.wikidata.org/entity/Q183387,Columbia Records,http://www.wikidata.org/entity/Q145,United Kingdom,
http://www.wikidata.org/entity/Q27921626,Human,http://www.wikidata.org/entity/Q26834366,Rag'n'Bone Man,lyricist,,,http://www.wikidata.org/entity/Q9759,blues,http://www.wikidata.org/entity/Q56760250,Sony Music,http://www.wikidata.org/entity/Q145,United Kingdom,
http://www.wikidata.org/entity/Q27921626,Human,http://www.wikidata.org/entity/Q26834366,Rag'n'Bone Man,lyricist,,,http://www.wikidata.org/entity/Q11366,alternative rock,http://www.wikidata.org/entity/Q56760250,Sony Music,http://www.wikidata.org/entity/Q145,United Kingdom,
http://www.wikidata.org/entity/Q27921626,Human,http://www.wikidata.org/entity/Q26834366,Rag'n'Bone Man,lyricist,,,http://www.wikidata.org/entity/Q131272,soul,http://www.wikidata.org/entity/Q56760250,Sony Music,http://www.wikidata.org/entity/Q145,United Kingdom,
http://www.wikidata.org/entity/Q27921626,Human,http://www.wikidata.org/entity/Q26834366,Rag'n'Bone Man,lyricist,,,http://www.wikidata.org/entity/Q193355,blues rock,http://www.wikidata.org/entity/Q56760250,Sony Music,http://www.wikidata.org/entity/Q145,United Kingdom,
http://www.wikidata.org/entity/Q27921626,Human,http://www.wikidata.org/entity/Q26834366,Rag'n'Bone Man,lyricist,,,http://www.wikidata.org/entity/Q850412,contemporary R&B,http://www.wikidata.org/entity/Q56760250,Sony Music,http://www.wikidata.org/entity/Q145,United Kingdom,
http://www.wikidata.org/entity/Q23853630,Let Me Love You,http://www.wikidata.org/entity/Q151892,Ariana Grande,performer,,,http://www.wikidata.org/entity/Q850412,contemporary R&B,http://www.wikidata.org/entity/Q4413456,Republic Records,http://www.wikidata.org/entity/Q30,United States,
http://www.wikidata.org/entity/Q56682760,Silvery Sometimes (Ghosts),http://www.wikidata.org/entity/Q587361,Rick Rubin,producer,,,http://www.wikidata.org/entity/Q11366,alternative rock,http://www.wikidata.org/entity/Q693194,Napalm Records,http://www.wikidata.org/entity/Q30,United States,
http://www.wikidata.org/entity/Q28452142,Past Lives,http://www.wikidata.org/entity/Q51458986,Taylor Rice,lyricist,,,http://www.wikidata.org/entity/Q183504,indie rock,http://www.wikidata.org/entity/Q17070143,Loma Vista Recordings,http://www.wikidata.org/entity/Q30,United States,
http://www.wikidata.org/entity/Q59312670,Come Out and Play,http://www.wikidata.org/entity/Q29564107,Billie Eilish,lyricist,,,http://www.wikidata.org/entity/Q37073,pop music,http://www.wikidata.org/entity/Q231694,Interscope Records,http://www.wikidata.org/entity/Q30,United States,
http://www.wikidata.org/entity/Q59772811,Bitches Broken Hearts,http://www.wikidata.org/entity/Q29564107,Billie Eilish,lyricist,,,http://www.wikidata.org/entity/Q850412,contemporary R&B,http://www.wikidata.org/entity/Q231694,Interscope Records,http://www.wikidata.org/entity/Q30,United States,
http://www.wikidata.org/entity/Q19264075,Wolves,http://www.wikidata.org/entity/Q357645,Q357645,composer,,,http://www.wikidata.org/entity/Q11401,hip-hop,,,http://www.wikidata.org/entity/Q30,United States,
http://www.wikidata.org/entity/Q21203383,Talk Me Down,http://www.wikidata.org/entity/Q603830,Emile Haynie,producer,,,http://www.wikidata.org/entity/Q37073,pop music,http://www.wikidata.org/entity/Q38903,Universal Music Group,http://www.wikidata.org/entity/Q30,United States,
http://www.wikidata.org/entity/Q59558470,RBB (Really Bad Boy),http://www.wikidata.org/entity/Q625737,Kenzie,producer,,,http://www.wikidata.org/entity/Q45981,rhythm and blues,http://www.wikidata.org/entity/Q483938,SM Entertainment,http://www.wikidata.org/entity/Q884,South Korea,
http://www.wikidata.org/entity/Q59558470,RBB (Really Bad Boy),http://www.wikidata.org/entity/Q625737,Kenzie,producer,,,http://www.wikidata.org/entity/Q213665,K-pop,http://www.wikidata.org/entity/Q483938,SM Entertainment,http://www.wikidata.org/entity/Q884,South Korea,
http://www.wikidata.org/entity/Q27921626,Human,http://www.wikidata.org/entity/Q80593945,Jamie Hartman,lyricist,,,http://www.wikidata.org/entity/Q9759,blues,http://www.wikidata.org/entity/Q183387,Columbia Records,http://www.wikidata.org/entity/Q145,United Kingdom,
http://www.wikidata.org/entity/Q27921626,Human,http://www.wikidata.org/entity/Q80593945,Jamie Hartman,lyricist,,,http://www.wikidata.org/entity/Q11366,alternative rock,http://www.wikidata.org/entity/Q183387,Columbia Records,http://www.wikidata.org/entity/Q145,United Kingdom,
http://www.wikidata.org/entity/Q27921626,Human,http://www.wikidata.org/entity/Q80593945,Jamie Hartman,lyricist,,,http://www.wikidata.org/entity/Q131272,soul,http://www.wikidata.org/entity/Q183387,Columbia Records,http://www.wikidata.org/entity/Q145,United Kingdom,
http://www.wikidata.org/entity/Q27921626,Human,http://www.wikidata.org/entity/Q80593945,Jamie Hartman,lyricist,,,http://www.wikidata.org/entity/Q193355,blues rock,http://www.wikidata.org/entity/Q183387,Columbia Records,http://www.wikidata.org/entity/Q145,United Kingdom,
http://www.wikidata.org/entity/Q27921626,Human,http://www.wikidata.org/entity/Q80593945,Jamie Hartman,lyricist,,,http://www.wikidata.org/entity/Q850412,contemporary R&B,http://www.wikidata.org/entity/Q183387,Columbia Records,http://www.wikidata.org/entity/Q145,United Kingdom,
http://www.wikidata.org/entity/Q27921626,Human,http://www.wikidata.org/entity/Q80593945,Jamie Hartman,lyricist,,,http://www.wikidata.org/entity/Q9759,blues,http://www.wikidata.org/entity/Q56760250,Sony Music,http://www.wikidata.org/entity/Q145,United Kingdom,
http://www.wikidata.org/entity/Q27921626,Human,http://www.wikidata.org/entity/Q80593945,Jamie Hartman,lyricist,,,http://www.wikidata.org/entity/Q11366,alternative rock,http://www.wikidata.org/entity/Q56760250,Sony Music,http://www.wikidata.org/entity/Q145,United Kingdom,
http://www.wikidata.org/entity/Q27921626,Human,http://www.wikidata.org/entity/Q80593945,Jamie Hartman,lyricist,,,http://www.wikidata.org/entity/Q131272,soul,http://www.wikidata.org/entity/Q56760250,Sony Music,http://www.wikidata.org/entity/Q145,United Kingdom,
http://www.wikidata.org/entity/Q27921626,Human,http://www.wikidata.org/entity/Q80593945,Jamie Hartman,lyricist,,,http://www.wikidata.org/entity/Q193355,blues rock,http://www.wikidata.org/entity/Q56760250,Sony Music,http://www.wikidata.org/entity/Q145,United Kingdom,
http://www.wikidata.org/entity/Q27921626,Human,http://www.wikidata.org/entity/Q80593945,Jamie Hartman,lyricist,,,http://www.wikidata.org/entity/Q850412,contemporary R&B,http://www.wikidata.org/entity/Q56760250,Sony Music,http://www.wikidata.org/entity/Q145,United Kingdom,
http://www.wikidata.org/entity/Q55701245,Soldier's Anthem,http://www.wikidata.org/entity/Q86000064,Calal  Gurbanov,lyricist,,,http://www.wikidata.org/entity/Q37073,pop music,,,http://www.wikidata.org/entity/Q227,Azerbaijan,
http://www.wikidata.org/entity/Q55701245,Soldier's Anthem,http://www.wikidata.org/entity/Q86000064,Calal  Gurbanov,lyricist,,,http://www.wikidata.org/entity/Q7148059,patriotic song,,,http://www.wikidata.org/entity/Q227,Azerbaijan,
http://www.wikidata.org/entity/Q28935302,Spirit of the Night,http://www.wikidata.org/entity/Q665856,Ralph Siegel,producer,,,http://www.wikidata.org/entity/Q216961,Eurodance,,,http://www.wikidata.org/entity/Q183,Germany,
http://www.wikidata.org/entity/Q27510952,Shout Out to My Ex,http://www.wikidata.org/entity/Q158419,Little Mix,performer,,,http://www.wikidata.org/entity/Q37073,pop music,http://www.wikidata.org/entity/Q7659636,Syco Music,,,
http://www.wikidata.org/entity/Q56702654,Secrets,http://www.wikidata.org/entity/Q160009,Pink,performer,http://www.wikidata.org/entity/Q35841277,Beautiful Trauma,,,http://www.wikidata.org/entity/Q202585,RCA Records,http://www.wikidata.org/entity/Q30,United States,
http://www.wikidata.org/entity/Q28055859,Touch,http://www.wikidata.org/entity/Q158419,Little Mix,performer,,,http://www.wikidata.org/entity/Q211756,dance-pop,http://www.wikidata.org/entity/Q7659636,Syco Music,,,
http://www.wikidata.org/entity/Q28452469,Oops,http://www.wikidata.org/entity/Q158419,Little Mix,performer,http://www.wikidata.org/entity/Q27465906,Glory Days,,,,,,,
http://www.wikidata.org/entity/Q28890621,No More Sad Songs,http://www.wikidata.org/entity/Q158419,Little Mix,performer,,,http://www.wikidata.org/entity/Q1298934,synth-pop,http://www.wikidata.org/entity/Q7659636,Syco Music,,,
http://www.wikidata.org/entity/Q23853630,Let Me Love You,http://www.wikidata.org/entity/Q109326450,Steven Franks,lyricist,,,http://www.wikidata.org/entity/Q850412,contemporary R&B,http://www.wikidata.org/entity/Q4413456,Republic Records,http://www.wikidata.org/entity/Q30,United States,
http://www.wikidata.org/entity/Q27929592,Black Barbies,http://www.wikidata.org/entity/Q162202,Nicki Minaj,performer,,,http://www.wikidata.org/entity/Q11401,hip-hop,http://www.wikidata.org/entity/Q231694,Interscope Records,http://www.wikidata.org/entity/Q754,Trinidad and Tobago,
http://www.wikidata.org/entity/Q60754222,Mama,http://www.wikidata.org/entity/Q162202,Nicki Minaj,performer,http://www.wikidata.org/entity/Q59247684,Dummy Boy,,,,,http://www.wikidata.org/entity/Q754,Trinidad and Tobago,
http://www.wikidata.org/entity/Q25218868,No Limit,http://www.wikidata.org/entity/Q165911,Usher,performer,,,,,http://www.wikidata.org/entity/Q202585,RCA Records,http://www.wikidata.org/entity/Q30,United States,
http://www.wikidata.org/entity/Q56145700,Made for Now,http://www.wikidata.org/entity/Q138796782,Tommy Parker,lyricist,,,http://www.wikidata.org/entity/Q37073,pop music,,,,,
http://www.wikidata.org/entity/Q56145700,Made for Now,http://www.wikidata.org/entity/Q138796782,Tommy Parker,lyricist,,,http://www.wikidata.org/entity/Q202930,reggaeton,,,,,
http://www.wikidata.org/entity/Q26964773,Singing in the Rain,http://www.wikidata.org/entity/Q772999,Howard Benson,producer,,,http://www.wikidata.org/entity/Q484641,pop rock,http://www.wikidata.org/entity/Q202440,Atlantic Records,http://www.wikidata.org/entity/Q30,United States,
http://www.wikidata.org/entity/Q28133090,Castle on the Hill,http://www.wikidata.org/entity/Q818048,Benny Blanco,producer,http://www.wikidata.org/entity/Q28133332,÷,http://www.wikidata.org/entity/Q484641,pop rock,http://www.wikidata.org/entity/Q1998195,Asylum Records,http://www.wikidata.org/entity/Q30,United States,
http://www.wikidata.org/entity/Q54851187,No me acuerdo,http://www.wikidata.org/entity/Q171235,Thalía,performer,,,http://www.wikidata.org/entity/Q37073,pop music,http://www.wikidata.org/entity/Q330629,Sony Music,http://www.wikidata.org/entity/Q30,United States,
http://www.wikidata.org/entity/Q54851187,No me acuerdo,http://www.wikidata.org/entity/Q171235,Thalía,performer,,,http://www.wikidata.org/entity/Q37073,pop music,http://www.wikidata.org/entity/Q330629,Sony Music,http://www.wikidata.org/entity/Q96,Mexico,
http://www.wikidata.org/entity/Q61352254,Perfect World,http://www.wikidata.org/entity/Q923731,Hardwell,producer,,,http://www.wikidata.org/entity/Q211756,dance-pop,,,http://www.wikidata.org/entity/Q29999,Kingdom of the Netherlands,
http://www.wikidata.org/entity/Q61352254,Perfect World,http://www.wikidata.org/entity/Q923731,Hardwell,producer,,,http://www.wikidata.org/entity/Q627906,electro house,,,http://www.wikidata.org/entity/Q29999,Kingdom of the Netherlands,
http://www.wikidata.org/entity/Q28127679,Angel by the Wings,http://www.wikidata.org/entity/Q181484,Sia,performer,,,,,,,http://www.wikidata.org/entity/Q408,Australia,
http://www.wikidata.org/entity/Q28131843,Move Your Body,http://www.wikidata.org/entity/Q181484,Sia,performer,,,http://www.wikidata.org/entity/Q37073,pop music,http://www.wikidata.org/entity/Q202585,RCA Records,http://www.wikidata.org/entity/Q408,Australia,
http://www.wikidata.org/entity/Q28131843,Move Your Body,http://www.wikidata.org/entity/Q181484,Sia,performer,,,http://www.wikidata.org/entity/Q211756,dance-pop,http://www.wikidata.org/entity/Q202585,RCA Records,http://www.wikidata.org/entity/Q408,Australia,
http://www.wikidata.org/entity/Q28151225,Boku Igai no Dareka,http://www.wikidata.org/entity/Q181674,NMB48,performer,,,http://www.wikidata.org/entity/Q131578,J-pop,,,,,
http://www.wikidata.org/entity/Q56682760,Silvery Sometimes (Ghosts),http://www.wikidata.org/entity/Q184217,The Smashing Pumpkins,performer,,,http://www.wikidata.org/entity/Q11366,alternative rock,http://www.wikidata.org/entity/Q693194,Napalm Records,,,
http://www.wikidata.org/entity/Q52716099,Le Large,http://www.wikidata.org/entity/Q534940,La Grande Sophie,composer,,,http://www.wikidata.org/entity/Q3328660,middle of the road,http://www.wikidata.org/entity/Q208909,Parlophone,http://www.wikidata.org/entity/Q142,France,
http://www.wikidata.org/entity/Q52716099,Le Large,http://www.wikidata.org/entity/Q534940,La Grande Sophie,composer,,,http://www.wikidata.org/entity/Q3328660,middle of the road,http://www.wikidata.org/entity/Q3566342,Warner Music France,http://www.wikidata.org/entity/Q142,France,
http://www.wikidata.org/entity/Q28869301,Influencer,http://www.wikidata.org/entity/Q185226,Nogizaka46,performer,,,http://www.wikidata.org/entity/Q131578,J-pop,http://www.wikidata.org/entity/Q732503,Sony Music Entertainment Japan,,,
http://www.wikidata.org/entity/Q24265452,Chainsaw,http://www.wikidata.org/entity/Q201656,Nick Jonas,performer,,,,,http://www.wikidata.org/entity/Q190585,Island Records,http://www.wikidata.org/entity/Q30,United States,
http://www.wikidata.org/entity/Q28452361,Thumbs,http://www.wikidata.org/entity/Q1293563,Steve Mac,producer,,,http://www.wikidata.org/entity/Q188450,electropop,http://www.wikidata.org/entity/Q387539,Hollywood Records,http://www.wikidata.org/entity/Q145,United Kingdom,
http://www.wikidata.org/entity/Q28731202,Automaton,http://www.wikidata.org/entity/Q202041,Jamiroquai,performer,http://www.wikidata.org/entity/Q29045158,Automaton,,,http://www.wikidata.org/entity/Q13218788,Virgin EMI Records,,,
http://www.wikidata.org/entity/Q55695157,Stranger In The North,http://www.wikidata.org/entity/Q717075,Namewee,composer,,,http://www.wikidata.org/entity/Q11401,hip-hop,http://www.wikidata.org/entity/Q4828438,Avex Taiwan,http://www.wikidata.org/entity/Q833,Malaysia,
http://www.wikidata.org/entity/Q55695157,Stranger In The North,http://www.wikidata.org/entity/Q717075,Namewee,composer,,,http://www.wikidata.org/entity/Q973150,mandopop,http://www.wikidata.org/entity/Q4828438,Avex Taiwan,http://www.wikidata.org/entity/Q833,Malaysia,
http://www.wikidata.org/entity/Q23017971,Try Everything,http://www.wikidata.org/entity/Q1417412,Stargate,producer,,,http://www.wikidata.org/entity/Q37073,pop music,http://www.wikidata.org/entity/Q54860,Walt Disney Records,,,
http://www.wikidata.org/entity/Q25067061,Les Mots,http://www.wikidata.org/entity/Q738505,Renan Luce,composer,,,http://www.wikidata.org/entity/Q1062400,chanson,http://www.wikidata.org/entity/Q208909,Parlophone,http://www.wikidata.org/entity/Q142,France,
http://www.wikidata.org/entity/Q28127679,Angel by the Wings,http://www.wikidata.org/entity/Q1544942,Greg Kurstin,producer,,,,,,,http://www.wikidata.org/entity/Q30,United States,
http://www.wikidata.org/entity/Q28131843,Move Your Body,http://www.wikidata.org/entity/Q1544942,Greg Kurstin,producer,,,http://www.wikidata.org/entity/Q37073,pop music,http://www.wikidata.org/entity/Q202585,RCA Records,http://www.wikidata.org/entity/Q30,United States,
http://www.wikidata.org/entity/Q28131843,Move Your Body,http://www.wikidata.org/entity/Q1544942,Greg Kurstin,producer,,,http://www.wikidata.org/entity/Q211756,dance-pop,http://www.wikidata.org/entity/Q202585,RCA Records,http://www.wikidata.org/entity/Q30,United States,
http://www.wikidata.org/entity/Q26124205,Consideration,http://www.wikidata.org/entity/Q1653721,Kuk Harrell,producer,,,,,http://www.wikidata.org/entity/Q1194456,Roc Nation,http://www.wikidata.org/entity/Q30,United States,
http://www.wikidata.org/entity/Q26250171,Love on the Brain,http://www.wikidata.org/entity/Q1653721,Kuk Harrell,producer,,,http://www.wikidata.org/entity/Q131272,soul,http://www.wikidata.org/entity/Q654283,Def Jam Recordings,http://www.wikidata.org/entity/Q30,United States,
http://www.wikidata.org/entity/Q26250171,Love on the Brain,http://www.wikidata.org/entity/Q1653721,Kuk Harrell,producer,,,http://www.wikidata.org/entity/Q546359,doo-wop,http://www.wikidata.org/entity/Q654283,Def Jam Recordings,http://www.wikidata.org/entity/Q30,United States,
http://www.wikidata.org/entity/Q27965078,Dirty Laundry,http://www.wikidata.org/entity/Q215546,Carrie Underwood,performer,,,http://www.wikidata.org/entity/Q83440,country music,http://www.wikidata.org/entity/Q1066294,Arista Nashville,http://www.wikidata.org/entity/Q30,United States,
http://www.wikidata.org/entity/Q28127651,Wish That You Were Here,http://www.wikidata.org/entity/Q217360,Florence + the Machine,performer,,,http://www.wikidata.org/entity/Q217467,art rock,http://www.wikidata.org/entity/Q190585,Island Records,,,
http://www.wikidata.org/entity/Q23762945,Ain't Your Mama,http://www.wikidata.org/entity/Q2025676,Cirkut,producer,,,http://www.wikidata.org/entity/Q37073,pop music,http://www.wikidata.org/entity/Q216364,Epic Records,http://www.wikidata.org/entity/Q16,Canada,
http://www.wikidata.org/entity/Q23762945,Ain't Your Mama,http://www.wikidata.org/entity/Q2025676,Cirkut,producer,,,http://www.wikidata.org/entity/Q37073,pop music,http://www.wikidata.org/entity/Q7070690,Nuyorican Productions,http://www.wikidata.org/entity/Q16,Canada,
http://www.wikidata.org/entity/Q55701245,Soldier's Anthem,http://www.wikidata.org/entity/Q2361757,Aygün Kazimova,producer,,,http://www.wikidata.org/entity/Q37073,pop music,,,http://www.wikidata.org/entity/Q227,Azerbaijan,
http://www.wikidata.org/entity/Q55701245,Soldier's Anthem,http://www.wikidata.org/entity/Q2361757,Aygün Kazimova,producer,,,http://www.wikidata.org/entity/Q7148059,patriotic song,,,http://www.wikidata.org/entity/Q227,Azerbaijan,
http://www.wikidata.org/entity/Q58412573,Baby,http://www.wikidata.org/entity/Q234174,Marina Diamandis,performer,,,http://www.wikidata.org/entity/Q9778,electronic music,http://www.wikidata.org/entity/Q202440,Atlantic Records,http://www.wikidata.org/entity/Q41,Greece,
http://www.wikidata.org/entity/Q58412573,Baby,http://www.wikidata.org/entity/Q234174,Marina Diamandis,performer,,,http://www.wikidata.org/entity/Q547137,Latin pop,http://www.wikidata.org/entity/Q202440,Atlantic Records,http://www.wikidata.org/entity/Q41,Greece,
http://www.wikidata.org/entity/Q58412573,Baby,http://www.wikidata.org/entity/Q234174,Marina Diamandis,performer,,,http://www.wikidata.org/entity/Q9778,electronic music,http://www.wikidata.org/entity/Q202440,Atlantic Records,http://www.wikidata.org/entity/Q145,United Kingdom,
http://www.wikidata.org/entity/Q58412573,Baby,http://www.wikidata.org/entity/Q234174,Marina Diamandis,performer,,,http://www.wikidata.org/entity/Q547137,Latin pop,http://www.wikidata.org/entity/Q202440,Atlantic Records,http://www.wikidata.org/entity/Q145,United Kingdom,
http://www.wikidata.org/entity/Q28452142,Past Lives,http://www.wikidata.org/entity/Q2613632,Local Natives,producer,,,http://www.wikidata.org/entity/Q183504,indie rock,http://www.wikidata.org/entity/Q17070143,Loma Vista Recordings,,,
http://www.wikidata.org/entity/Q28935302,Spirit of the Night,http://www.wikidata.org/entity/Q240942,Valentina Monetta,performer,,,http://www.wikidata.org/entity/Q216961,Eurodance,,,http://www.wikidata.org/entity/Q238,San Marino,
http://www.wikidata.org/entity/Q28604377,Gravity,http://www.wikidata.org/entity/Q3040442,Thomas G:son,producer,,,http://www.wikidata.org/entity/Q188450,electropop,,,http://www.wikidata.org/entity/Q34,Sweden,
http://www.wikidata.org/entity/Q27095604,Kiss the Sky (Jason Derulo song),http://www.wikidata.org/entity/Q243639,Jason Derulo,performer,,,,,,,http://www.wikidata.org/entity/Q30,United States,
http://www.wikidata.org/entity/Q55695157,Stranger In The North,http://www.wikidata.org/entity/Q251068,Wang Leehom,performer,,,http://www.wikidata.org/entity/Q11401,hip-hop,http://www.wikidata.org/entity/Q4828438,Avex Taiwan,http://www.wikidata.org/entity/Q30,United States,
http://www.wikidata.org/entity/Q55695157,Stranger In The North,http://www.wikidata.org/entity/Q251068,Wang Leehom,performer,,,http://www.wikidata.org/entity/Q973150,mandopop,http://www.wikidata.org/entity/Q4828438,Avex Taiwan,http://www.wikidata.org/entity/Q30,United States,
http://www.wikidata.org/entity/Q55695157,Stranger In The North,http://www.wikidata.org/entity/Q251068,Wang Leehom,performer,,,http://www.wikidata.org/entity/Q11401,hip-hop,http://www.wikidata.org/entity/Q4828438,Avex Taiwan,http://www.wikidata.org/entity/Q865,Taiwan,
http://www.wikidata.org/entity/Q55695157,Stranger In The North,http://www.wikidata.org/entity/Q251068,Wang Leehom,performer,,,http://www.wikidata.org/entity/Q973150,mandopop,http://www.wikidata.org/entity/Q4828438,Avex Taiwan,http://www.wikidata.org/entity/Q865,Taiwan,
http://www.wikidata.org/entity/Q1617897,Higher Love,http://www.wikidata.org/entity/Q3453424,Russ Titelman,producer,,,http://www.wikidata.org/entity/Q37073,pop music,http://www.wikidata.org/entity/Q190585,Island Records,http://www.wikidata.org/entity/Q30,United States,
http://www.wikidata.org/entity/Q55597664,La vie est belle,http://www.wikidata.org/entity/Q3486124,Skalpovich,producer,,,http://www.wikidata.org/entity/Q138020,French hip-hop,,,http://www.wikidata.org/entity/Q142,France,
http://www.wikidata.org/entity/Q55739506,Forse non lo sai,http://www.wikidata.org/entity/Q3707146,Diego Calvetti,producer,,,,,,,http://www.wikidata.org/entity/Q38,Italy,
http://www.wikidata.org/entity/Q56145700,Made for Now,http://www.wikidata.org/entity/Q272591,Daddy Yankee,performer,,,http://www.wikidata.org/entity/Q37073,pop music,,,http://www.wikidata.org/entity/Q30,United States,
http://www.wikidata.org/entity/Q56145700,Made for Now,http://www.wikidata.org/entity/Q272591,Daddy Yankee,performer,,,http://www.wikidata.org/entity/Q202930,reggaeton,,,http://www.wikidata.org/entity/Q30,United States,
http://www.wikidata.org/entity/Q19264075,Wolves,http://www.wikidata.org/entity/Q3930275,Cashmere Cat,producer,,,http://www.wikidata.org/entity/Q11401,hip-hop,,,http://www.wikidata.org/entity/Q20,Norway,
http://www.wikidata.org/entity/Q27677387,Better Man,http://www.wikidata.org/entity/Q4661964,Aaron Dessner,producer,http://www.wikidata.org/entity/Q28452576,The Breaker,http://www.wikidata.org/entity/Q83440,country music,http://www.wikidata.org/entity/Q1391770,Lost Highway,http://www.wikidata.org/entity/Q30,United States,
http://www.wikidata.org/entity/Q27677387,Better Man,http://www.wikidata.org/entity/Q4661964,Aaron Dessner,producer,http://www.wikidata.org/entity/Q28452576,The Breaker,http://www.wikidata.org/entity/Q83440,country music,http://www.wikidata.org/entity/Q4413456,Republic Records,http://www.wikidata.org/entity/Q30,United States,
http://www.wikidata.org/entity/Q27677387,Better Man,http://www.wikidata.org/entity/Q4661964,Aaron Dessner,producer,http://www.wikidata.org/entity/Q28452576,The Breaker,http://www.wikidata.org/entity/Q83440,country music,http://www.wikidata.org/entity/Q5035920,Capitol Records Nashville,http://www.wikidata.org/entity/Q30,United States,
http://www.wikidata.org/entity/Q59779835,We Appreciate Power,http://www.wikidata.org/entity/Q2066647,Hana Pestle,composer,,,http://www.wikidata.org/entity/Q263734,nu metal,http://www.wikidata.org/entity/Q238095,4AD,http://www.wikidata.org/entity/Q30,United States,
http://www.wikidata.org/entity/Q59779835,We Appreciate Power,http://www.wikidata.org/entity/Q2066647,Hana Pestle,composer,,,http://www.wikidata.org/entity/Q968730,industrial rock,http://www.wikidata.org/entity/Q238095,4AD,http://www.wikidata.org/entity/Q30,United States,
http://www.wikidata.org/entity/Q56321521,Le Jardin,http://www.wikidata.org/entity/Q289556,Étienne Daho,performer,,,http://www.wikidata.org/entity/Q1062400,chanson,,,http://www.wikidata.org/entity/Q142,France,
http://www.wikidata.org/entity/Q60835823,L'Étincelle,http://www.wikidata.org/entity/Q289556,Étienne Daho,performer,,,http://www.wikidata.org/entity/Q1062400,chanson,,,http://www.wikidata.org/entity/Q142,France,
http://www.wikidata.org/entity/Q24074902,Back on the Wall,http://www.wikidata.org/entity/Q298360,Greyson Chance,performer,,,http://www.wikidata.org/entity/Q188450,electropop,,,http://www.wikidata.org/entity/Q30,United States,
http://www.wikidata.org/entity/Q23020974,Sound of Silence,http://www.wikidata.org/entity/Q5205735,DNA Songs,producer,,,http://www.wikidata.org/entity/Q37073,pop music,http://www.wikidata.org/entity/Q330629,Sony Music,,,
http://www.wikidata.org/entity/Q1617897,Higher Love,http://www.wikidata.org/entity/Q314397,Steve Winwood,performer,,,http://www.wikidata.org/entity/Q37073,pop music,http://www.wikidata.org/entity/Q190585,Island Records,http://www.wikidata.org/entity/Q145,United Kingdom,
http://www.wikidata.org/entity/Q56145700,Made for Now,http://www.wikidata.org/entity/Q5659606,"Harmony ""H-Money"" Samuels",producer,,,http://www.wikidata.org/entity/Q37073,pop music,,,http://www.wikidata.org/entity/Q145,United Kingdom,
http://www.wikidata.org/entity/Q56145700,Made for Now,http://www.wikidata.org/entity/Q5659606,"Harmony ""H-Money"" Samuels",producer,,,http://www.wikidata.org/entity/Q202930,reggaeton,,,http://www.wikidata.org/entity/Q145,United Kingdom,
http://www.wikidata.org/entity/Q28073780,Space (Slavko Kalezić song),http://www.wikidata.org/entity/Q6060852,Jovan Radomir,producer,,,http://www.wikidata.org/entity/Q37073,pop music,,,http://www.wikidata.org/entity/Q34,Sweden,
http://www.wikidata.org/entity/Q28073780,Space (Slavko Kalezić song),http://www.wikidata.org/entity/Q6060852,Jovan Radomir,producer,,,http://www.wikidata.org/entity/Q37073,pop music,,,http://www.wikidata.org/entity/Q225,Bosnia and Herzegovina,
http://www.wikidata.org/entity/Q28604377,Gravity,http://www.wikidata.org/entity/Q3040442,Thomas G:son,composer,,,http://www.wikidata.org/entity/Q188450,electropop,,,http://www.wikidata.org/entity/Q34,Sweden,
http://www.wikidata.org/entity/Q60835823,L'Étincelle,http://www.wikidata.org/entity/Q3166935,Jean-Louis Piérot,composer,,,http://www.wikidata.org/entity/Q1062400,chanson,,,http://www.wikidata.org/entity/Q142,France,
http://www.wikidata.org/entity/Q3640789,Blackbird,http://www.wikidata.org/entity/Q335036,Alter Bridge,performer,,,http://www.wikidata.org/entity/Q38848,heavy metal music,http://www.wikidata.org/entity/Q693194,Napalm Records,,,
http://www.wikidata.org/entity/Q3640789,Blackbird,http://www.wikidata.org/entity/Q335036,Alter Bridge,performer,,,http://www.wikidata.org/entity/Q38848,heavy metal music,http://www.wikidata.org/entity/Q1025106,Universal Republic Records,,,
http://www.wikidata.org/entity/Q28055859,Touch,http://www.wikidata.org/entity/Q6716905,MNEK,producer,,,http://www.wikidata.org/entity/Q211756,dance-pop,http://www.wikidata.org/entity/Q7659636,Syco Music,http://www.wikidata.org/entity/Q145,United Kingdom,
http://www.wikidata.org/entity/Q27929592,Black Barbies,http://www.wikidata.org/entity/Q6849262,Mike WiLL Made-It,producer,,,http://www.wikidata.org/entity/Q11401,hip-hop,http://www.wikidata.org/entity/Q231694,Interscope Records,http://www.wikidata.org/entity/Q30,United States,
http://www.wikidata.org/entity/Q57707716,Falling Down,http://www.wikidata.org/entity/Q6849262,Mike WiLL Made-It,producer,,,http://www.wikidata.org/entity/Q12362064,emo rap,http://www.wikidata.org/entity/Q183387,Columbia Records,http://www.wikidata.org/entity/Q30,United States,
http://www.wikidata.org/entity/Q54034175,Entertainer,http://www.wikidata.org/entity/Q3626950,Zayn Malik,composer,,,http://www.wikidata.org/entity/Q37073,pop music,http://www.wikidata.org/entity/Q202585,RCA Records,http://www.wikidata.org/entity/Q145,United Kingdom,
http://www.wikidata.org/entity/Q28533322,Never Give Up on You,http://www.wikidata.org/entity/Q3720656,Emmelie de Forest,composer,,,http://www.wikidata.org/entity/Q37073,pop music,http://www.wikidata.org/entity/Q4796656,ArtPeople,http://www.wikidata.org/entity/Q756617,Kingdom of Denmark,
http://www.wikidata.org/entity/Q22712616,Nessun grado di separazione,http://www.wikidata.org/entity/Q3667168,Cheope,composer,,,http://www.wikidata.org/entity/Q37073,pop music,http://www.wikidata.org/entity/Q330629,Sony Music,http://www.wikidata.org/entity/Q38,Italy,
http://www.wikidata.org/entity/Q23853630,Let Me Love You,http://www.wikidata.org/entity/Q7819261,Tommy Brown,producer,,,http://www.wikidata.org/entity/Q850412,contemporary R&B,http://www.wikidata.org/entity/Q4413456,Republic Records,http://www.wikidata.org/entity/Q30,United States,
http://www.wikidata.org/entity/Q59285479,Nothing Breaks Like a Heart,http://www.wikidata.org/entity/Q425821,Mark Ronson,performer,,,http://www.wikidata.org/entity/Q83440,country music,http://www.wikidata.org/entity/Q202585,RCA Records,http://www.wikidata.org/entity/Q30,United States,
http://www.wikidata.org/entity/Q59285479,Nothing Breaks Like a Heart,http://www.wikidata.org/entity/Q425821,Mark Ronson,performer,,,http://www.wikidata.org/entity/Q83440,country music,http://www.wikidata.org/entity/Q202585,RCA Records,http://www.wikidata.org/entity/Q145,United Kingdom,
http://www.wikidata.org/entity/Q55955426,"1, 2, 3!",http://www.wikidata.org/entity/Q428490,Seungri,performer,,,http://www.wikidata.org/entity/Q211756,dance-pop,http://www.wikidata.org/entity/Q50595,YG Entertainment,http://www.wikidata.org/entity/Q884,South Korea,
http://www.wikidata.org/entity/Q55955426,"1, 2, 3!",http://www.wikidata.org/entity/Q428490,Seungri,performer,,,http://www.wikidata.org/entity/Q213665,K-pop,http://www.wikidata.org/entity/Q50595,YG Entertainment,http://www.wikidata.org/entity/Q884,South Korea,
http://www.wikidata.org/entity/Q60771888,La vie sait,http://www.wikidata.org/entity/Q437124,Priscilla Betti,performer,,,http://www.wikidata.org/entity/Q37073,pop music,http://www.wikidata.org/entity/Q20723082,Universal Music France,http://www.wikidata.org/entity/Q142,France,
http://www.wikidata.org/entity/Q60771893,Changer le monde,http://www.wikidata.org/entity/Q437124,Priscilla Betti,performer,,,http://www.wikidata.org/entity/Q37073,pop music,http://www.wikidata.org/entity/Q20723082,Universal Music France,http://www.wikidata.org/entity/Q142,France,
http://www.wikidata.org/entity/Q23022878,We Are Your Tomorrow,http://www.wikidata.org/entity/Q4353704,Sharon Vaughn,composer,,,http://www.wikidata.org/entity/Q37073,pop music,http://www.wikidata.org/entity/Q21077,Warner Music Group,http://www.wikidata.org/entity/Q30,United States,
http://www.wikidata.org/entity/Q22712616,Nessun grado di separazione,http://www.wikidata.org/entity/Q439571,Francesca Michielin,performer,,,http://www.wikidata.org/entity/Q37073,pop music,http://www.wikidata.org/entity/Q330629,Sony Music,http://www.wikidata.org/entity/Q38,Italy,
http://www.wikidata.org/entity/Q58412573,Baby,http://www.wikidata.org/entity/Q11838808,Clean Bandit,producer,,,http://www.wikidata.org/entity/Q9778,electronic music,http://www.wikidata.org/entity/Q202440,Atlantic Records,,,
http://www.wikidata.org/entity/Q58412573,Baby,http://www.wikidata.org/entity/Q11838808,Clean Bandit,producer,,,http://www.wikidata.org/entity/Q547137,Latin pop,http://www.wikidata.org/entity/Q202440,Atlantic Records,,,
http://www.wikidata.org/entity/Q28736800,Perfect Life,http://www.wikidata.org/entity/Q5228309,Dave Bassett,composer,,,http://www.wikidata.org/entity/Q37073,pop music,http://www.wikidata.org/entity/Q330629,Sony Music,http://www.wikidata.org/entity/Q30,United States,
http://www.wikidata.org/entity/Q60048362,Down to the Honkytonk,http://www.wikidata.org/entity/Q453635,Jake Owen,performer,,,http://www.wikidata.org/entity/Q83440,country music,,,http://www.wikidata.org/entity/Q30,United States,
http://www.wikidata.org/entity/Q59558470,RBB (Really Bad Boy),http://www.wikidata.org/entity/Q15956259,Sara Forsberg,producer,,,http://www.wikidata.org/entity/Q45981,rhythm and blues,http://www.wikidata.org/entity/Q483938,SM Entertainment,http://www.wikidata.org/entity/Q33,Finland,
http://www.wikidata.org/entity/Q59558470,RBB (Really Bad Boy),http://www.wikidata.org/entity/Q15956259,Sara Forsberg,producer,,,http://www.wikidata.org/entity/Q213665,K-pop,http://www.wikidata.org/entity/Q483938,SM Entertainment,http://www.wikidata.org/entity/Q33,Finland,
http://www.wikidata.org/entity/Q23022878,We Are Your Tomorrow,http://www.wikidata.org/entity/Q5621100,Gustav Efraimsson,composer,,,http://www.wikidata.org/entity/Q37073,pop music,http://www.wikidata.org/entity/Q21077,Warner Music Group,http://www.wikidata.org/entity/Q34,Sweden,
http://www.wikidata.org/entity/Q28452074,Autograph,http://www.wikidata.org/entity/Q16244322,Joey Moi,producer,,,http://www.wikidata.org/entity/Q2280497,country pop,http://www.wikidata.org/entity/Q247212,604 Records,http://www.wikidata.org/entity/Q16,Canada,
http://www.wikidata.org/entity/Q60048362,Down to the Honkytonk,http://www.wikidata.org/entity/Q16244322,Joey Moi,producer,,,http://www.wikidata.org/entity/Q83440,country music,,,http://www.wikidata.org/entity/Q16,Canada,
http://www.wikidata.org/entity/Q57711739,Close to Me,http://www.wikidata.org/entity/Q16774610,Ilya Salmanzadeh,producer,,,,,http://www.wikidata.org/entity/Q155152,Polydor,http://www.wikidata.org/entity/Q34,Sweden,
http://www.wikidata.org/entity/Q28325316,Not Afraid Anymore,http://www.wikidata.org/entity/Q16955066,The Messengers,producer,,,http://www.wikidata.org/entity/Q188450,electropop,http://www.wikidata.org/entity/Q38903,Universal Music Group,,,
http://www.wikidata.org/entity/Q28453007,You Don't Know Me,http://www.wikidata.org/entity/Q16995320,Jax Jones,producer,http://www.wikidata.org/entity/Q74009899,Jax Jones singles discography,,,http://www.wikidata.org/entity/Q155152,Polydor,http://www.wikidata.org/entity/Q145,United Kingdom,
http://www.wikidata.org/entity/Q28453007,You Don't Know Me,http://www.wikidata.org/entity/Q16995320,Jax Jones,producer,http://www.wikidata.org/entity/Q74014602,Raye singles discography,,,http://www.wikidata.org/entity/Q155152,Polydor,http://www.wikidata.org/entity/Q145,United Kingdom,
http://www.wikidata.org/entity/Q23022878,We Are Your Tomorrow,http://www.wikidata.org/entity/Q6247301,Wrethov,composer,,,http://www.wikidata.org/entity/Q37073,pop music,http://www.wikidata.org/entity/Q21077,Warner Music Group,http://www.wikidata.org/entity/Q34,Sweden,
http://www.wikidata.org/entity/Q27921626,Human,http://www.wikidata.org/entity/Q19281611,Two Inch Punch,producer,,,http://www.wikidata.org/entity/Q9759,blues,http://www.wikidata.org/entity/Q183387,Columbia Records,,,
http://www.wikidata.org/entity/Q27921626,Human,http://www.wikidata.org/entity/Q19281611,Two Inch Punch,producer,,,http://www.wikidata.org/entity/Q11366,alternative rock,http://www.wikidata.org/entity/Q183387,Columbia Records,,,
http://www.wikidata.org/entity/Q27921626,Human,http://www.wikidata.org/entity/Q19281611,Two Inch Punch,producer,,,http://www.wikidata.org/entity/Q131272,soul,http://www.wikidata.org/entity/Q183387,Columbia Records,,,
http://www.wikidata.org/entity/Q27921626,Human,http://www.wikidata.org/entity/Q19281611,Two Inch Punch,producer,,,http://www.wikidata.org/entity/Q193355,blues rock,http://www.wikidata.org/entity/Q183387,Columbia Records,,,
http://www.wikidata.org/entity/Q27921626,Human,http://www.wikidata.org/entity/Q19281611,Two Inch Punch,producer,,,http://www.wikidata.org/entity/Q850412,contemporary R&B,http://www.wikidata.org/entity/Q183387,Columbia Records,,,
http://www.wikidata.org/entity/Q27921626,Human,http://www.wikidata.org/entity/Q19281611,Two Inch Punch,producer,,,http://www.wikidata.org/entity/Q9759,blues,http://www.wikidata.org/entity/Q56760250,Sony Music,,,
http://www.wikidata.org/entity/Q27921626,Human,http://www.wikidata.org/entity/Q19281611,Two Inch Punch,producer,,,http://www.wikidata.org/entity/Q11366,alternative rock,http://www.wikidata.org/entity/Q56760250,Sony Music,,,
http://www.wikidata.org/entity/Q27921626,Human,http://www.wikidata.org/entity/Q19281611,Two Inch Punch,producer,,,http://www.wikidata.org/entity/Q131272,soul,http://www.wikidata.org/entity/Q56760250,Sony Music,,,
http://www.wikidata.org/entity/Q27921626,Human,http://www.wikidata.org/entity/Q19281611,Two Inch Punch,producer,,,http://www.wikidata.org/entity/Q193355,blues rock,http://www.wikidata.org/entity/Q56760250,Sony Music,,,
http://www.wikidata.org/entity/Q27921626,Human,http://www.wikidata.org/entity/Q19281611,Two Inch Punch,producer,,,http://www.wikidata.org/entity/Q850412,contemporary R&B,http://www.wikidata.org/entity/Q56760250,Sony Music,,,
http://www.wikidata.org/entity/Q3640789,Blackbird,http://www.wikidata.org/entity/Q19660985,Michael Baskette,producer,,,http://www.wikidata.org/entity/Q38848,heavy metal music,http://www.wikidata.org/entity/Q693194,Napalm Records,http://www.wikidata.org/entity/Q30,United States,
http://www.wikidata.org/entity/Q3640789,Blackbird,http://www.wikidata.org/entity/Q19660985,Michael Baskette,producer,,,http://www.wikidata.org/entity/Q38848,heavy metal music,http://www.wikidata.org/entity/Q1025106,Universal Republic Records,http://www.wikidata.org/entity/Q30,United States,
http://www.wikidata.org/entity/Q28736800,Perfect Life,http://www.wikidata.org/entity/Q6552996,Lindy Robbins,composer,,,http://www.wikidata.org/entity/Q37073,pop music,http://www.wikidata.org/entity/Q330629,Sony Music,http://www.wikidata.org/entity/Q30,United States,
http://www.wikidata.org/entity/Q28452469,Oops,http://www.wikidata.org/entity/Q19810390,Charlie Puth,producer,http://www.wikidata.org/entity/Q27465906,Glory Days,,,,,http://www.wikidata.org/entity/Q30,United States,
http://www.wikidata.org/entity/Q59312670,Come Out and Play,http://www.wikidata.org/entity/Q20029978,Finneas O'Connell,producer,,,http://www.wikidata.org/entity/Q37073,pop music,http://www.wikidata.org/entity/Q231694,Interscope Records,http://www.wikidata.org/entity/Q30,United States,
http://www.wikidata.org/entity/Q59772811,Bitches Broken Hearts,http://www.wikidata.org/entity/Q20029978,Finneas O'Connell,producer,,,http://www.wikidata.org/entity/Q850412,contemporary R&B,http://www.wikidata.org/entity/Q231694,Interscope Records,http://www.wikidata.org/entity/Q30,United States,
http://www.wikidata.org/entity/Q23013730,Misery,http://www.wikidata.org/entity/Q483379,Gwen Stefani,performer,,,http://www.wikidata.org/entity/Q188450,electropop,http://www.wikidata.org/entity/Q231694,Interscope Records,http://www.wikidata.org/entity/Q30,United States,
http://www.wikidata.org/entity/Q28923038,Statements,http://www.wikidata.org/entity/Q483376,Loreen,performer,,,http://www.wikidata.org/entity/Q25094849,art pop,http://www.wikidata.org/entity/Q21077,Warner Music Group,http://www.wikidata.org/entity/Q34,Sweden,
http://www.wikidata.org/entity/Q26964773,Singing in the Rain,http://www.wikidata.org/entity/Q485825,Simple Plan,performer,,,http://www.wikidata.org/entity/Q484641,pop rock,http://www.wikidata.org/entity/Q202440,Atlantic Records,,,
http://www.wikidata.org/entity/Q23013730,Misery,http://www.wikidata.org/entity/Q22893865,Mattman & Robin,producer,,,http://www.wikidata.org/entity/Q188450,electropop,http://www.wikidata.org/entity/Q231694,Interscope Records,,,
http://www.wikidata.org/entity/Q23977765,Dear Bride (BtoB song),http://www.wikidata.org/entity/Q491067,BtoB,performer,,,http://www.wikidata.org/entity/Q182659,ballad,,,,,
http://www.wikidata.org/entity/Q60754222,Mama,http://www.wikidata.org/entity/Q27970613,Murda Beatz,producer,http://www.wikidata.org/entity/Q59247684,Dummy Boy,,,,,http://www.wikidata.org/entity/Q16,Canada,
http://www.wikidata.org/entity/Q28599836,Night & Day (Afro Deep Mix),http://www.wikidata.org/entity/Q28180252,DeepTouchSA,producer,,,http://www.wikidata.org/entity/Q20502,house music,http://www.wikidata.org/entity/Q28286546,Deep Elements Music Records,http://www.wikidata.org/entity/Q258,South Africa,
http://www.wikidata.org/entity/Q28599850,Wake Up Call (Original Mix),http://www.wikidata.org/entity/Q28180252,DeepTouchSA,producer,,,http://www.wikidata.org/entity/Q20502,house music,http://www.wikidata.org/entity/Q28286546,Deep Elements Music Records,http://www.wikidata.org/entity/Q258,South Africa,
http://www.wikidata.org/entity/Q28599926,The Sweet Escape (Original Mix),http://www.wikidata.org/entity/Q28180252,DeepTouchSA,producer,,,http://www.wikidata.org/entity/Q20502,house music,http://www.wikidata.org/entity/Q28286546,Deep Elements Music Records,http://www.wikidata.org/entity/Q258,South Africa,
http://www.wikidata.org/entity/Q28735791,Occidentali's Karma,http://www.wikidata.org/entity/Q28801798,Luca Chiaravalli,producer,,,http://www.wikidata.org/entity/Q188450,electropop,http://www.wikidata.org/entity/Q796316,BMG Rights Management,http://www.wikidata.org/entity/Q38,Italy,
http://www.wikidata.org/entity/Q55955426,"1, 2, 3!",http://www.wikidata.org/entity/Q7694067,Teddy Park,composer,,,http://www.wikidata.org/entity/Q211756,dance-pop,http://www.wikidata.org/entity/Q50595,YG Entertainment,http://www.wikidata.org/entity/Q884,South Korea,
http://www.wikidata.org/entity/Q55955426,"1, 2, 3!",http://www.wikidata.org/entity/Q7694067,Teddy Park,composer,,,http://www.wikidata.org/entity/Q213665,K-pop,http://www.wikidata.org/entity/Q50595,YG Entertainment,http://www.wikidata.org/entity/Q884,South Korea,
http://www.wikidata.org/entity/Q58412573,Baby,http://www.wikidata.org/entity/Q46208793,Mark Ralph,producer,,,http://www.wikidata.org/entity/Q9778,electronic music,http://www.wikidata.org/entity/Q202440,Atlantic Records,http://www.wikidata.org/entity/Q145,United Kingdom,
http://www.wikidata.org/entity/Q58412573,Baby,http://www.wikidata.org/entity/Q46208793,Mark Ralph,producer,,,http://www.wikidata.org/entity/Q547137,Latin pop,http://www.wikidata.org/entity/Q202440,Atlantic Records,http://www.wikidata.org/entity/Q145,United Kingdom,
http://www.wikidata.org/entity/Q28452142,Past Lives,http://www.wikidata.org/entity/Q51408090,Brian Joseph,producer,,,http://www.wikidata.org/entity/Q183504,indie rock,http://www.wikidata.org/entity/Q17070143,Loma Vista Recordings,http://www.wikidata.org/entity/Q30,United States,
http://www.wikidata.org/entity/Q57711739,Close to Me,http://www.wikidata.org/entity/Q533781,Diplo,performer,,,,,http://www.wikidata.org/entity/Q155152,Polydor,http://www.wikidata.org/entity/Q30,United States,
http://www.wikidata.org/entity/Q56343290,Not Today,http://www.wikidata.org/entity/Q55735592,Pdogg,producer,,,http://www.wikidata.org/entity/Q213665,K-pop,http://www.wikidata.org/entity/Q16161254,HYBE,http://www.wikidata.org/entity/Q884,South Korea,
http://www.wikidata.org/entity/Q56651047,Zombie,http://www.wikidata.org/entity/Q56609980,ZILIOT,producer,,,http://www.wikidata.org/entity/Q2913982,trap music,,,http://www.wikidata.org/entity/Q414,Argentina,
http://www.wikidata.org/entity/Q25212180,Kill the Lights,http://www.wikidata.org/entity/Q578403,Alex Newell,performer,,,,,http://www.wikidata.org/entity/Q21077,Warner Music Group,http://www.wikidata.org/entity/Q30,United States,
http://www.wikidata.org/entity/Q27677387,Better Man,http://www.wikidata.org/entity/Q607317,Little Big Town,performer,http://www.wikidata.org/entity/Q28452576,The Breaker,http://www.wikidata.org/entity/Q83440,country music,http://www.wikidata.org/entity/Q1391770,Lost Highway,,,
http://www.wikidata.org/entity/Q27677387,Better Man,http://www.wikidata.org/entity/Q607317,Little Big Town,performer,http://www.wikidata.org/entity/Q28452576,The Breaker,http://www.wikidata.org/entity/Q83440,country music,http://www.wikidata.org/entity/Q4413456,Republic Records,,,
http://www.wikidata.org/entity/Q27677387,Better Man,http://www.wikidata.org/entity/Q607317,Little Big Town,performer,http://www.wikidata.org/entity/Q28452576,The Breaker,http://www.wikidata.org/entity/Q83440,country music,http://www.wikidata.org/entity/Q5035920,Capitol Records Nashville,,,
http://www.wikidata.org/entity/Q23017971,Try Everything,http://www.wikidata.org/entity/Q12006866,Tor Erik Hermansen,composer,,,http://www.wikidata.org/entity/Q37073,pop music,http://www.wikidata.org/entity/Q54860,Walt Disney Records,http://www.wikidata.org/entity/Q20,Norway,
http://www.wikidata.org/entity/Q23009038,Play,http://www.wikidata.org/entity/Q12375361,Stig Rästa,composer,,,http://www.wikidata.org/entity/Q11366,alternative rock,http://www.wikidata.org/entity/Q38903,Universal Music Group,http://www.wikidata.org/entity/Q191,Estonia,
http://www.wikidata.org/entity/Q23550820,I Seek/Daylight,http://www.wikidata.org/entity/Q626440,Arashi,performer,,,http://www.wikidata.org/entity/Q37073,pop music,http://www.wikidata.org/entity/Q1200105,Storm Labels,,,
http://www.wikidata.org/entity/Q23853630,Let Me Love You,http://www.wikidata.org/entity/Q109326450,Steven Franks,producer,,,http://www.wikidata.org/entity/Q850412,contemporary R&B,http://www.wikidata.org/entity/Q4413456,Republic Records,http://www.wikidata.org/entity/Q30,United States,
http://www.wikidata.org/entity/Q28430979,DKR,http://www.wikidata.org/entity/Q642477,Booba,performer,,,http://www.wikidata.org/entity/Q6010,rapping,http://www.wikidata.org/entity/Q3514539,Tallac Records,http://www.wikidata.org/entity/Q142,France,
http://www.wikidata.org/entity/Q28430979,DKR,http://www.wikidata.org/entity/Q642477,Booba,performer,,,http://www.wikidata.org/entity/Q369820,music of Africa,http://www.wikidata.org/entity/Q3514539,Tallac Records,http://www.wikidata.org/entity/Q142,France,
http://www.wikidata.org/entity/Q28841851,Hey Mamma,http://www.wikidata.org/entity/Q683473,SunStroke Project,performer,,,http://www.wikidata.org/entity/Q851213,electronic dance music,,,,,
http://www.wikidata.org/entity/Q28841851,Hey Mamma,http://www.wikidata.org/entity/Q683473,SunStroke Project,performer,,,http://www.wikidata.org/entity/Q1298934,synth-pop,,,,,
http://www.wikidata.org/entity/Q55701245,Soldier's Anthem,http://www.wikidata.org/entity/Q16273460,Yaşar Hafiz oğlu Baxışov,composer,,,http://www.wikidata.org/entity/Q37073,pop music,,,http://www.wikidata.org/entity/Q227,Azerbaijan,
http://www.wikidata.org/entity/Q55701245,Soldier's Anthem,http://www.wikidata.org/entity/Q16273460,Yaşar Hafiz oğlu Baxışov,composer,,,http://www.wikidata.org/entity/Q7148059,patriotic song,,,http://www.wikidata.org/entity/Q227,Azerbaijan,
http://www.wikidata.org/entity/Q55701245,Soldier's Anthem,http://www.wikidata.org/entity/Q16273460,Yaşar Hafiz oğlu Baxışov,composer,,,http://www.wikidata.org/entity/Q37073,pop music,,,http://www.wikidata.org/entity/Q15180,Soviet Union,
http://www.wikidata.org/entity/Q55701245,Soldier's Anthem,http://www.wikidata.org/entity/Q16273460,Yaşar Hafiz oğlu Baxışov,composer,,,http://www.wikidata.org/entity/Q7148059,patriotic song,,,http://www.wikidata.org/entity/Q15180,Soviet Union,
http://www.wikidata.org/entity/Q28541626,Blackbird,http://www.wikidata.org/entity/Q16990894,Leena Tirronen,composer,,,http://www.wikidata.org/entity/Q842324,indie pop,http://www.wikidata.org/entity/Q183412,EMI,http://www.wikidata.org/entity/Q33,Finland,
http://www.wikidata.org/entity/Q28842318,Where I Am,http://www.wikidata.org/entity/Q17411318,Anja Nissen,composer,,,http://www.wikidata.org/entity/Q1298934,synth-pop,http://www.wikidata.org/entity/Q165745,Mercury Records,http://www.wikidata.org/entity/Q408,Australia,
http://www.wikidata.org/entity/Q28842318,Where I Am,http://www.wikidata.org/entity/Q17411318,Anja Nissen,composer,,,http://www.wikidata.org/entity/Q1298934,synth-pop,http://www.wikidata.org/entity/Q165745,Mercury Records,http://www.wikidata.org/entity/Q756617,Kingdom of Denmark,
http://www.wikidata.org/entity/Q55695157,Stranger In The North,http://www.wikidata.org/entity/Q717075,Namewee,performer,,,http://www.wikidata.org/entity/Q11401,hip-hop,http://www.wikidata.org/entity/Q4828438,Avex Taiwan,http://www.wikidata.org/entity/Q833,Malaysia,
http://www.wikidata.org/entity/Q55695157,Stranger In The North,http://www.wikidata.org/entity/Q717075,Namewee,performer,,,http://www.wikidata.org/entity/Q973150,mandopop,http://www.wikidata.org/entity/Q4828438,Avex Taiwan,http://www.wikidata.org/entity/Q833,Malaysia,
http://www.wikidata.org/entity/Q26963266,Say You Won't Let Go,http://www.wikidata.org/entity/Q717626,James Arthur,performer,http://www.wikidata.org/entity/Q27622115,Back from the Edge,,,http://www.wikidata.org/entity/Q183387,Columbia Records,http://www.wikidata.org/entity/Q145,United Kingdom,
http://www.wikidata.org/entity/Q28840136,On My Way,http://www.wikidata.org/entity/Q742763,Omar Naber,performer,,,http://www.wikidata.org/entity/Q37073,pop music,http://www.wikidata.org/entity/Q38903,Universal Music Group,http://www.wikidata.org/entity/Q215,Slovenia,
http://www.wikidata.org/entity/Q22712616,Nessun grado di separazione,http://www.wikidata.org/entity/Q22670953,Federica Abbate,composer,,,http://www.wikidata.org/entity/Q37073,pop music,http://www.wikidata.org/entity/Q330629,Sony Music,http://www.wikidata.org/entity/Q38,Italy,
http://www.wikidata.org/entity/Q28735791,Occidentali's Karma,http://www.wikidata.org/entity/Q22695683,Francesco Gabbani,composer,,,http://www.wikidata.org/entity/Q188450,electropop,http://www.wikidata.org/entity/Q796316,BMG Rights Management,http://www.wikidata.org/entity/Q38,Italy,
http://www.wikidata.org/entity/Q28736384,Requiem,http://www.wikidata.org/entity/Q24572386,Nazim Khaled,composer,,,http://www.wikidata.org/entity/Q1162954,French pop,http://www.wikidata.org/entity/Q21077,Warner Music Group,http://www.wikidata.org/entity/Q142,France,
http://www.wikidata.org/entity/Q28748073,Do It for Your Lover,http://www.wikidata.org/entity/Q28573952,Manel Navarro,composer,,,http://www.wikidata.org/entity/Q37073,pop music,http://www.wikidata.org/entity/Q330629,Sony Music,http://www.wikidata.org/entity/Q29,Spain,
http://www.wikidata.org/entity/Q56651047,Zombie,http://www.wikidata.org/entity/Q56609980,ZILIOT,composer,,,http://www.wikidata.org/entity/Q2913982,trap music,,,http://www.wikidata.org/entity/Q414,Argentina,
http://www.wikidata.org/entity/Q56651047,Zombie,http://www.wikidata.org/entity/Q56651100,Farisha,composer,,,http://www.wikidata.org/entity/Q2913982,trap music,,,,,
http://www.wikidata.org/entity/Q59779835,We Appreciate Power,http://www.wikidata.org/entity/Q59779838,Chris Greatti,composer,,,http://www.wikidata.org/entity/Q263734,nu metal,http://www.wikidata.org/entity/Q238095,4AD,http://www.wikidata.org/entity/Q30,United States,
http://www.wikidata.org/entity/Q59779835,We Appreciate Power,http://www.wikidata.org/entity/Q59779838,Chris Greatti,composer,,,http://www.wikidata.org/entity/Q968730,industrial rock,http://www.wikidata.org/entity/Q238095,4AD,http://www.wikidata.org/entity/Q30,United States,
http://www.wikidata.org/entity/Q23020974,Sound of Silence,http://www.wikidata.org/entity/Q65553374,Anthony Egizii,composer,,,http://www.wikidata.org/entity/Q37073,pop music,http://www.wikidata.org/entity/Q330629,Sony Music,http://www.wikidata.org/entity/Q408,Australia,
http://www.wikidata.org/entity/Q57659924,Bitch Lasagna,http://www.wikidata.org/entity/Q95043614,Party In Backyard,composer,,,,,,,,,
http://www.wikidata.org/entity/Q55598477,Mamacita,http://www.wikidata.org/entity/Q106704072,Katrina Squad,composer,,,http://www.wikidata.org/entity/Q138020,French hip-hop,http://www.wikidata.org/entity/Q208909,Parlophone,,,
http://www.wikidata.org/entity/Q28430979,DKR,http://www.wikidata.org/entity/Q110093717,Heezy Lee,composer,,,http://www.wikidata.org/entity/Q6010,rapping,http://www.wikidata.org/entity/Q3514539,Tallac Records,http://www.wikidata.org/entity/Q142,France,
http://www.wikidata.org/entity/Q28430979,DKR,http://www.wikidata.org/entity/Q110093717,Heezy Lee,composer,,,http://www.wikidata.org/entity/Q369820,music of Africa,http://www.wikidata.org/entity/Q3514539,Tallac Records,http://www.wikidata.org/entity/Q142,France,
http://www.wikidata.org/entity/Q52374445,X,http://www.wikidata.org/entity/Q966845,J Balvin,performer,,,,,http://www.wikidata.org/entity/Q3244698,Sony Music Latin,http://www.wikidata.org/entity/Q739,Colombia,
http://www.wikidata.org/entity/Q58895468,Say My Name,http://www.wikidata.org/entity/Q966845,J Balvin,performer,,,http://www.wikidata.org/entity/Q211756,dance-pop,http://www.wikidata.org/entity/Q202440,Atlantic Records,http://www.wikidata.org/entity/Q739,Colombia,
http://www.wikidata.org/entity/Q58895468,Say My Name,http://www.wikidata.org/entity/Q966845,J Balvin,performer,,,http://www.wikidata.org/entity/Q211756,dance-pop,http://www.wikidata.org/entity/Q208909,Parlophone,http://www.wikidata.org/entity/Q739,Colombia,
http://www.wikidata.org/entity/Q58895468,Say My Name,http://www.wikidata.org/entity/Q966845,J Balvin,performer,,,http://www.wikidata.org/entity/Q211756,dance-pop,http://www.wikidata.org/entity/Q843402,Warner Bros. Records,http://www.wikidata.org/entity/Q739,Colombia,
http://www.wikidata.org/entity/Q58895468,Say My Name,http://www.wikidata.org/entity/Q966845,J Balvin,performer,,,http://www.wikidata.org/entity/Q211756,dance-pop,http://www.wikidata.org/entity/Q62554847,What a Music,http://www.wikidata.org/entity/Q739,Colombia,
http://www.wikidata.org/entity/Q55739506,Forse non lo sai,http://www.wikidata.org/entity/Q984697,Modà,performer,,,,,,,,,
http://www.wikidata.org/entity/Q25345291,Asking for It,http://www.wikidata.org/entity/Q1063812,Shinedown,performer,,,http://www.wikidata.org/entity/Q83270,hard rock,http://www.wikidata.org/entity/Q202440,Atlantic Records,,,
http://www.wikidata.org/entity/Q28430979,DKR,http://www.wikidata.org/entity/Q131449853,Q131449853,composer,,,http://www.wikidata.org/entity/Q6010,rapping,http://www.wikidata.org/entity/Q3514539,Tallac Records,http://www.wikidata.org/entity/Q142,France,
http://www.wikidata.org/entity/Q28430979,DKR,http://www.wikidata.org/entity/Q131449853,Q131449853,composer,,,http://www.wikidata.org/entity/Q369820,music of Africa,http://www.wikidata.org/entity/Q3514539,Tallac Records,http://www.wikidata.org/entity/Q142,France,
http://www.wikidata.org/entity/Q3489314,Q3489314,http://www.wikidata.org/entity/Q135437791,Bleu Soleil,composer,,,http://www.wikidata.org/entity/Q188450,electropop,,,,,
http://www.wikidata.org/entity/Q55103865,Station 13,http://www.wikidata.org/entity/Q1122583,Indochine,performer,,,http://www.wikidata.org/entity/Q187760,new wave,,,,,
http://www.wikidata.org/entity/Q55103865,Station 13,http://www.wikidata.org/entity/Q1122583,Indochine,performer,,,http://www.wikidata.org/entity/Q484641,pop rock,,,,,
http://www.wikidata.org/entity/Q23013567,Come With Me,http://www.wikidata.org/entity/Q1167969,Karmin,performer,,,http://www.wikidata.org/entity/Q37073,pop music,,,,,
http://www.wikidata.org/entity/Q28923038,Statements,http://www.wikidata.org/entity/Q1183405,Loreen,performer,,,http://www.wikidata.org/entity/Q25094849,art pop,http://www.wikidata.org/entity/Q21077,Warner Music Group,,,
http://www.wikidata.org/entity/Q60967790,Q60967790,http://www.wikidata.org/entity/Q1282901,Eddie Meduza,performer,,,,,,,http://www.wikidata.org/entity/Q34,Sweden,
http://www.wikidata.org/entity/Q53758969,Dame Tu Cosita,http://www.wikidata.org/entity/Q1323972,El Chombo,performer,,,http://www.wikidata.org/entity/Q202930,reggaeton,,,http://www.wikidata.org/entity/Q804,Panama,
http://www.wikidata.org/entity/Q52230893,Tahdon ihmeet takaisin,http://www.wikidata.org/entity/Q1324195,Mokoma,performer,,,,,http://www.wikidata.org/entity/Q6305494,Sakara Records,,,
http://www.wikidata.org/entity/Q26971179,Massugu,http://www.wikidata.org/entity/Q1336013,Shiritsu Ebisu Chugaku,performer,,,http://www.wikidata.org/entity/Q131578,J-pop,http://www.wikidata.org/entity/Q10852418,SME Records,,,
http://www.wikidata.org/entity/Q22075153,Lock Down (song),http://www.wikidata.org/entity/Q1346917,Stooshe,performer,,,http://www.wikidata.org/entity/Q850412,contemporary R&B,,,,,
http://www.wikidata.org/entity/Q58704960,Cold Little Heart,http://www.wikidata.org/entity/Q1355431,Michael Kiwanuka,performer,,,http://www.wikidata.org/entity/Q131272,soul,http://www.wikidata.org/entity/Q155152,Polydor,http://www.wikidata.org/entity/Q145,United Kingdom,
http://www.wikidata.org/entity/Q21203383,Talk Me Down,http://www.wikidata.org/entity/Q1362028,Troye Sivan,performer,,,http://www.wikidata.org/entity/Q37073,pop music,http://www.wikidata.org/entity/Q38903,Universal Music Group,http://www.wikidata.org/entity/Q258,South Africa,
http://www.wikidata.org/entity/Q21203383,Talk Me Down,http://www.wikidata.org/entity/Q1362028,Troye Sivan,performer,,,http://www.wikidata.org/entity/Q37073,pop music,http://www.wikidata.org/entity/Q38903,Universal Music Group,http://www.wikidata.org/entity/Q408,Australia,
http://www.wikidata.org/entity/Q28312319,En feu,http://www.wikidata.org/entity/Q1372291,Soprano,performer,,,http://www.wikidata.org/entity/Q138020,French hip-hop,http://www.wikidata.org/entity/Q208909,Parlophone,http://www.wikidata.org/entity/Q142,France,
http://www.wikidata.org/entity/Q55759503,Roule,http://www.wikidata.org/entity/Q1372291,Soprano,performer,,,,,,,http://www.wikidata.org/entity/Q142,France,
http://www.wikidata.org/entity/Q52374445,X,http://www.wikidata.org/entity/Q1374560,Nicky Jam,performer,,,,,http://www.wikidata.org/entity/Q3244698,Sony Music Latin,http://www.wikidata.org/entity/Q30,United States,
http://www.wikidata.org/entity/Q54178905,Live It Up,http://www.wikidata.org/entity/Q1374560,Nicky Jam,performer,,,http://www.wikidata.org/entity/Q9794,reggae,http://www.wikidata.org/entity/Q38903,Universal Music Group,http://www.wikidata.org/entity/Q30,United States,
http://www.wikidata.org/entity/Q54178905,Live It Up,http://www.wikidata.org/entity/Q1374560,Nicky Jam,performer,,,http://www.wikidata.org/entity/Q11401,hip-hop,http://www.wikidata.org/entity/Q38903,Universal Music Group,http://www.wikidata.org/entity/Q30,United States,
http://www.wikidata.org/entity/Q54178905,Live It Up,http://www.wikidata.org/entity/Q1374560,Nicky Jam,performer,,,http://www.wikidata.org/entity/Q170611,techno,http://www.wikidata.org/entity/Q38903,Universal Music Group,http://www.wikidata.org/entity/Q30,United States,
http://www.wikidata.org/entity/Q54178905,Live It Up,http://www.wikidata.org/entity/Q1374560,Nicky Jam,performer,,,http://www.wikidata.org/entity/Q202930,reggaeton,http://www.wikidata.org/entity/Q38903,Universal Music Group,http://www.wikidata.org/entity/Q30,United States,
http://www.wikidata.org/entity/Q54178905,Live It Up,http://www.wikidata.org/entity/Q1374560,Nicky Jam,performer,,,http://www.wikidata.org/entity/Q211756,dance-pop,http://www.wikidata.org/entity/Q38903,Universal Music Group,http://www.wikidata.org/entity/Q30,United States,
http://www.wikidata.org/entity/Q54178905,Live It Up,http://www.wikidata.org/entity/Q1374560,Nicky Jam,performer,,,http://www.wikidata.org/entity/Q2572585,pop rap,http://www.wikidata.org/entity/Q38903,Universal Music Group,http://www.wikidata.org/entity/Q30,United States,
http://www.wikidata.org/entity/Q54178905,Live It Up,http://www.wikidata.org/entity/Q1374560,Nicky Jam,performer,,,http://www.wikidata.org/entity/Q9794,reggae,http://www.wikidata.org/entity/Q56760250,Sony Music,http://www.wikidata.org/entity/Q30,United States,
http://www.wikidata.org/entity/Q54178905,Live It Up,http://www.wikidata.org/entity/Q1374560,Nicky Jam,performer,,,http://www.wikidata.org/entity/Q11401,hip-hop,http://www.wikidata.org/entity/Q56760250,Sony Music,http://www.wikidata.org/entity/Q30,United States,
http://www.wikidata.org/entity/Q54178905,Live It Up,http://www.wikidata.org/entity/Q1374560,Nicky Jam,performer,,,http://www.wikidata.org/entity/Q170611,techno,http://www.wikidata.org/entity/Q56760250,Sony Music,http://www.wikidata.org/entity/Q30,United States,
http://www.wikidata.org/entity/Q54178905,Live It Up,http://www.wikidata.org/entity/Q1374560,Nicky Jam,performer,,,http://www.wikidata.org/entity/Q202930,reggaeton,http://www.wikidata.org/entity/Q56760250,Sony Music,http://www.wikidata.org/entity/Q30,United States,
http://www.wikidata.org/entity/Q54178905,Live It Up,http://www.wikidata.org/entity/Q1374560,Nicky Jam,performer,,,http://www.wikidata.org/entity/Q211756,dance-pop,http://www.wikidata.org/entity/Q56760250,Sony Music,http://www.wikidata.org/entity/Q30,United States,
http://www.wikidata.org/entity/Q54178905,Live It Up,http://www.wikidata.org/entity/Q1374560,Nicky Jam,performer,,,http://www.wikidata.org/entity/Q2572585,pop rap,http://www.wikidata.org/entity/Q56760250,Sony Music,http://www.wikidata.org/entity/Q30,United States,
http://www.wikidata.org/entity/Q58412573,Baby,http://www.wikidata.org/entity/Q1387726,Luis Fonsi,performer,,,http://www.wikidata.org/entity/Q9778,electronic music,http://www.wikidata.org/entity/Q202440,Atlantic Records,http://www.wikidata.org/entity/Q30,United States,
http://www.wikidata.org/entity/Q58412573,Baby,http://www.wikidata.org/entity/Q1387726,Luis Fonsi,performer,,,http://www.wikidata.org/entity/Q547137,Latin pop,http://www.wikidata.org/entity/Q202440,Atlantic Records,http://www.wikidata.org/entity/Q30,United States,
http://www.wikidata.org/entity/Q59779835,We Appreciate Power,http://www.wikidata.org/entity/Q2066647,Hana Pestle,performer,,,http://www.wikidata.org/entity/Q263734,nu metal,http://www.wikidata.org/entity/Q238095,4AD,http://www.wikidata.org/entity/Q30,United States,
http://www.wikidata.org/entity/Q59779835,We Appreciate Power,http://www.wikidata.org/entity/Q2066647,Hana Pestle,performer,,,http://www.wikidata.org/entity/Q968730,industrial rock,http://www.wikidata.org/entity/Q238095,4AD,http://www.wikidata.org/entity/Q30,United States,
http://www.wikidata.org/entity/Q55701245,Soldier's Anthem,http://www.wikidata.org/entity/Q2361757,Aygün Kazimova,performer,,,http://www.wikidata.org/entity/Q37073,pop music,,,http://www.wikidata.org/entity/Q227,Azerbaijan,
http://www.wikidata.org/entity/Q55701245,Soldier's Anthem,http://www.wikidata.org/entity/Q2361757,Aygün Kazimova,performer,,,http://www.wikidata.org/entity/Q7148059,patriotic song,,,http://www.wikidata.org/entity/Q227,Azerbaijan,
http://www.wikidata.org/entity/Q28807964,My Friend,http://www.wikidata.org/entity/Q2607446,Jacques Houdek,performer,,,http://www.wikidata.org/entity/Q2336819,operatic pop,,,http://www.wikidata.org/entity/Q224,Croatia,
http://www.wikidata.org/entity/Q28452142,Past Lives,http://www.wikidata.org/entity/Q2613632,Local Natives,performer,,,http://www.wikidata.org/entity/Q183504,indie rock,http://www.wikidata.org/entity/Q17070143,Loma Vista Recordings,,,
http://www.wikidata.org/entity/Q56376328,Q56376328,http://www.wikidata.org/entity/Q2662517,Jamala,performer,,,,,,,http://www.wikidata.org/entity/Q212,Ukraine,
http://www.wikidata.org/entity/Q28053824,Pitchi Li Et Daltech,http://www.wikidata.org/entity/Q2910279,Berry Sakharof,performer,,,http://www.wikidata.org/entity/Q36196,Judaeo-Spanish,http://www.wikidata.org/entity/Q6812624,NaNa Disc,http://www.wikidata.org/entity/Q801,Israel,
http://www.wikidata.org/entity/Q28053824,Pitchi Li Et Daltech,http://www.wikidata.org/entity/Q2910279,Berry Sakharof,performer,,,http://www.wikidata.org/entity/Q205049,world music,http://www.wikidata.org/entity/Q6812624,NaNa Disc,http://www.wikidata.org/entity/Q801,Israel,
http://www.wikidata.org/entity/Q28053877,Shir HaChayal,http://www.wikidata.org/entity/Q2910279,Berry Sakharof,performer,,,http://www.wikidata.org/entity/Q36196,Judaeo-Spanish,http://www.wikidata.org/entity/Q6812624,NaNa Disc,http://www.wikidata.org/entity/Q801,Israel,
http://www.wikidata.org/entity/Q28053877,Shir HaChayal,http://www.wikidata.org/entity/Q2910279,Berry Sakharof,performer,,,http://www.wikidata.org/entity/Q205049,world music,http://www.wikidata.org/entity/Q6812624,NaNa Disc,http://www.wikidata.org/entity/Q801,Israel,
http://www.wikidata.org/entity/Q28801615,Breathlessly,http://www.wikidata.org/entity/Q2978405,Claudia Faniello,performer,,,http://www.wikidata.org/entity/Q37073,pop music,,,http://www.wikidata.org/entity/Q233,Malta,
http://www.wikidata.org/entity/Q23009830,Elmostahil Makainsh Febali,http://www.wikidata.org/entity/Q3136199,OUBEL,performer,,,http://www.wikidata.org/entity/Q37073,pop music,http://www.wikidata.org/entity/Q23009831,New Lixus Entertainment,http://www.wikidata.org/entity/Q1028,Morocco,
http://www.wikidata.org/entity/Q23009830,Elmostahil Makainsh Febali,http://www.wikidata.org/entity/Q3136199,OUBEL,performer,,,http://www.wikidata.org/entity/Q205049,world music,http://www.wikidata.org/entity/Q23009831,New Lixus Entertainment,http://www.wikidata.org/entity/Q1028,Morocco,
http://www.wikidata.org/entity/Q23009830,Elmostahil Makainsh Febali,http://www.wikidata.org/entity/Q3136199,OUBEL,performer,,,http://www.wikidata.org/entity/Q16977816,Moroccan pop,http://www.wikidata.org/entity/Q23009831,New Lixus Entertainment,http://www.wikidata.org/entity/Q1028,Morocco,
http://www.wikidata.org/entity/Q28503757,La magia del amor,http://www.wikidata.org/entity/Q3324960,Wendy Sulca,performer,,,http://www.wikidata.org/entity/Q37073,pop music,,,http://www.wikidata.org/entity/Q419,Peru,
http://www.wikidata.org/entity/Q28503757,La magia del amor,http://www.wikidata.org/entity/Q3324960,Wendy Sulca,performer,,,http://www.wikidata.org/entity/Q547137,Latin pop,,,http://www.wikidata.org/entity/Q419,Peru,
http://www.wikidata.org/entity/Q27988136,I Don't Wanna Live Forever,http://www.wikidata.org/entity/Q3626950,Zayn Malik,performer,,,http://www.wikidata.org/entity/Q188450,electropop,http://www.wikidata.org/entity/Q38903,Universal Music Group,http://www.wikidata.org/entity/Q145,United Kingdom,
http://www.wikidata.org/entity/Q27988136,I Don't Wanna Live Forever,http://www.wikidata.org/entity/Q3626950,Zayn Malik,performer,,,http://www.wikidata.org/entity/Q217597,electro,http://www.wikidata.org/entity/Q38903,Universal Music Group,http://www.wikidata.org/entity/Q145,United Kingdom,
http://www.wikidata.org/entity/Q27988136,I Don't Wanna Live Forever,http://www.wikidata.org/entity/Q3626950,Zayn Malik,performer,,,http://www.wikidata.org/entity/Q850412,contemporary R&B,http://www.wikidata.org/entity/Q38903,Universal Music Group,http://www.wikidata.org/entity/Q145,United Kingdom,
http://www.wikidata.org/entity/Q54034175,Entertainer,http://www.wikidata.org/entity/Q3626950,Zayn Malik,performer,,,http://www.wikidata.org/entity/Q37073,pop music,http://www.wikidata.org/entity/Q202585,RCA Records,http://www.wikidata.org/entity/Q145,United Kingdom,
http://www.wikidata.org/entity/Q28841873,Time,http://www.wikidata.org/entity/Q4045567,O.Torvald,performer,,,http://www.wikidata.org/entity/Q11366,alternative rock,,,,,
http://www.wikidata.org/entity/Q28464901,Keep the Faith,http://www.wikidata.org/entity/Q4949623,Tako Gachechiladze,performer,,,http://www.wikidata.org/entity/Q37073,pop music,http://www.wikidata.org/entity/Q38903,Universal Music Group,http://www.wikidata.org/entity/Q230,Georgia,
http://www.wikidata.org/entity/Q28464901,Keep the Faith,http://www.wikidata.org/entity/Q4949623,Tako Gachechiladze,performer,,,http://www.wikidata.org/entity/Q131272,soul,http://www.wikidata.org/entity/Q38903,Universal Music Group,http://www.wikidata.org/entity/Q230,Georgia,
http://www.wikidata.org/entity/Q28054250,World,http://www.wikidata.org/entity/Q4952077,Lindita Halimi,performer,,,http://www.wikidata.org/entity/Q11399,rock music,http://www.wikidata.org/entity/Q38903,Universal Music Group,http://www.wikidata.org/entity/Q222,Albania,
http://www.wikidata.org/entity/Q28054250,World,http://www.wikidata.org/entity/Q4952077,Lindita Halimi,performer,,,http://www.wikidata.org/entity/Q37073,pop music,http://www.wikidata.org/entity/Q38903,Universal Music Group,http://www.wikidata.org/entity/Q222,Albania,
http://www.wikidata.org/entity/Q28054250,World,http://www.wikidata.org/entity/Q4952077,Lindita Halimi,performer,,,http://www.wikidata.org/entity/Q131272,soul,http://www.wikidata.org/entity/Q38903,Universal Music Group,http://www.wikidata.org/entity/Q222,Albania,
http://www.wikidata.org/entity/Q28054250,World,http://www.wikidata.org/entity/Q4952077,Lindita Halimi,performer,,,http://www.wikidata.org/entity/Q11399,rock music,http://www.wikidata.org/entity/Q38903,Universal Music Group,http://www.wikidata.org/entity/Q1246,Kosovo,
http://www.wikidata.org/entity/Q28054250,World,http://www.wikidata.org/entity/Q4952077,Lindita Halimi,performer,,,http://www.wikidata.org/entity/Q37073,pop music,http://www.wikidata.org/entity/Q38903,Universal Music Group,http://www.wikidata.org/entity/Q1246,Kosovo,
http://www.wikidata.org/entity/Q28054250,World,http://www.wikidata.org/entity/Q4952077,Lindita Halimi,performer,,,http://www.wikidata.org/entity/Q131272,soul,http://www.wikidata.org/entity/Q38903,Universal Music Group,http://www.wikidata.org/entity/Q1246,Kosovo,
http://www.wikidata.org/entity/Q21857174,Fairytale,http://www.wikidata.org/entity/Q4982056,Eneda Tarifa,performer,,,http://www.wikidata.org/entity/Q37073,pop music,http://www.wikidata.org/entity/Q38903,Universal Music Group,http://www.wikidata.org/entity/Q222,Albania,
http://www.wikidata.org/entity/Q28452074,Autograph,http://www.wikidata.org/entity/Q5211413,Dallas Smith,performer,,,http://www.wikidata.org/entity/Q2280497,country pop,http://www.wikidata.org/entity/Q247212,604 Records,http://www.wikidata.org/entity/Q16,Canada,
http://www.wikidata.org/entity/Q28053824,Pitchi Li Et Daltech,http://www.wikidata.org/entity/Q5348678,Ehud Banai,performer,,,http://www.wikidata.org/entity/Q36196,Judaeo-Spanish,http://www.wikidata.org/entity/Q6812624,NaNa Disc,http://www.wikidata.org/entity/Q801,Israel,
http://www.wikidata.org/entity/Q28053824,Pitchi Li Et Daltech,http://www.wikidata.org/entity/Q5348678,Ehud Banai,performer,,,http://www.wikidata.org/entity/Q205049,world music,http://www.wikidata.org/entity/Q6812624,NaNa Disc,http://www.wikidata.org/entity/Q801,Israel,
http://www.wikidata.org/entity/Q28053877,Shir HaChayal,http://www.wikidata.org/entity/Q5348678,Ehud Banai,performer,,,http://www.wikidata.org/entity/Q36196,Judaeo-Spanish,http://www.wikidata.org/entity/Q6812624,NaNa Disc,http://www.wikidata.org/entity/Q801,Israel,
http://www.wikidata.org/entity/Q28053877,Shir HaChayal,http://www.wikidata.org/entity/Q5348678,Ehud Banai,performer,,,http://www.wikidata.org/entity/Q205049,world music,http://www.wikidata.org/entity/Q6812624,NaNa Disc,http://www.wikidata.org/entity/Q801,Israel,
http://www.wikidata.org/entity/Q61439722,Calma,http://www.wikidata.org/entity/Q5436372,Farruko,performer,,,http://www.wikidata.org/entity/Q547137,Latin pop,http://www.wikidata.org/entity/Q3244698,Sony Music Latin,http://www.wikidata.org/entity/Q30,United States,
http://www.wikidata.org/entity/Q23013639,Human,http://www.wikidata.org/entity/Q6252652,Oscar Zia,performer,,,,,http://www.wikidata.org/entity/Q208909,Parlophone,http://www.wikidata.org/entity/Q34,Sweden,
http://www.wikidata.org/entity/Q61439722,Calma,http://www.wikidata.org/entity/Q7159501,Pedro Capó,performer,,,http://www.wikidata.org/entity/Q547137,Latin pop,http://www.wikidata.org/entity/Q3244698,Sony Music Latin,http://www.wikidata.org/entity/Q30,United States,
http://www.wikidata.org/entity/Q28452361,Thumbs,http://www.wikidata.org/entity/Q7396400,Sabrina Carpenter,performer,,,http://www.wikidata.org/entity/Q188450,electropop,http://www.wikidata.org/entity/Q387539,Hollywood Records,http://www.wikidata.org/entity/Q30,United States,
http://www.wikidata.org/entity/Q61098377,Oong Ang Oong,http://www.wikidata.org/entity/Q7413792,San E,performer,,,http://www.wikidata.org/entity/Q11401,hip-hop,,,http://www.wikidata.org/entity/Q884,South Korea,
http://www.wikidata.org/entity/Q27042905,Ultra Chō Miracle Super Very Power Ball,http://www.wikidata.org/entity/Q9349505,TEAM SHACHI,performer,,,,,,,,,
http://www.wikidata.org/entity/Q28312312,Debaixo do Mesmo Céu,http://www.wikidata.org/entity/Q10307615,Joelma,performer,,,,,,,http://www.wikidata.org/entity/Q155,Brazil,
http://www.wikidata.org/entity/Q10832971,Chikichikibanban,http://www.wikidata.org/entity/Q11130756,QUEENDOM,performer,,,http://www.wikidata.org/entity/Q131578,J-pop,http://www.wikidata.org/entity/Q1988428,Avex Trax,,,
http://www.wikidata.org/entity/Q10832971,Chikichikibanban,http://www.wikidata.org/entity/Q11130756,QUEENDOM,performer,,,http://www.wikidata.org/entity/Q851213,electronic dance music,http://www.wikidata.org/entity/Q1988428,Avex Trax,,,
http://www.wikidata.org/entity/Q27844360,Koi,http://www.wikidata.org/entity/Q11286857,Gen Hoshino,performer,,,http://www.wikidata.org/entity/Q131272,soul,http://www.wikidata.org/entity/Q1202628,Victor Entertainment,http://www.wikidata.org/entity/Q17,Japan,
http://www.wikidata.org/entity/Q27844360,Koi,http://www.wikidata.org/entity/Q11286857,Gen Hoshino,performer,,,http://www.wikidata.org/entity/Q131578,J-pop,http://www.wikidata.org/entity/Q1202628,Victor Entertainment,http://www.wikidata.org/entity/Q17,Japan,
http://www.wikidata.org/entity/Q58412573,Baby,http://www.wikidata.org/entity/Q11838808,Clean Bandit,performer,,,http://www.wikidata.org/entity/Q9778,electronic music,http://www.wikidata.org/entity/Q202440,Atlantic Records,,,
http://www.wikidata.org/entity/Q58412573,Baby,http://www.wikidata.org/entity/Q11838808,Clean Bandit,performer,,,http://www.wikidata.org/entity/Q547137,Latin pop,http://www.wikidata.org/entity/Q202440,Atlantic Records,,,
http://www.wikidata.org/entity/Q57659924,Bitch Lasagna,http://www.wikidata.org/entity/Q13423853,PewDiePie,performer,,,,,,,http://www.wikidata.org/entity/Q34,Sweden,
http://www.wikidata.org/entity/Q53866843,Fake Love,http://www.wikidata.org/entity/Q13580495,BTS,performer,,,http://www.wikidata.org/entity/Q213665,K-pop,http://www.wikidata.org/entity/Q106296918,Big Hit Music,,,
http://www.wikidata.org/entity/Q56343290,Not Today,http://www.wikidata.org/entity/Q13580495,BTS,performer,,,http://www.wikidata.org/entity/Q213665,K-pop,http://www.wikidata.org/entity/Q16161254,HYBE,,,
http://www.wikidata.org/entity/Q22902802,Cool Me Down,http://www.wikidata.org/entity/Q13583387,Margaret,performer,,,http://www.wikidata.org/entity/Q37073,pop music,http://www.wikidata.org/entity/Q11766161,Magic Records,http://www.wikidata.org/entity/Q36,Poland,
http://www.wikidata.org/entity/Q60664490,Pop/Stars,http://www.wikidata.org/entity/Q15059490,Madison Beer,performer,,,http://www.wikidata.org/entity/Q37073,pop music,http://www.wikidata.org/entity/Q1060165,Riot Games,http://www.wikidata.org/entity/Q30,United States,
http://www.wikidata.org/entity/Q60664490,Pop/Stars,http://www.wikidata.org/entity/Q15059490,Madison Beer,performer,,,http://www.wikidata.org/entity/Q2913982,trap music,http://www.wikidata.org/entity/Q1060165,Riot Games,http://www.wikidata.org/entity/Q30,United States,
http://www.wikidata.org/entity/Q23020974,Sound of Silence,http://www.wikidata.org/entity/Q15126651,Dami Im,performer,,,http://www.wikidata.org/entity/Q37073,pop music,http://www.wikidata.org/entity/Q330629,Sony Music,http://www.wikidata.org/entity/Q408,Australia,
http://www.wikidata.org/entity/Q58895468,Say My Name,http://www.wikidata.org/entity/Q16185856,Bebe Rexha,performer,,,http://www.wikidata.org/entity/Q211756,dance-pop,http://www.wikidata.org/entity/Q202440,Atlantic Records,http://www.wikidata.org/entity/Q30,United States,
http://www.wikidata.org/entity/Q58895468,Say My Name,http://www.wikidata.org/entity/Q16185856,Bebe Rexha,performer,,,http://www.wikidata.org/entity/Q211756,dance-pop,http://www.wikidata.org/entity/Q208909,Parlophone,http://www.wikidata.org/entity/Q30,United States,
http://www.wikidata.org/entity/Q58895468,Say My Name,http://www.wikidata.org/entity/Q16185856,Bebe Rexha,performer,,,http://www.wikidata.org/entity/Q211756,dance-pop,http://www.wikidata.org/entity/Q843402,Warner Bros. Records,http://www.wikidata.org/entity/Q30,United States,
http://www.wikidata.org/entity/Q58895468,Say My Name,http://www.wikidata.org/entity/Q16185856,Bebe Rexha,performer,,,http://www.wikidata.org/entity/Q211756,dance-pop,http://www.wikidata.org/entity/Q62554847,What a Music,http://www.wikidata.org/entity/Q30,United States,
http://www.wikidata.org/entity/Q25212180,Kill the Lights,http://www.wikidata.org/entity/Q16202297,DJ Cassidy,performer,,,,,http://www.wikidata.org/entity/Q21077,Warner Music Group,http://www.wikidata.org/entity/Q30,United States,
http://www.wikidata.org/entity/Q26124205,Consideration,http://www.wikidata.org/entity/Q16210722,SZA,performer,,,,,http://www.wikidata.org/entity/Q1194456,Roc Nation,http://www.wikidata.org/entity/Q30,United States,
http://www.wikidata.org/entity/Q25218609,Cry,http://www.wikidata.org/entity/Q16333772,Sigma,performer,http://www.wikidata.org/entity/Q29062133,Wonderland,http://www.wikidata.org/entity/Q37073,pop music,http://www.wikidata.org/entity/Q2484080,3 Beat Records,,,
http://www.wikidata.org/entity/Q28844029,Line,http://www.wikidata.org/entity/Q16353980,Triana Park,performer,,,http://www.wikidata.org/entity/Q9778,electronic music,,,,,
http://www.wikidata.org/entity/Q23672811,J'ai cherché,http://www.wikidata.org/entity/Q16887680,Amir,performer,,,http://www.wikidata.org/entity/Q37073,pop music,,,http://www.wikidata.org/entity/Q142,France,
http://www.wikidata.org/entity/Q23672811,J'ai cherché,http://www.wikidata.org/entity/Q16887680,Amir,performer,,,http://www.wikidata.org/entity/Q37073,pop music,,,http://www.wikidata.org/entity/Q801,Israel,
http://www.wikidata.org/entity/Q22964724,Sing It Away,http://www.wikidata.org/entity/Q16868758,Sandhja,performer,,,http://www.wikidata.org/entity/Q45981,rhythm and blues,http://www.wikidata.org/entity/Q20966672,Sony Music Finland,http://www.wikidata.org/entity/Q33,Finland,
http://www.wikidata.org/entity/Q22964724,Sing It Away,http://www.wikidata.org/entity/Q16868758,Sandhja,performer,,,http://www.wikidata.org/entity/Q211756,dance-pop,http://www.wikidata.org/entity/Q20966672,Sony Music Finland,http://www.wikidata.org/entity/Q33,Finland,
http://www.wikidata.org/entity/Q54178905,Live It Up,http://www.wikidata.org/entity/Q16911049,Era Istrefi,performer,,,http://www.wikidata.org/entity/Q9794,reggae,http://www.wikidata.org/entity/Q38903,Universal Music Group,http://www.wikidata.org/entity/Q222,Albania,
http://www.wikidata.org/entity/Q54178905,Live It Up,http://www.wikidata.org/entity/Q16911049,Era Istrefi,performer,,,http://www.wikidata.org/entity/Q11401,hip-hop,http://www.wikidata.org/entity/Q38903,Universal Music Group,http://www.wikidata.org/entity/Q222,Albania,
http://www.wikidata.org/entity/Q54178905,Live It Up,http://www.wikidata.org/entity/Q16911049,Era Istrefi,performer,,,http://www.wikidata.org/entity/Q170611,techno,http://www.wikidata.org/entity/Q38903,Universal Music Group,http://www.wikidata.org/entity/Q222,Albania,
http://www.wikidata.org/entity/Q54178905,Live It Up,http://www.wikidata.org/entity/Q16911049,Era Istrefi,performer,,,http://www.wikidata.org/entity/Q202930,reggaeton,http://www.wikidata.org/entity/Q38903,Universal Music Group,http://www.wikidata.org/entity/Q222,Albania,
http://www.wikidata.org/entity/Q54178905,Live It Up,http://www.wikidata.org/entity/Q16911049,Era Istrefi,performer,,,http://www.wikidata.org/entity/Q211756,dance-pop,http://www.wikidata.org/entity/Q38903,Universal Music Group,http://www.wikidata.org/entity/Q222,Albania,
http://www.wikidata.org/entity/Q54178905,Live It Up,http://www.wikidata.org/entity/Q16911049,Era Istrefi,performer,,,http://www.wikidata.org/entity/Q2572585,pop rap,http://www.wikidata.org/entity/Q38903,Universal Music Group,http://www.wikidata.org/entity/Q222,Albania,
http://www.wikidata.org/entity/Q54178905,Live It Up,http://www.wikidata.org/entity/Q16911049,Era Istrefi,performer,,,http://www.wikidata.org/entity/Q9794,reggae,http://www.wikidata.org/entity/Q56760250,Sony Music,http://www.wikidata.org/entity/Q222,Albania,
http://www.wikidata.org/entity/Q54178905,Live It Up,http://www.wikidata.org/entity/Q16911049,Era Istrefi,performer,,,http://www.wikidata.org/entity/Q11401,hip-hop,http://www.wikidata.org/entity/Q56760250,Sony Music,http://www.wikidata.org/entity/Q222,Albania,
http://www.wikidata.org/entity/Q54178905,Live It Up,http://www.wikidata.org/entity/Q16911049,Era Istrefi,performer,,,http://www.wikidata.org/entity/Q170611,techno,http://www.wikidata.org/entity/Q56760250,Sony Music,http://www.wikidata.org/entity/Q222,Albania,
http://www.wikidata.org/entity/Q54178905,Live It Up,http://www.wikidata.org/entity/Q16911049,Era Istrefi,performer,,,http://www.wikidata.org/entity/Q202930,reggaeton,http://www.wikidata.org/entity/Q56760250,Sony Music,http://www.wikidata.org/entity/Q222,Albania,
http://www.wikidata.org/entity/Q54178905,Live It Up,http://www.wikidata.org/entity/Q16911049,Era Istrefi,performer,,,http://www.wikidata.org/entity/Q211756,dance-pop,http://www.wikidata.org/entity/Q56760250,Sony Music,http://www.wikidata.org/entity/Q222,Albania,
http://www.wikidata.org/entity/Q54178905,Live It Up,http://www.wikidata.org/entity/Q16911049,Era Istrefi,performer,,,http://www.wikidata.org/entity/Q2572585,pop rap,http://www.wikidata.org/entity/Q56760250,Sony Music,http://www.wikidata.org/entity/Q222,Albania,
http://www.wikidata.org/entity/Q54178905,Live It Up,http://www.wikidata.org/entity/Q16911049,Era Istrefi,performer,,,http://www.wikidata.org/entity/Q9794,reggae,http://www.wikidata.org/entity/Q38903,Universal Music Group,http://www.wikidata.org/entity/Q1246,Kosovo,
http://www.wikidata.org/entity/Q54178905,Live It Up,http://www.wikidata.org/entity/Q16911049,Era Istrefi,performer,,,http://www.wikidata.org/entity/Q11401,hip-hop,http://www.wikidata.org/entity/Q38903,Universal Music Group,http://www.wikidata.org/entity/Q1246,Kosovo,
http://www.wikidata.org/entity/Q54178905,Live It Up,http://www.wikidata.org/entity/Q16911049,Era Istrefi,performer,,,http://www.wikidata.org/entity/Q170611,techno,http://www.wikidata.org/entity/Q38903,Universal Music Group,http://www.wikidata.org/entity/Q1246,Kosovo,
http://www.wikidata.org/entity/Q54178905,Live It Up,http://www.wikidata.org/entity/Q16911049,Era Istrefi,performer,,,http://www.wikidata.org/entity/Q202930,reggaeton,http://www.wikidata.org/entity/Q38903,Universal Music Group,http://www.wikidata.org/entity/Q1246,Kosovo,
http://www.wikidata.org/entity/Q54178905,Live It Up,http://www.wikidata.org/entity/Q16911049,Era Istrefi,performer,,,http://www.wikidata.org/entity/Q211756,dance-pop,http://www.wikidata.org/entity/Q38903,Universal Music Group,http://www.wikidata.org/entity/Q1246,Kosovo,
http://www.wikidata.org/entity/Q54178905,Live It Up,http://www.wikidata.org/entity/Q16911049,Era Istrefi,performer,,,http://www.wikidata.org/entity/Q2572585,pop rap,http://www.wikidata.org/entity/Q38903,Universal Music Group,http://www.wikidata.org/entity/Q1246,Kosovo,
http://www.wikidata.org/entity/Q54178905,Live It Up,http://www.wikidata.org/entity/Q16911049,Era Istrefi,performer,,,http://www.wikidata.org/entity/Q9794,reggae,http://www.wikidata.org/entity/Q56760250,Sony Music,http://www.wikidata.org/entity/Q1246,Kosovo,
http://www.wikidata.org/entity/Q54178905,Live It Up,http://www.wikidata.org/entity/Q16911049,Era Istrefi,performer,,,http://www.wikidata.org/entity/Q11401,hip-hop,http://www.wikidata.org/entity/Q56760250,Sony Music,http://www.wikidata.org/entity/Q1246,Kosovo,
http://www.wikidata.org/entity/Q54178905,Live It Up,http://www.wikidata.org/entity/Q16911049,Era Istrefi,performer,,,http://www.wikidata.org/entity/Q170611,techno,http://www.wikidata.org/entity/Q56760250,Sony Music,http://www.wikidata.org/entity/Q1246,Kosovo,
http://www.wikidata.org/entity/Q54178905,Live It Up,http://www.wikidata.org/entity/Q16911049,Era Istrefi,performer,,,http://www.wikidata.org/entity/Q202930,reggaeton,http://www.wikidata.org/entity/Q56760250,Sony Music,http://www.wikidata.org/entity/Q1246,Kosovo,
http://www.wikidata.org/entity/Q54178905,Live It Up,http://www.wikidata.org/entity/Q16911049,Era Istrefi,performer,,,http://www.wikidata.org/entity/Q211756,dance-pop,http://www.wikidata.org/entity/Q56760250,Sony Music,http://www.wikidata.org/entity/Q1246,Kosovo,
http://www.wikidata.org/entity/Q54178905,Live It Up,http://www.wikidata.org/entity/Q16911049,Era Istrefi,performer,,,http://www.wikidata.org/entity/Q2572585,pop rap,http://www.wikidata.org/entity/Q56760250,Sony Music,http://www.wikidata.org/entity/Q1246,Kosovo,
http://www.wikidata.org/entity/Q60595366,Maturidade,http://www.wikidata.org/entity/Q16940763,Matheus e Kauan,performer,,,,,http://www.wikidata.org/entity/Q330629,Sony Music,,,
http://www.wikidata.org/entity/Q28453007,You Don't Know Me,http://www.wikidata.org/entity/Q16995320,Jax Jones,performer,http://www.wikidata.org/entity/Q74009899,Jax Jones singles discography,,,http://www.wikidata.org/entity/Q155152,Polydor,http://www.wikidata.org/entity/Q145,United Kingdom,
http://www.wikidata.org/entity/Q28453007,You Don't Know Me,http://www.wikidata.org/entity/Q16995320,Jax Jones,performer,http://www.wikidata.org/entity/Q74014602,Raye singles discography,,,http://www.wikidata.org/entity/Q155152,Polydor,http://www.wikidata.org/entity/Q145,United Kingdom,
http://www.wikidata.org/entity/Q28842318,Where I Am,http://www.wikidata.org/entity/Q17411318,Anja Nissen,performer,,,http://www.wikidata.org/entity/Q1298934,synth-pop,http://www.wikidata.org/entity/Q165745,Mercury Records,http://www.wikidata.org/entity/Q408,Australia,
http://www.wikidata.org/entity/Q28842318,Where I Am,http://www.wikidata.org/entity/Q17411318,Anja Nissen,performer,,,http://www.wikidata.org/entity/Q1298934,synth-pop,http://www.wikidata.org/entity/Q165745,Mercury Records,http://www.wikidata.org/entity/Q756617,Kingdom of Denmark,
http://www.wikidata.org/entity/Q59558470,RBB (Really Bad Boy),http://www.wikidata.org/entity/Q17466114,Red Velvet,performer,,,http://www.wikidata.org/entity/Q45981,rhythm and blues,http://www.wikidata.org/entity/Q483938,SM Entertainment,,,
http://www.wikidata.org/entity/Q59558470,RBB (Really Bad Boy),http://www.wikidata.org/entity/Q17466114,Red Velvet,performer,,,http://www.wikidata.org/entity/Q213665,K-pop,http://www.wikidata.org/entity/Q483938,SM Entertainment,,,
http://www.wikidata.org/entity/Q28859337,War Paint,http://www.wikidata.org/entity/Q18044915,Madeline Merlo,performer,,,http://www.wikidata.org/entity/Q2280497,country pop,http://www.wikidata.org/entity/Q7096180,Open Road Recordings,http://www.wikidata.org/entity/Q16,Canada,
http://www.wikidata.org/entity/Q28325316,Not Afraid Anymore,http://www.wikidata.org/entity/Q18534249,Halsey,performer,,,http://www.wikidata.org/entity/Q188450,electropop,http://www.wikidata.org/entity/Q38903,Universal Music Group,http://www.wikidata.org/entity/Q30,United States,
http://www.wikidata.org/entity/Q22043182,Send My Love (To Your New Lover),http://www.wikidata.org/entity/Q18637137,Kelsea Ballerini,performer,,,http://www.wikidata.org/entity/Q37073,pop music,http://www.wikidata.org/entity/Q1123947,XL Recordings,http://www.wikidata.org/entity/Q30,United States,
http://www.wikidata.org/entity/Q22043182,Send My Love (To Your New Lover),http://www.wikidata.org/entity/Q18637137,Kelsea Ballerini,performer,,,http://www.wikidata.org/entity/Q850412,contemporary R&B,http://www.wikidata.org/entity/Q1123947,XL Recordings,http://www.wikidata.org/entity/Q30,United States,
http://www.wikidata.org/entity/Q27814180,Yeah Boy,http://www.wikidata.org/entity/Q18637137,Kelsea Ballerini,performer,,,http://www.wikidata.org/entity/Q2280497,country pop,http://www.wikidata.org/entity/Q4921651,Black River Entertainment,http://www.wikidata.org/entity/Q30,United States,
http://www.wikidata.org/entity/Q28065870,Back To Me,http://www.wikidata.org/entity/Q18921974,Lauren Jauregui,performer,,,,,http://www.wikidata.org/entity/Q4413456,Republic Records,http://www.wikidata.org/entity/Q30,United States,
http://www.wikidata.org/entity/Q24718116,Wake Up,http://www.wikidata.org/entity/Q19361511,Fetty Wap,performer,,,,,http://www.wikidata.org/entity/Q16206954,300 Entertainment,http://www.wikidata.org/entity/Q30,United States,
http://www.wikidata.org/entity/Q23009038,Play,http://www.wikidata.org/entity/Q20528279,Jüri Pootsmann,performer,,,http://www.wikidata.org/entity/Q11366,alternative rock,http://www.wikidata.org/entity/Q38903,Universal Music Group,http://www.wikidata.org/entity/Q191,Estonia,
http://www.wikidata.org/entity/Q60462431,BDZ,http://www.wikidata.org/entity/Q20645861,Twice,performer,http://www.wikidata.org/entity/Q105099530,Twice singles discography,http://www.wikidata.org/entity/Q131578,J-pop,,,,,
http://www.wikidata.org/entity/Q28065870,Back To Me,http://www.wikidata.org/entity/Q20858093,Marian Hill,performer,,,,,http://www.wikidata.org/entity/Q4413456,Republic Records,,,
http://www.wikidata.org/entity/Q22075100,Exchange,http://www.wikidata.org/entity/Q21066641,Bryson Tiller,performer,,,http://www.wikidata.org/entity/Q850412,contemporary R&B,http://www.wikidata.org/entity/Q202585,RCA Records,http://www.wikidata.org/entity/Q30,United States,
http://www.wikidata.org/entity/Q22348215,Alter Ego,http://www.wikidata.org/entity/Q21334764,Minus One,performer,,,http://www.wikidata.org/entity/Q11366,alternative rock,,,,,
http://www.wikidata.org/entity/Q55522602,À l'ammoniaque,http://www.wikidata.org/entity/Q21403486,PNL,performer,,,http://www.wikidata.org/entity/Q138020,French hip-hop,,,,,
http://www.wikidata.org/entity/Q56373091,Fortepiano,http://www.wikidata.org/entity/Q21600244,Khrystyna Soloviy,performer,,,,,,,http://www.wikidata.org/entity/Q212,Ukraine,
http://www.wikidata.org/entity/Q57902053,Shkidlyva zvychka,http://www.wikidata.org/entity/Q21600244,Khrystyna Soloviy,performer,,,,,,,http://www.wikidata.org/entity/Q212,Ukraine,
http://www.wikidata.org/entity/Q28727766,Lions,http://www.wikidata.org/entity/Q21621948,Skip Marley,performer,,,,,http://www.wikidata.org/entity/Q190585,Island Records,http://www.wikidata.org/entity/Q766,Jamaica,
http://www.wikidata.org/entity/Q28735791,Occidentali's Karma,http://www.wikidata.org/entity/Q22695683,Francesco Gabbani,performer,,,http://www.wikidata.org/entity/Q188450,electropop,http://www.wikidata.org/entity/Q796316,BMG Rights Management,http://www.wikidata.org/entity/Q38,Italy,
http://www.wikidata.org/entity/Q23022307,Falling Stars,http://www.wikidata.org/entity/Q22964723,Lidia Isac,performer,,,http://www.wikidata.org/entity/Q37073,pop music,,,http://www.wikidata.org/entity/Q217,Moldova,
http://www.wikidata.org/entity/Q61352254,Perfect World,http://www.wikidata.org/entity/Q22955424,Maan de Steenwinkel,performer,,,http://www.wikidata.org/entity/Q211756,dance-pop,,,http://www.wikidata.org/entity/Q29999,Kingdom of the Netherlands,
http://www.wikidata.org/entity/Q61352254,Perfect World,http://www.wikidata.org/entity/Q22955424,Maan de Steenwinkel,performer,,,http://www.wikidata.org/entity/Q627906,electro house,,,http://www.wikidata.org/entity/Q29999,Kingdom of the Netherlands,
http://www.wikidata.org/entity/Q23022352,Goodbye,http://www.wikidata.org/entity/Q23009087,Sanja Vučić,performer,,,http://www.wikidata.org/entity/Q37073,pop music,http://www.wikidata.org/entity/Q38903,Universal Music Group,http://www.wikidata.org/entity/Q403,Serbia,
http://www.wikidata.org/entity/Q26878354,Trust Issues,http://www.wikidata.org/entity/Q23978275,Olivia O'Brien,performer,,,,,http://www.wikidata.org/entity/Q190585,Island Records,http://www.wikidata.org/entity/Q30,United States,
http://www.wikidata.org/entity/Q26904111,Root Beer Float,http://www.wikidata.org/entity/Q23978275,Olivia O'Brien,performer,,,,,http://www.wikidata.org/entity/Q190585,Island Records,http://www.wikidata.org/entity/Q30,United States,
http://www.wikidata.org/entity/Q27494307,Find What You're Looking For,http://www.wikidata.org/entity/Q23978275,Olivia O'Brien,performer,,,,,http://www.wikidata.org/entity/Q190585,Island Records,http://www.wikidata.org/entity/Q30,United States,
http://www.wikidata.org/entity/Q28792442,Empty,http://www.wikidata.org/entity/Q23978275,Olivia O'Brien,performer,,,http://www.wikidata.org/entity/Q37073,pop music,http://www.wikidata.org/entity/Q190585,Island Records,http://www.wikidata.org/entity/Q30,United States,
http://www.wikidata.org/entity/Q57779423,Faradenza,http://www.wikidata.org/entity/Q24261863,Little Big,performer,,,http://www.wikidata.org/entity/Q37073,pop music,,,,,
http://www.wikidata.org/entity/Q57779423,Faradenza,http://www.wikidata.org/entity/Q24261863,Little Big,performer,,,http://www.wikidata.org/entity/Q316930,dance music,,,,,
http://www.wikidata.org/entity/Q57779423,Faradenza,http://www.wikidata.org/entity/Q24261863,Little Big,performer,,,http://www.wikidata.org/entity/Q817138,electronica,,,,,
http://www.wikidata.org/entity/Q24451932,Don't You Cry For Me,http://www.wikidata.org/entity/Q24453071,Cobi,performer,,,,,http://www.wikidata.org/entity/Q16206954,300 Entertainment,http://www.wikidata.org/entity/Q30,United States,
http://www.wikidata.org/entity/Q27215307,Prophet Story,http://www.wikidata.org/entity/Q24453071,Cobi,performer,,,,,http://www.wikidata.org/entity/Q16206954,300 Entertainment,http://www.wikidata.org/entity/Q30,United States,
http://www.wikidata.org/entity/Q25444319,Spend It,http://www.wikidata.org/entity/Q24455037,Dae Dae,performer,,,,,http://www.wikidata.org/entity/Q16206954,300 Entertainment,http://www.wikidata.org/entity/Q30,United States,
http://www.wikidata.org/entity/Q26398558,Dej Loaf,http://www.wikidata.org/entity/Q24455037,Dae Dae,performer,,,,,,,http://www.wikidata.org/entity/Q30,United States,
http://www.wikidata.org/entity/Q26428816,Un homme debout,http://www.wikidata.org/entity/Q26214490,Claudio Capéo,performer,,,http://www.wikidata.org/entity/Q3328660,middle of the road,,,http://www.wikidata.org/entity/Q38,Italy,
http://www.wikidata.org/entity/Q26428816,Un homme debout,http://www.wikidata.org/entity/Q26214490,Claudio Capéo,performer,,,http://www.wikidata.org/entity/Q3328660,middle of the road,,,http://www.wikidata.org/entity/Q142,France,
http://www.wikidata.org/entity/Q27921626,Human,http://www.wikidata.org/entity/Q26834366,Rag'n'Bone Man,performer,,,http://www.wikidata.org/entity/Q9759,blues,http://www.wikidata.org/entity/Q183387,Columbia Records,http://www.wikidata.org/entity/Q145,United Kingdom,
http://www.wikidata.org/entity/Q27921626,Human,http://www.wikidata.org/entity/Q26834366,Rag'n'Bone Man,performer,,,http://www.wikidata.org/entity/Q11366,alternative rock,http://www.wikidata.org/entity/Q183387,Columbia Records,http://www.wikidata.org/entity/Q145,United Kingdom,
http://www.wikidata.org/entity/Q27921626,Human,http://www.wikidata.org/entity/Q26834366,Rag'n'Bone Man,performer,,,http://www.wikidata.org/entity/Q131272,soul,http://www.wikidata.org/entity/Q183387,Columbia Records,http://www.wikidata.org/entity/Q145,United Kingdom,
http://www.wikidata.org/entity/Q27921626,Human,http://www.wikidata.org/entity/Q26834366,Rag'n'Bone Man,performer,,,http://www.wikidata.org/entity/Q193355,blues rock,http://www.wikidata.org/entity/Q183387,Columbia Records,http://www.wikidata.org/entity/Q145,United Kingdom,
http://www.wikidata.org/entity/Q27921626,Human,http://www.wikidata.org/entity/Q26834366,Rag'n'Bone Man,performer,,,http://www.wikidata.org/entity/Q850412,contemporary R&B,http://www.wikidata.org/entity/Q183387,Columbia Records,http://www.wikidata.org/entity/Q145,United Kingdom,
http://www.wikidata.org/entity/Q27921626,Human,http://www.wikidata.org/entity/Q26834366,Rag'n'Bone Man,performer,,,http://www.wikidata.org/entity/Q9759,blues,http://www.wikidata.org/entity/Q56760250,Sony Music,http://www.wikidata.org/entity/Q145,United Kingdom,
http://www.wikidata.org/entity/Q27921626,Human,http://www.wikidata.org/entity/Q26834366,Rag'n'Bone Man,performer,,,http://www.wikidata.org/entity/Q11366,alternative rock,http://www.wikidata.org/entity/Q56760250,Sony Music,http://www.wikidata.org/entity/Q145,United Kingdom,
http://www.wikidata.org/entity/Q27921626,Human,http://www.wikidata.org/entity/Q26834366,Rag'n'Bone Man,performer,,,http://www.wikidata.org/entity/Q131272,soul,http://www.wikidata.org/entity/Q56760250,Sony Music,http://www.wikidata.org/entity/Q145,United Kingdom,
http://www.wikidata.org/entity/Q27921626,Human,http://www.wikidata.org/entity/Q26834366,Rag'n'Bone Man,performer,,,http://www.wikidata.org/entity/Q193355,blues rock,http://www.wikidata.org/entity/Q56760250,Sony Music,http://www.wikidata.org/entity/Q145,United Kingdom,
http://www.wikidata.org/entity/Q27921626,Human,http://www.wikidata.org/entity/Q26834366,Rag'n'Bone Man,performer,,,http://www.wikidata.org/entity/Q850412,contemporary R&B,http://www.wikidata.org/entity/Q56760250,Sony Music,http://www.wikidata.org/entity/Q145,United Kingdom,
http://www.wikidata.org/entity/Q28604377,Gravity,http://www.wikidata.org/entity/Q27492272,Hovig Demirjian,performer,,,http://www.wikidata.org/entity/Q188450,electropop,,,http://www.wikidata.org/entity/Q229,Cyprus,
http://www.wikidata.org/entity/Q28541626,Blackbird,http://www.wikidata.org/entity/Q27581209,Norma John,performer,,,http://www.wikidata.org/entity/Q842324,indie pop,http://www.wikidata.org/entity/Q183412,EMI,,,
http://www.wikidata.org/entity/Q27969420,Stay,http://www.wikidata.org/entity/Q27927241,Demo Taped,performer,,,,,http://www.wikidata.org/entity/Q16206954,300 Entertainment,http://www.wikidata.org/entity/Q30,United States,
http://www.wikidata.org/entity/Q27972924,Game On,http://www.wikidata.org/entity/Q27927241,Demo Taped,performer,,,,,http://www.wikidata.org/entity/Q16206954,300 Entertainment,http://www.wikidata.org/entity/Q30,United States,
http://www.wikidata.org/entity/Q28465474,Historyja majho žyccia,http://www.wikidata.org/entity/Q27928564,Naviband,performer,,,http://www.wikidata.org/entity/Q235858,traditional folk music,,,,,
http://www.wikidata.org/entity/Q28843315,Running on Air,http://www.wikidata.org/entity/Q28034884,Nathan Trent,performer,,,http://www.wikidata.org/entity/Q37073,pop music,,,http://www.wikidata.org/entity/Q40,Austria,
http://www.wikidata.org/entity/Q28073780,Space (Slavko Kalezić song),http://www.wikidata.org/entity/Q28070967,Slavko Kalezić,performer,,,http://www.wikidata.org/entity/Q37073,pop music,,,http://www.wikidata.org/entity/Q236,Montenegro,
http://www.wikidata.org/entity/Q28453007,You Don't Know Me,http://www.wikidata.org/entity/Q28071144,Raye,performer,http://www.wikidata.org/entity/Q74009899,Jax Jones singles discography,,,http://www.wikidata.org/entity/Q155152,Polydor,http://www.wikidata.org/entity/Q145,United Kingdom,
http://www.wikidata.org/entity/Q28453007,You Don't Know Me,http://www.wikidata.org/entity/Q28071144,Raye,performer,http://www.wikidata.org/entity/Q74014602,Raye singles discography,,,http://www.wikidata.org/entity/Q155152,Polydor,http://www.wikidata.org/entity/Q145,United Kingdom,
http://www.wikidata.org/entity/Q28599926,The Sweet Escape (Original Mix),http://www.wikidata.org/entity/Q28180252,DeepTouchSA,performer,,,http://www.wikidata.org/entity/Q20502,house music,http://www.wikidata.org/entity/Q28286546,Deep Elements Music Records,http://www.wikidata.org/entity/Q258,South Africa,
http://www.wikidata.org/entity/Q61020724,Tô Limpando Você da Minha Vida,http://www.wikidata.org/entity/Q28466350,Solange Almeida,performer,,,http://www.wikidata.org/entity/Q10283582,electronic forró,http://www.wikidata.org/entity/Q330629,Sony Music,http://www.wikidata.org/entity/Q155,Brazil,
http://www.wikidata.org/entity/Q28533322,Never Give Up on You,http://www.wikidata.org/entity/Q28533369,Lucie Jones,performer,,,http://www.wikidata.org/entity/Q37073,pop music,http://www.wikidata.org/entity/Q4796656,ArtPeople,http://www.wikidata.org/entity/Q145,United Kingdom,
http://www.wikidata.org/entity/Q28533322,Never Give Up on You,http://www.wikidata.org/entity/Q28533369,Lucie Jones,performer,,,http://www.wikidata.org/entity/Q37073,pop music,http://www.wikidata.org/entity/Q4796656,ArtPeople,http://www.wikidata.org/entity/Q183,Germany,
http://www.wikidata.org/entity/Q28535879,Apathy,http://www.wikidata.org/entity/Q28535262,Brayden McLellan,performer,,,,,,,http://www.wikidata.org/entity/Q30,United States,
http://www.wikidata.org/entity/Q57707716,Falling Down,http://www.wikidata.org/entity/Q28561969,XXXTentacion,performer,,,http://www.wikidata.org/entity/Q12362064,emo rap,http://www.wikidata.org/entity/Q183387,Columbia Records,http://www.wikidata.org/entity/Q30,United States,
http://www.wikidata.org/entity/Q28748073,Do It for Your Lover,http://www.wikidata.org/entity/Q28573952,Manel Navarro,performer,,,http://www.wikidata.org/entity/Q37073,pop music,http://www.wikidata.org/entity/Q330629,Sony Music,http://www.wikidata.org/entity/Q29,Spain,
http://www.wikidata.org/entity/Q28736800,Perfect Life,http://www.wikidata.org/entity/Q28593770,Levina,performer,,,http://www.wikidata.org/entity/Q37073,pop music,http://www.wikidata.org/entity/Q330629,Sony Music,http://www.wikidata.org/entity/Q183,Germany,
http://www.wikidata.org/entity/Q28660425,Apollo (Timebelle song),http://www.wikidata.org/entity/Q28659743,Timebelle,performer,,,http://www.wikidata.org/entity/Q37073,pop music,,,,,
http://www.wikidata.org/entity/Q28736384,Requiem,http://www.wikidata.org/entity/Q28736241,Alma,performer,,,http://www.wikidata.org/entity/Q1162954,French pop,http://www.wikidata.org/entity/Q21077,Warner Music Group,http://www.wikidata.org/entity/Q142,France,
http://www.wikidata.org/entity/Q28817635,My Turn (Martina Bárta song),http://www.wikidata.org/entity/Q28779459,Martina Barta,performer,,,,,http://www.wikidata.org/entity/Q38903,Universal Music Group,http://www.wikidata.org/entity/Q183,Germany,
http://www.wikidata.org/entity/Q28817635,My Turn (Martina Bárta song),http://www.wikidata.org/entity/Q28779459,Martina Barta,performer,,,,,http://www.wikidata.org/entity/Q38903,Universal Music Group,http://www.wikidata.org/entity/Q213,Czech Republic,
http://www.wikidata.org/entity/Q28883411,In Too Deep,http://www.wikidata.org/entity/Q28849470,Tijana Bogićević,performer,,,http://www.wikidata.org/entity/Q188450,electropop,http://www.wikidata.org/entity/Q38903,Universal Music Group,http://www.wikidata.org/entity/Q403,Serbia,
http://www.wikidata.org/entity/Q28874019,Yodel It!,http://www.wikidata.org/entity/Q28873419,Ilinca,performer,,,http://www.wikidata.org/entity/Q11399,rock music,,,http://www.wikidata.org/entity/Q218,Romania,
http://www.wikidata.org/entity/Q28874019,Yodel It!,http://www.wikidata.org/entity/Q28873419,Ilinca,performer,,,http://www.wikidata.org/entity/Q11401,hip-hop,,,http://www.wikidata.org/entity/Q218,Romania,
http://www.wikidata.org/entity/Q28874019,Yodel It!,http://www.wikidata.org/entity/Q28873419,Ilinca,performer,,,http://www.wikidata.org/entity/Q37073,pop music,,,http://www.wikidata.org/entity/Q218,Romania,
http://www.wikidata.org/entity/Q28874019,Yodel It!,http://www.wikidata.org/entity/Q28873663,Alex Florea,performer,,,http://www.wikidata.org/entity/Q11399,rock music,,,http://www.wikidata.org/entity/Q218,Romania,
http://www.wikidata.org/entity/Q28874019,Yodel It!,http://www.wikidata.org/entity/Q28873663,Alex Florea,performer,,,http://www.wikidata.org/entity/Q11401,hip-hop,,,http://www.wikidata.org/entity/Q218,Romania,
http://www.wikidata.org/entity/Q28874019,Yodel It!,http://www.wikidata.org/entity/Q28873663,Alex Florea,performer,,,http://www.wikidata.org/entity/Q37073,pop music,,,http://www.wikidata.org/entity/Q218,Romania,
http://www.wikidata.org/entity/Q28933739,Rain of Revolution,http://www.wikidata.org/entity/Q28929856,Fusedmarc,performer,,,http://www.wikidata.org/entity/Q37073,pop music,http://www.wikidata.org/entity/Q38903,Universal Music Group,http://www.wikidata.org/entity/Q37,Lithuania,
http://www.wikidata.org/entity/Q57707716,Falling Down,http://www.wikidata.org/entity/Q29388200,Lil Peep,performer,,,http://www.wikidata.org/entity/Q12362064,emo rap,http://www.wikidata.org/entity/Q183387,Columbia Records,http://www.wikidata.org/entity/Q30,United States,
http://www.wikidata.org/entity/Q57707716,Falling Down,http://www.wikidata.org/entity/Q29388200,Lil Peep,performer,,,http://www.wikidata.org/entity/Q12362064,emo rap,http://www.wikidata.org/entity/Q183387,Columbia Records,http://www.wikidata.org/entity/Q34,Sweden,
http://www.wikidata.org/entity/Q59312670,Come Out and Play,http://www.wikidata.org/entity/Q29564107,Billie Eilish,performer,,,http://www.wikidata.org/entity/Q37073,pop music,http://www.wikidata.org/entity/Q231694,Interscope Records,http://www.wikidata.org/entity/Q30,United States,
http://www.wikidata.org/entity/Q59772811,Bitches Broken Hearts,http://www.wikidata.org/entity/Q29564107,Billie Eilish,performer,,,http://www.wikidata.org/entity/Q850412,contemporary R&B,http://www.wikidata.org/entity/Q231694,Interscope Records,http://www.wikidata.org/entity/Q30,United States,
http://www.wikidata.org/entity/Q57711739,Close to Me,http://www.wikidata.org/entity/Q30103025,Swae Lee,performer,,,,,http://www.wikidata.org/entity/Q155152,Polydor,http://www.wikidata.org/entity/Q30,United States,
http://www.wikidata.org/entity/Q55696828,Embrace The World With You,http://www.wikidata.org/entity/Q30947410,I-WANT STAR POWER,performer,,,,,,,,,
http://www.wikidata.org/entity/Q60458752,Copines,http://www.wikidata.org/entity/Q37793136,Aya Nakamura,performer,,,http://www.wikidata.org/entity/Q138020,French hip-hop,http://www.wikidata.org/entity/Q208909,Parlophone,http://www.wikidata.org/entity/Q142,France,
http://www.wikidata.org/entity/Q60458752,Copines,http://www.wikidata.org/entity/Q37793136,Aya Nakamura,performer,,,http://www.wikidata.org/entity/Q138020,French hip-hop,http://www.wikidata.org/entity/Q3566342,Warner Music France,http://www.wikidata.org/entity/Q142,France,
http://www.wikidata.org/entity/Q60458752,Copines,http://www.wikidata.org/entity/Q37793136,Aya Nakamura,performer,,,http://www.wikidata.org/entity/Q138020,French hip-hop,http://www.wikidata.org/entity/Q55599293,Rec. 118,http://www.wikidata.org/entity/Q142,France,
http://www.wikidata.org/entity/Q60458752,Copines,http://www.wikidata.org/entity/Q37793136,Aya Nakamura,performer,,,http://www.wikidata.org/entity/Q138020,French hip-hop,http://www.wikidata.org/entity/Q208909,Parlophone,http://www.wikidata.org/entity/Q912,Mali,
http://www.wikidata.org/entity/Q60458752,Copines,http://www.wikidata.org/entity/Q37793136,Aya Nakamura,performer,,,http://www.wikidata.org/entity/Q138020,French hip-hop,http://www.wikidata.org/entity/Q3566342,Warner Music France,http://www.wikidata.org/entity/Q912,Mali,
http://www.wikidata.org/entity/Q60458752,Copines,http://www.wikidata.org/entity/Q37793136,Aya Nakamura,performer,,,http://www.wikidata.org/entity/Q138020,French hip-hop,http://www.wikidata.org/entity/Q55599293,Rec. 118,http://www.wikidata.org/entity/Q912,Mali,
http://www.wikidata.org/entity/Q55598477,Mamacita,http://www.wikidata.org/entity/Q41789930,Ninho,performer,,,http://www.wikidata.org/entity/Q138020,French hip-hop,http://www.wikidata.org/entity/Q208909,Parlophone,http://www.wikidata.org/entity/Q142,France,
http://www.wikidata.org/entity/Q52712823,Bob Marley,http://www.wikidata.org/entity/Q43251682,Dadju,performer,,,http://www.wikidata.org/entity/Q37073,pop music,http://www.wikidata.org/entity/Q155152,Polydor,http://www.wikidata.org/entity/Q142,France,
http://www.wikidata.org/entity/Q52712823,Bob Marley,http://www.wikidata.org/entity/Q43251682,Dadju,performer,,,http://www.wikidata.org/entity/Q850412,contemporary R&B,http://www.wikidata.org/entity/Q155152,Polydor,http://www.wikidata.org/entity/Q142,France,
http://www.wikidata.org/entity/Q52712823,Bob Marley,http://www.wikidata.org/entity/Q43251682,Dadju,performer,,,http://www.wikidata.org/entity/Q37073,pop music,http://www.wikidata.org/entity/Q155152,Polydor,http://www.wikidata.org/entity/Q974,Democratic Republic of the Congo,
http://www.wikidata.org/entity/Q52712823,Bob Marley,http://www.wikidata.org/entity/Q43251682,Dadju,performer,,,http://www.wikidata.org/entity/Q850412,contemporary R&B,http://www.wikidata.org/entity/Q155152,Polydor,http://www.wikidata.org/entity/Q974,Democratic Republic of the Congo,
http://www.wikidata.org/entity/Q60754222,Mama,http://www.wikidata.org/entity/Q44479972,6ix9ine,performer,http://www.wikidata.org/entity/Q59247684,Dummy Boy,,,,,http://www.wikidata.org/entity/Q30,United States,
http://www.wikidata.org/entity/Q55955462,It's Not Over,http://www.wikidata.org/entity/Q45059763,Curtis Harding,performer,,,http://www.wikidata.org/entity/Q131272,soul,http://www.wikidata.org/entity/Q295794,Anti-,http://www.wikidata.org/entity/Q30,United States,
http://www.wikidata.org/entity/Q55955462,It's Not Over,http://www.wikidata.org/entity/Q45059763,Curtis Harding,performer,,,http://www.wikidata.org/entity/Q131272,soul,http://www.wikidata.org/entity/Q726153,Epitaph Records,http://www.wikidata.org/entity/Q30,United States,
http://www.wikidata.org/entity/Q56290399,Envolvimento,http://www.wikidata.org/entity/Q48635167,MC Loma,performer,,,http://www.wikidata.org/entity/Q2863648,arrocha,,,http://www.wikidata.org/entity/Q155,Brazil,
http://www.wikidata.org/entity/Q56290399,Envolvimento,http://www.wikidata.org/entity/Q48635167,MC Loma,performer,,,http://www.wikidata.org/entity/Q97278139,brega funk,,,http://www.wikidata.org/entity/Q155,Brazil,
http://www.wikidata.org/entity/Q53542766,Nekkoya,http://www.wikidata.org/entity/Q48928667,Produce 48,performer,,,,,http://www.wikidata.org/entity/Q483971,Stone Music Entertainment,,,
http://www.wikidata.org/entity/Q60664490,Pop/Stars,http://www.wikidata.org/entity/Q51885404,I-dle,performer,,,http://www.wikidata.org/entity/Q37073,pop music,http://www.wikidata.org/entity/Q1060165,Riot Games,,,
http://www.wikidata.org/entity/Q60664490,Pop/Stars,http://www.wikidata.org/entity/Q51885404,I-dle,performer,,,http://www.wikidata.org/entity/Q2913982,trap music,http://www.wikidata.org/entity/Q1060165,Riot Games,,,
http://www.wikidata.org/entity/Q60664490,Pop/Stars,http://www.wikidata.org/entity/Q53225665,Jaira Burns,performer,,,http://www.wikidata.org/entity/Q37073,pop music,http://www.wikidata.org/entity/Q1060165,Riot Games,http://www.wikidata.org/entity/Q30,United States,
http://www.wikidata.org/entity/Q60664490,Pop/Stars,http://www.wikidata.org/entity/Q53225665,Jaira Burns,performer,,,http://www.wikidata.org/entity/Q2913982,trap music,http://www.wikidata.org/entity/Q1060165,Riot Games,http://www.wikidata.org/entity/Q30,United States,
http://www.wikidata.org/entity/Q56707496,Calorie,http://www.wikidata.org/entity/Q55181877,Rocket Girls 101,performer,,,http://www.wikidata.org/entity/Q973150,mandopop,,,,,
http://www.wikidata.org/entity/Q4896803,Best Shot,http://www.wikidata.org/entity/Q55584464,Jimmie Allen,performer,,,http://www.wikidata.org/entity/Q83440,country music,http://www.wikidata.org/entity/Q4973330,BBR Music Group,http://www.wikidata.org/entity/Q30,United States,
http://www.wikidata.org/entity/Q55517250,IDK About You,http://www.wikidata.org/entity/Q55662676,Fever Ray,performer,,,http://www.wikidata.org/entity/Q5466607,footwork,http://www.wikidata.org/entity/Q283584,Rabid Records,,,
http://www.wikidata.org/entity/Q56145725,Lost Without You,http://www.wikidata.org/entity/Q55956247,Freya Ridings,performer,,,,,http://www.wikidata.org/entity/Q193023,Capitol Records,http://www.wikidata.org/entity/Q145,United Kingdom,
http://www.wikidata.org/entity/Q56298967,Cordula Grün,http://www.wikidata.org/entity/Q56072559,Josh.,performer,,,http://www.wikidata.org/entity/Q805130,ballade,,,http://www.wikidata.org/entity/Q40,Austria,
http://www.wikidata.org/entity/Q56677230,Sugar Daddy,http://www.wikidata.org/entity/Q56339101,Allen King,performer,,,http://www.wikidata.org/entity/Q188450,electropop,,,http://www.wikidata.org/entity/Q29,Spain,
http://www.wikidata.org/entity/Q56651047,Zombie,http://www.wikidata.org/entity/Q56609980,ZILIOT,performer,,,http://www.wikidata.org/entity/Q2913982,trap music,,,http://www.wikidata.org/entity/Q414,Argentina,
http://www.wikidata.org/entity/Q56651047,Zombie,http://www.wikidata.org/entity/Q56651100,Farisha,performer,,,http://www.wikidata.org/entity/Q2913982,trap music,,,,,
http://www.wikidata.org/entity/Q56278279,Learn To Meow,http://www.wikidata.org/entity/Q58323139,Xiao Panpan,performer,,,http://www.wikidata.org/entity/Q973150,mandopop,http://www.wikidata.org/entity/Q10318606,Linfair Records,http://www.wikidata.org/entity/Q148,People's Republic of China,
http://www.wikidata.org/entity/Q56278279,Learn To Meow,http://www.wikidata.org/entity/Q59420301,Cheney. F,performer,,,http://www.wikidata.org/entity/Q973150,mandopop,http://www.wikidata.org/entity/Q10318606,Linfair Records,http://www.wikidata.org/entity/Q148,People's Republic of China,
http://www.wikidata.org/entity/Q60595366,Maturidade,http://www.wikidata.org/entity/Q60332257,Ávine Vinny,performer,,,,,http://www.wikidata.org/entity/Q330629,Sony Music,http://www.wikidata.org/entity/Q155,Brazil,
http://www.wikidata.org/entity/Q61020724,Tô Limpando Você da Minha Vida,http://www.wikidata.org/entity/Q60332257,Ávine Vinny,performer,,,http://www.wikidata.org/entity/Q10283582,electronic forró,http://www.wikidata.org/entity/Q330629,Sony Music,http://www.wikidata.org/entity/Q155,Brazil,
http://www.wikidata.org/entity/Q918493,Skyscraper,http://www.wikidata.org/entity/Q61888708,Joseph Sraka,performer,,,http://www.wikidata.org/entity/Q37073,pop music,http://www.wikidata.org/entity/Q387539,Hollywood Records,http://www.wikidata.org/entity/Q215,Slovenia,
http://www.wikidata.org/entity/Q60664490,Pop/Stars,http://www.wikidata.org/entity/Q65061223,K/DA,performer,,,http://www.wikidata.org/entity/Q37073,pop music,http://www.wikidata.org/entity/Q1060165,Riot Games,,,
http://www.wikidata.org/entity/Q60664490,Pop/Stars,http://www.wikidata.org/entity/Q65061223,K/DA,performer,,,http://www.wikidata.org/entity/Q2913982,trap music,http://www.wikidata.org/entity/Q1060165,Riot Games,,,
http://www.wikidata.org/entity/Q56677230,Sugar Daddy,http://www.wikidata.org/entity/Q110821306,Pol Prince,performer,,,http://www.wikidata.org/entity/Q188450,electropop,,,http://www.wikidata.org/entity/Q29,Spain,
http://www.wikidata.org/entity/Q56290399,Envolvimento,http://www.wikidata.org/entity/Q115367878,MC Loma e As Gêmeas Lacração,performer,,,http://www.wikidata.org/entity/Q2863648,arrocha,,,,,
http://www.wikidata.org/entity/Q56290399,Envolvimento,http://www.wikidata.org/entity/Q115367878,MC Loma e As Gêmeas Lacração,performer,,,http://www.wikidata.org/entity/Q97278139,brega funk,,,,,
http://www.wikidata.org/entity/Q3489314,Q3489314,http://www.wikidata.org/entity/Q135656065,Q135656065,performer,,,http://www.wikidata.org/entity/Q188450,electropop,,,http://www.wikidata.org/entity/Q142,France,
